ISO-10303-21;
HEADER;
/* Generated by software containing ST-Developer
 * from STEP Tools, Inc. (www.steptools.com) 
 */

FILE_DESCRIPTION(
/* description */ (''),
/* implementation_level */ '2;1');

FILE_NAME(
/* name */ 'BackPlates.step',
/* time_stamp */ '2026-04-16T17:25:14-04:00',
/* author */ (''),
/* organization */ (''),
/* preprocessor_version */ 'ST-DEVELOPER v20.1',
/* originating_system */ 'Autodesk Translation Framework v14.24.0.0',
/* authorisation */ '');

FILE_SCHEMA (('AUTOMOTIVE_DESIGN { 1 0 10303 214 3 1 1 }'));
ENDSEC;

DATA;
#10=MECHANICAL_DESIGN_GEOMETRIC_PRESENTATION_REPRESENTATION('',(#31,#32,
#33,#34),#3492);
#11=ITEM_DEFINED_TRANSFORMATION($,$,#2056,#2301);
#12=ITEM_DEFINED_TRANSFORMATION($,$,#2215,#2302);
#13=ITEM_DEFINED_TRANSFORMATION($,$,#2259,#2303);
#14=(
REPRESENTATION_RELATIONSHIP($,$,#3512,#3511)
REPRESENTATION_RELATIONSHIP_WITH_TRANSFORMATION(#11)
SHAPE_REPRESENTATION_RELATIONSHIP()
);
#15=(
REPRESENTATION_RELATIONSHIP($,$,#3513,#3511)
REPRESENTATION_RELATIONSHIP_WITH_TRANSFORMATION(#12)
SHAPE_REPRESENTATION_RELATIONSHIP()
);
#16=(
REPRESENTATION_RELATIONSHIP($,$,#3514,#3511)
REPRESENTATION_RELATIONSHIP_WITH_TRANSFORMATION(#13)
SHAPE_REPRESENTATION_RELATIONSHIP()
);
#17=CONTEXT_DEPENDENT_SHAPE_REPRESENTATION(#14,#3508);
#18=CONTEXT_DEPENDENT_SHAPE_REPRESENTATION(#15,#3509);
#19=CONTEXT_DEPENDENT_SHAPE_REPRESENTATION(#16,#3510);
#20=NEXT_ASSEMBLY_USAGE_OCCURRENCE('Component3:1','Component3:1',
'Component3:1',#3516,#3517,'Component3:1');
#21=NEXT_ASSEMBLY_USAGE_OCCURRENCE('Component4:1','Component4:1',
'Component4:1',#3516,#3518,'Component4:1');
#22=NEXT_ASSEMBLY_USAGE_OCCURRENCE('Component5:1','Component5:1',
'Component5:1',#3516,#3519,'Component5:1');
#23=SHAPE_REPRESENTATION_RELATIONSHIP('SRR','None',#3512,#27);
#24=SHAPE_REPRESENTATION_RELATIONSHIP('SRR','None',#3513,#28);
#25=SHAPE_REPRESENTATION_RELATIONSHIP('SRR','None',#3514,#29);
#26=SHAPE_REPRESENTATION_RELATIONSHIP('SRR','None',#3511,#30);
#27=ADVANCED_BREP_SHAPE_REPRESENTATION('',(#35),#3489);
#28=ADVANCED_BREP_SHAPE_REPRESENTATION('',(#36),#3490);
#29=ADVANCED_BREP_SHAPE_REPRESENTATION('',(#37),#3491);
#30=ADVANCED_BREP_SHAPE_REPRESENTATION('',(#38),#3488);
#31=STYLED_ITEM('',(#3535),#35);
#32=STYLED_ITEM('',(#3535),#36);
#33=STYLED_ITEM('',(#3535),#37);
#34=STYLED_ITEM('',(#3535),#38);
#35=MANIFOLD_SOLID_BREP('Body1',#2017);
#36=MANIFOLD_SOLID_BREP('Body1',#2018);
#37=MANIFOLD_SOLID_BREP('Body1',#2019);
#38=MANIFOLD_SOLID_BREP('Body7',#2020);
#39=FACE_BOUND('',#268,.T.);
#40=FACE_BOUND('',#269,.T.);
#41=FACE_BOUND('',#270,.T.);
#42=FACE_BOUND('',#271,.T.);
#43=FACE_BOUND('',#272,.T.);
#44=FACE_BOUND('',#273,.T.);
#45=FACE_BOUND('',#274,.T.);
#46=FACE_BOUND('',#275,.T.);
#47=FACE_BOUND('',#276,.T.);
#48=FACE_BOUND('',#277,.T.);
#49=FACE_BOUND('',#278,.T.);
#50=FACE_BOUND('',#279,.T.);
#51=FACE_BOUND('',#280,.T.);
#52=FACE_BOUND('',#281,.T.);
#53=FACE_BOUND('',#282,.T.);
#54=FACE_BOUND('',#283,.T.);
#55=FACE_BOUND('',#284,.T.);
#56=FACE_BOUND('',#285,.T.);
#57=FACE_BOUND('',#286,.T.);
#58=FACE_BOUND('',#287,.T.);
#59=FACE_BOUND('',#288,.T.);
#60=FACE_BOUND('',#289,.T.);
#61=FACE_BOUND('',#290,.T.);
#62=FACE_BOUND('',#291,.T.);
#63=FACE_BOUND('',#292,.T.);
#64=FACE_BOUND('',#293,.T.);
#65=FACE_BOUND('',#294,.T.);
#66=FACE_BOUND('',#295,.T.);
#67=FACE_BOUND('',#296,.T.);
#68=FACE_BOUND('',#297,.T.);
#69=FACE_BOUND('',#298,.T.);
#70=FACE_BOUND('',#299,.T.);
#71=FACE_BOUND('',#300,.T.);
#72=FACE_BOUND('',#301,.T.);
#73=FACE_BOUND('',#302,.T.);
#74=FACE_BOUND('',#303,.T.);
#75=FACE_BOUND('',#304,.T.);
#76=FACE_BOUND('',#305,.T.);
#77=FACE_BOUND('',#306,.T.);
#78=FACE_BOUND('',#308,.T.);
#79=FACE_BOUND('',#309,.T.);
#80=FACE_BOUND('',#310,.T.);
#81=FACE_BOUND('',#311,.T.);
#82=FACE_BOUND('',#312,.T.);
#83=FACE_BOUND('',#313,.T.);
#84=FACE_BOUND('',#314,.T.);
#85=FACE_BOUND('',#315,.T.);
#86=FACE_BOUND('',#316,.T.);
#87=FACE_BOUND('',#317,.T.);
#88=FACE_BOUND('',#318,.T.);
#89=FACE_BOUND('',#319,.T.);
#90=FACE_BOUND('',#320,.T.);
#91=FACE_BOUND('',#321,.T.);
#92=FACE_BOUND('',#322,.T.);
#93=FACE_BOUND('',#323,.T.);
#94=FACE_BOUND('',#324,.T.);
#95=FACE_BOUND('',#325,.T.);
#96=FACE_BOUND('',#326,.T.);
#97=FACE_BOUND('',#327,.T.);
#98=FACE_BOUND('',#328,.T.);
#99=FACE_BOUND('',#329,.T.);
#100=FACE_BOUND('',#330,.T.);
#101=FACE_BOUND('',#331,.T.);
#102=FACE_BOUND('',#332,.T.);
#103=FACE_BOUND('',#333,.T.);
#104=FACE_BOUND('',#334,.T.);
#105=FACE_BOUND('',#335,.T.);
#106=FACE_BOUND('',#336,.T.);
#107=FACE_BOUND('',#337,.T.);
#108=FACE_BOUND('',#338,.T.);
#109=FACE_BOUND('',#339,.T.);
#110=FACE_BOUND('',#340,.T.);
#111=FACE_BOUND('',#341,.T.);
#112=FACE_BOUND('',#342,.T.);
#113=FACE_BOUND('',#343,.T.);
#114=FACE_BOUND('',#344,.T.);
#115=FACE_BOUND('',#345,.T.);
#116=FACE_BOUND('',#346,.T.);
#117=FACE_BOUND('',#419,.T.);
#118=FACE_BOUND('',#420,.T.);
#119=FACE_BOUND('',#421,.T.);
#120=FACE_BOUND('',#422,.T.);
#121=FACE_BOUND('',#423,.T.);
#122=FACE_BOUND('',#424,.T.);
#123=FACE_BOUND('',#425,.T.);
#124=FACE_BOUND('',#427,.T.);
#125=FACE_BOUND('',#428,.T.);
#126=FACE_BOUND('',#429,.T.);
#127=FACE_BOUND('',#430,.T.);
#128=FACE_BOUND('',#431,.T.);
#129=FACE_BOUND('',#432,.T.);
#130=FACE_BOUND('',#433,.T.);
#131=FACE_BOUND('',#447,.T.);
#132=FACE_BOUND('',#448,.T.);
#133=FACE_BOUND('',#449,.T.);
#134=FACE_BOUND('',#450,.T.);
#135=FACE_BOUND('',#452,.T.);
#136=FACE_BOUND('',#453,.T.);
#137=FACE_BOUND('',#454,.T.);
#138=FACE_BOUND('',#455,.T.);
#139=PLANE('',#2069);
#140=PLANE('',#2115);
#141=PLANE('',#2162);
#142=PLANE('',#2165);
#143=PLANE('',#2167);
#144=PLANE('',#2204);
#145=PLANE('',#2206);
#146=PLANE('',#2208);
#147=PLANE('',#2210);
#148=PLANE('',#2212);
#149=PLANE('',#2214);
#150=PLANE('',#2237);
#151=PLANE('',#2241);
#152=PLANE('',#2245);
#153=PLANE('',#2249);
#154=PLANE('',#2253);
#155=PLANE('',#2257);
#156=PLANE('',#2258);
#157=PLANE('',#2275);
#158=PLANE('',#2279);
#159=PLANE('',#2283);
#160=PLANE('',#2287);
#161=PLANE('',#2288);
#162=PLANE('',#2289);
#163=PLANE('',#2290);
#164=PLANE('',#2294);
#165=FACE_OUTER_BOUND('',#263,.T.);
#166=FACE_OUTER_BOUND('',#264,.T.);
#167=FACE_OUTER_BOUND('',#265,.T.);
#168=FACE_OUTER_BOUND('',#266,.T.);
#169=FACE_OUTER_BOUND('',#267,.T.);
#170=FACE_OUTER_BOUND('',#307,.T.);
#171=FACE_OUTER_BOUND('',#347,.T.);
#172=FACE_OUTER_BOUND('',#348,.T.);
#173=FACE_OUTER_BOUND('',#349,.T.);
#174=FACE_OUTER_BOUND('',#350,.T.);
#175=FACE_OUTER_BOUND('',#351,.T.);
#176=FACE_OUTER_BOUND('',#352,.T.);
#177=FACE_OUTER_BOUND('',#353,.T.);
#178=FACE_OUTER_BOUND('',#354,.T.);
#179=FACE_OUTER_BOUND('',#355,.T.);
#180=FACE_OUTER_BOUND('',#356,.T.);
#181=FACE_OUTER_BOUND('',#357,.T.);
#182=FACE_OUTER_BOUND('',#358,.T.);
#183=FACE_OUTER_BOUND('',#359,.T.);
#184=FACE_OUTER_BOUND('',#360,.T.);
#185=FACE_OUTER_BOUND('',#361,.T.);
#186=FACE_OUTER_BOUND('',#362,.T.);
#187=FACE_OUTER_BOUND('',#363,.T.);
#188=FACE_OUTER_BOUND('',#364,.T.);
#189=FACE_OUTER_BOUND('',#365,.T.);
#190=FACE_OUTER_BOUND('',#366,.T.);
#191=FACE_OUTER_BOUND('',#367,.T.);
#192=FACE_OUTER_BOUND('',#368,.T.);
#193=FACE_OUTER_BOUND('',#369,.T.);
#194=FACE_OUTER_BOUND('',#370,.T.);
#195=FACE_OUTER_BOUND('',#371,.T.);
#196=FACE_OUTER_BOUND('',#372,.T.);
#197=FACE_OUTER_BOUND('',#373,.T.);
#198=FACE_OUTER_BOUND('',#374,.T.);
#199=FACE_OUTER_BOUND('',#375,.T.);
#200=FACE_OUTER_BOUND('',#376,.T.);
#201=FACE_OUTER_BOUND('',#377,.T.);
#202=FACE_OUTER_BOUND('',#378,.T.);
#203=FACE_OUTER_BOUND('',#379,.T.);
#204=FACE_OUTER_BOUND('',#380,.T.);
#205=FACE_OUTER_BOUND('',#381,.T.);
#206=FACE_OUTER_BOUND('',#382,.T.);
#207=FACE_OUTER_BOUND('',#383,.T.);
#208=FACE_OUTER_BOUND('',#384,.T.);
#209=FACE_OUTER_BOUND('',#385,.T.);
#210=FACE_OUTER_BOUND('',#386,.T.);
#211=FACE_OUTER_BOUND('',#387,.T.);
#212=FACE_OUTER_BOUND('',#388,.T.);
#213=FACE_OUTER_BOUND('',#389,.T.);
#214=FACE_OUTER_BOUND('',#390,.T.);
#215=FACE_OUTER_BOUND('',#391,.T.);
#216=FACE_OUTER_BOUND('',#392,.T.);
#217=FACE_OUTER_BOUND('',#393,.T.);
#218=FACE_OUTER_BOUND('',#394,.T.);
#219=FACE_OUTER_BOUND('',#395,.T.);
#220=FACE_OUTER_BOUND('',#396,.T.);
#221=FACE_OUTER_BOUND('',#397,.T.);
#222=FACE_OUTER_BOUND('',#398,.T.);
#223=FACE_OUTER_BOUND('',#399,.T.);
#224=FACE_OUTER_BOUND('',#400,.T.);
#225=FACE_OUTER_BOUND('',#401,.T.);
#226=FACE_OUTER_BOUND('',#402,.T.);
#227=FACE_OUTER_BOUND('',#403,.T.);
#228=FACE_OUTER_BOUND('',#404,.T.);
#229=FACE_OUTER_BOUND('',#405,.T.);
#230=FACE_OUTER_BOUND('',#406,.T.);
#231=FACE_OUTER_BOUND('',#407,.T.);
#232=FACE_OUTER_BOUND('',#408,.T.);
#233=FACE_OUTER_BOUND('',#409,.T.);
#234=FACE_OUTER_BOUND('',#410,.T.);
#235=FACE_OUTER_BOUND('',#411,.T.);
#236=FACE_OUTER_BOUND('',#412,.T.);
#237=FACE_OUTER_BOUND('',#413,.T.);
#238=FACE_OUTER_BOUND('',#414,.T.);
#239=FACE_OUTER_BOUND('',#415,.T.);
#240=FACE_OUTER_BOUND('',#416,.T.);
#241=FACE_OUTER_BOUND('',#417,.T.);
#242=FACE_OUTER_BOUND('',#418,.T.);
#243=FACE_OUTER_BOUND('',#426,.T.);
#244=FACE_OUTER_BOUND('',#434,.T.);
#245=FACE_OUTER_BOUND('',#435,.T.);
#246=FACE_OUTER_BOUND('',#436,.T.);
#247=FACE_OUTER_BOUND('',#437,.T.);
#248=FACE_OUTER_BOUND('',#438,.T.);
#249=FACE_OUTER_BOUND('',#439,.T.);
#250=FACE_OUTER_BOUND('',#440,.T.);
#251=FACE_OUTER_BOUND('',#441,.T.);
#252=FACE_OUTER_BOUND('',#442,.T.);
#253=FACE_OUTER_BOUND('',#443,.T.);
#254=FACE_OUTER_BOUND('',#444,.T.);
#255=FACE_OUTER_BOUND('',#445,.T.);
#256=FACE_OUTER_BOUND('',#446,.T.);
#257=FACE_OUTER_BOUND('',#451,.T.);
#258=FACE_OUTER_BOUND('',#456,.T.);
#259=FACE_OUTER_BOUND('',#457,.T.);
#260=FACE_OUTER_BOUND('',#458,.T.);
#261=FACE_OUTER_BOUND('',#459,.T.);
#262=FACE_OUTER_BOUND('',#460,.T.);
#263=EDGE_LOOP('',(#1307,#1308,#1309,#1310));
#264=EDGE_LOOP('',(#1311,#1312,#1313,#1314));
#265=EDGE_LOOP('',(#1315,#1316,#1317,#1318));
#266=EDGE_LOOP('',(#1319,#1320,#1321,#1322));
#267=EDGE_LOOP('',(#1323,#1324,#1325,#1326,#1327,#1328,#1329,#1330,#1331,
#1332,#1333,#1334,#1335,#1336,#1337,#1338,#1339,#1340,#1341));
#268=EDGE_LOOP('',(#1342));
#269=EDGE_LOOP('',(#1343));
#270=EDGE_LOOP('',(#1344));
#271=EDGE_LOOP('',(#1345));
#272=EDGE_LOOP('',(#1346));
#273=EDGE_LOOP('',(#1347));
#274=EDGE_LOOP('',(#1348));
#275=EDGE_LOOP('',(#1349));
#276=EDGE_LOOP('',(#1350));
#277=EDGE_LOOP('',(#1351));
#278=EDGE_LOOP('',(#1352));
#279=EDGE_LOOP('',(#1353));
#280=EDGE_LOOP('',(#1354));
#281=EDGE_LOOP('',(#1355));
#282=EDGE_LOOP('',(#1356));
#283=EDGE_LOOP('',(#1357));
#284=EDGE_LOOP('',(#1358));
#285=EDGE_LOOP('',(#1359));
#286=EDGE_LOOP('',(#1360));
#287=EDGE_LOOP('',(#1361));
#288=EDGE_LOOP('',(#1362));
#289=EDGE_LOOP('',(#1363));
#290=EDGE_LOOP('',(#1364));
#291=EDGE_LOOP('',(#1365));
#292=EDGE_LOOP('',(#1366));
#293=EDGE_LOOP('',(#1367));
#294=EDGE_LOOP('',(#1368));
#295=EDGE_LOOP('',(#1369));
#296=EDGE_LOOP('',(#1370));
#297=EDGE_LOOP('',(#1371));
#298=EDGE_LOOP('',(#1372));
#299=EDGE_LOOP('',(#1373));
#300=EDGE_LOOP('',(#1374));
#301=EDGE_LOOP('',(#1375));
#302=EDGE_LOOP('',(#1376));
#303=EDGE_LOOP('',(#1377));
#304=EDGE_LOOP('',(#1378));
#305=EDGE_LOOP('',(#1379));
#306=EDGE_LOOP('',(#1380));
#307=EDGE_LOOP('',(#1381,#1382,#1383,#1384,#1385,#1386,#1387,#1388,#1389,
#1390,#1391,#1392,#1393,#1394,#1395,#1396,#1397,#1398,#1399));
#308=EDGE_LOOP('',(#1400));
#309=EDGE_LOOP('',(#1401));
#310=EDGE_LOOP('',(#1402));
#311=EDGE_LOOP('',(#1403));
#312=EDGE_LOOP('',(#1404));
#313=EDGE_LOOP('',(#1405));
#314=EDGE_LOOP('',(#1406));
#315=EDGE_LOOP('',(#1407));
#316=EDGE_LOOP('',(#1408));
#317=EDGE_LOOP('',(#1409));
#318=EDGE_LOOP('',(#1410));
#319=EDGE_LOOP('',(#1411));
#320=EDGE_LOOP('',(#1412));
#321=EDGE_LOOP('',(#1413));
#322=EDGE_LOOP('',(#1414));
#323=EDGE_LOOP('',(#1415));
#324=EDGE_LOOP('',(#1416));
#325=EDGE_LOOP('',(#1417));
#326=EDGE_LOOP('',(#1418));
#327=EDGE_LOOP('',(#1419));
#328=EDGE_LOOP('',(#1420));
#329=EDGE_LOOP('',(#1421));
#330=EDGE_LOOP('',(#1422));
#331=EDGE_LOOP('',(#1423));
#332=EDGE_LOOP('',(#1424));
#333=EDGE_LOOP('',(#1425));
#334=EDGE_LOOP('',(#1426));
#335=EDGE_LOOP('',(#1427));
#336=EDGE_LOOP('',(#1428));
#337=EDGE_LOOP('',(#1429));
#338=EDGE_LOOP('',(#1430));
#339=EDGE_LOOP('',(#1431));
#340=EDGE_LOOP('',(#1432));
#341=EDGE_LOOP('',(#1433));
#342=EDGE_LOOP('',(#1434));
#343=EDGE_LOOP('',(#1435));
#344=EDGE_LOOP('',(#1436));
#345=EDGE_LOOP('',(#1437));
#346=EDGE_LOOP('',(#1438));
#347=EDGE_LOOP('',(#1439,#1440,#1441,#1442));
#348=EDGE_LOOP('',(#1443,#1444,#1445,#1446));
#349=EDGE_LOOP('',(#1447,#1448,#1449,#1450));
#350=EDGE_LOOP('',(#1451,#1452,#1453,#1454));
#351=EDGE_LOOP('',(#1455,#1456,#1457,#1458));
#352=EDGE_LOOP('',(#1459,#1460,#1461,#1462));
#353=EDGE_LOOP('',(#1463,#1464,#1465,#1466));
#354=EDGE_LOOP('',(#1467,#1468,#1469,#1470));
#355=EDGE_LOOP('',(#1471,#1472,#1473,#1474));
#356=EDGE_LOOP('',(#1475,#1476,#1477,#1478));
#357=EDGE_LOOP('',(#1479,#1480,#1481,#1482));
#358=EDGE_LOOP('',(#1483,#1484,#1485,#1486));
#359=EDGE_LOOP('',(#1487,#1488,#1489,#1490));
#360=EDGE_LOOP('',(#1491,#1492,#1493,#1494));
#361=EDGE_LOOP('',(#1495,#1496,#1497,#1498));
#362=EDGE_LOOP('',(#1499,#1500,#1501,#1502));
#363=EDGE_LOOP('',(#1503,#1504,#1505,#1506));
#364=EDGE_LOOP('',(#1507,#1508,#1509,#1510));
#365=EDGE_LOOP('',(#1511,#1512,#1513,#1514));
#366=EDGE_LOOP('',(#1515,#1516,#1517,#1518));
#367=EDGE_LOOP('',(#1519,#1520,#1521,#1522));
#368=EDGE_LOOP('',(#1523,#1524,#1525,#1526));
#369=EDGE_LOOP('',(#1527,#1528,#1529,#1530));
#370=EDGE_LOOP('',(#1531,#1532,#1533,#1534));
#371=EDGE_LOOP('',(#1535,#1536,#1537,#1538));
#372=EDGE_LOOP('',(#1539,#1540,#1541,#1542));
#373=EDGE_LOOP('',(#1543,#1544,#1545,#1546));
#374=EDGE_LOOP('',(#1547,#1548,#1549,#1550));
#375=EDGE_LOOP('',(#1551,#1552,#1553,#1554));
#376=EDGE_LOOP('',(#1555,#1556,#1557,#1558));
#377=EDGE_LOOP('',(#1559,#1560,#1561,#1562));
#378=EDGE_LOOP('',(#1563,#1564,#1565,#1566));
#379=EDGE_LOOP('',(#1567,#1568,#1569,#1570));
#380=EDGE_LOOP('',(#1571,#1572,#1573,#1574));
#381=EDGE_LOOP('',(#1575,#1576,#1577,#1578));
#382=EDGE_LOOP('',(#1579,#1580,#1581,#1582));
#383=EDGE_LOOP('',(#1583,#1584,#1585,#1586));
#384=EDGE_LOOP('',(#1587,#1588,#1589,#1590));
#385=EDGE_LOOP('',(#1591,#1592,#1593,#1594));
#386=EDGE_LOOP('',(#1595,#1596,#1597,#1598));
#387=EDGE_LOOP('',(#1599,#1600,#1601,#1602));
#388=EDGE_LOOP('',(#1603,#1604,#1605,#1606));
#389=EDGE_LOOP('',(#1607,#1608,#1609,#1610));
#390=EDGE_LOOP('',(#1611,#1612,#1613,#1614));
#391=EDGE_LOOP('',(#1615,#1616,#1617,#1618));
#392=EDGE_LOOP('',(#1619,#1620,#1621,#1622));
#393=EDGE_LOOP('',(#1623,#1624,#1625,#1626));
#394=EDGE_LOOP('',(#1627,#1628,#1629,#1630));
#395=EDGE_LOOP('',(#1631,#1632,#1633,#1634));
#396=EDGE_LOOP('',(#1635,#1636,#1637,#1638));
#397=EDGE_LOOP('',(#1639,#1640,#1641,#1642));
#398=EDGE_LOOP('',(#1643,#1644,#1645,#1646));
#399=EDGE_LOOP('',(#1647,#1648,#1649,#1650));
#400=EDGE_LOOP('',(#1651,#1652,#1653,#1654));
#401=EDGE_LOOP('',(#1655,#1656,#1657,#1658));
#402=EDGE_LOOP('',(#1659,#1660,#1661,#1662));
#403=EDGE_LOOP('',(#1663,#1664,#1665,#1666));
#404=EDGE_LOOP('',(#1667,#1668,#1669,#1670));
#405=EDGE_LOOP('',(#1671,#1672,#1673,#1674));
#406=EDGE_LOOP('',(#1675,#1676,#1677,#1678));
#407=EDGE_LOOP('',(#1679,#1680,#1681,#1682));
#408=EDGE_LOOP('',(#1683,#1684,#1685,#1686));
#409=EDGE_LOOP('',(#1687,#1688,#1689,#1690));
#410=EDGE_LOOP('',(#1691,#1692,#1693,#1694));
#411=EDGE_LOOP('',(#1695,#1696,#1697,#1698));
#412=EDGE_LOOP('',(#1699,#1700,#1701,#1702));
#413=EDGE_LOOP('',(#1703,#1704,#1705,#1706));
#414=EDGE_LOOP('',(#1707,#1708,#1709,#1710));
#415=EDGE_LOOP('',(#1711,#1712,#1713,#1714));
#416=EDGE_LOOP('',(#1715,#1716,#1717,#1718));
#417=EDGE_LOOP('',(#1719,#1720,#1721,#1722));
#418=EDGE_LOOP('',(#1723,#1724,#1725,#1726,#1727,#1728,#1729,#1730,#1731,
#1732));
#419=EDGE_LOOP('',(#1733));
#420=EDGE_LOOP('',(#1734));
#421=EDGE_LOOP('',(#1735));
#422=EDGE_LOOP('',(#1736));
#423=EDGE_LOOP('',(#1737));
#424=EDGE_LOOP('',(#1738));
#425=EDGE_LOOP('',(#1739));
#426=EDGE_LOOP('',(#1740,#1741,#1742,#1743,#1744,#1745,#1746,#1747,#1748,
#1749));
#427=EDGE_LOOP('',(#1750));
#428=EDGE_LOOP('',(#1751));
#429=EDGE_LOOP('',(#1752));
#430=EDGE_LOOP('',(#1753));
#431=EDGE_LOOP('',(#1754));
#432=EDGE_LOOP('',(#1755));
#433=EDGE_LOOP('',(#1756));
#434=EDGE_LOOP('',(#1757,#1758,#1759,#1760));
#435=EDGE_LOOP('',(#1761,#1762,#1763,#1764));
#436=EDGE_LOOP('',(#1765,#1766,#1767,#1768));
#437=EDGE_LOOP('',(#1769,#1770,#1771,#1772));
#438=EDGE_LOOP('',(#1773,#1774,#1775,#1776));
#439=EDGE_LOOP('',(#1777,#1778,#1779,#1780));
#440=EDGE_LOOP('',(#1781,#1782,#1783,#1784));
#441=EDGE_LOOP('',(#1785,#1786,#1787,#1788));
#442=EDGE_LOOP('',(#1789,#1790,#1791,#1792));
#443=EDGE_LOOP('',(#1793,#1794,#1795,#1796));
#444=EDGE_LOOP('',(#1797,#1798,#1799,#1800));
#445=EDGE_LOOP('',(#1801,#1802,#1803,#1804));
#446=EDGE_LOOP('',(#1805,#1806,#1807,#1808,#1809,#1810,#1811,#1812));
#447=EDGE_LOOP('',(#1813));
#448=EDGE_LOOP('',(#1814));
#449=EDGE_LOOP('',(#1815));
#450=EDGE_LOOP('',(#1816));
#451=EDGE_LOOP('',(#1817,#1818,#1819,#1820,#1821,#1822,#1823,#1824));
#452=EDGE_LOOP('',(#1825));
#453=EDGE_LOOP('',(#1826));
#454=EDGE_LOOP('',(#1827));
#455=EDGE_LOOP('',(#1828));
#456=EDGE_LOOP('',(#1829,#1830,#1831));
#457=EDGE_LOOP('',(#1832,#1833,#1834));
#458=EDGE_LOOP('',(#1835,#1836,#1837,#1838));
#459=EDGE_LOOP('',(#1839,#1840,#1841,#1842));
#460=EDGE_LOOP('',(#1843,#1844,#1845,#1846));
#461=LINE('',#2934,#587);
#462=LINE('',#2940,#588);
#463=LINE('',#2946,#589);
#464=LINE('',#2952,#590);
#465=LINE('',#2961,#591);
#466=LINE('',#2965,#592);
#467=LINE('',#2969,#593);
#468=LINE('',#2973,#594);
#469=LINE('',#2977,#595);
#470=LINE('',#2981,#596);
#471=LINE('',#2985,#597);
#472=LINE('',#2989,#598);
#473=LINE('',#2992,#599);
#474=LINE('',#3068,#600);
#475=LINE('',#3072,#601);
#476=LINE('',#3076,#602);
#477=LINE('',#3080,#603);
#478=LINE('',#3084,#604);
#479=LINE('',#3088,#605);
#480=LINE('',#3092,#606);
#481=LINE('',#3096,#607);
#482=LINE('',#3100,#608);
#483=LINE('',#3173,#609);
#484=LINE('',#3174,#610);
#485=LINE('',#3176,#611);
#486=LINE('',#3178,#612);
#487=LINE('',#3180,#613);
#488=LINE('',#3181,#614);
#489=LINE('',#3183,#615);
#490=LINE('',#3185,#616);
#491=LINE('',#3186,#617);
#492=LINE('',#3188,#618);
#493=LINE('',#3190,#619);
#494=LINE('',#3192,#620);
#495=LINE('',#3194,#621);
#496=LINE('',#3196,#622);
#497=LINE('',#3198,#623);
#498=LINE('',#3200,#624);
#499=LINE('',#3202,#625);
#500=LINE('',#3204,#626);
#501=LINE('',#3206,#627);
#502=LINE('',#3208,#628);
#503=LINE('',#3210,#629);
#504=LINE('',#3212,#630);
#505=LINE('',#3214,#631);
#506=LINE('',#3216,#632);
#507=LINE('',#3218,#633);
#508=LINE('',#3220,#634);
#509=LINE('',#3222,#635);
#510=LINE('',#3224,#636);
#511=LINE('',#3226,#637);
#512=LINE('',#3228,#638);
#513=LINE('',#3230,#639);
#514=LINE('',#3232,#640);
#515=LINE('',#3234,#641);
#516=LINE('',#3236,#642);
#517=LINE('',#3238,#643);
#518=LINE('',#3240,#644);
#519=LINE('',#3242,#645);
#520=LINE('',#3244,#646);
#521=LINE('',#3246,#647);
#522=LINE('',#3248,#648);
#523=LINE('',#3250,#649);
#524=LINE('',#3252,#650);
#525=LINE('',#3254,#651);
#526=LINE('',#3256,#652);
#527=LINE('',#3258,#653);
#528=LINE('',#3260,#654);
#529=LINE('',#3262,#655);
#530=LINE('',#3264,#656);
#531=LINE('',#3266,#657);
#532=LINE('',#3268,#658);
#533=LINE('',#3270,#659);
#534=LINE('',#3273,#660);
#535=LINE('',#3276,#661);
#536=LINE('',#3278,#662);
#537=LINE('',#3285,#663);
#538=LINE('',#3291,#664);
#539=LINE('',#3297,#665);
#540=LINE('',#3303,#666);
#541=LINE('',#3309,#667);
#542=LINE('',#3315,#668);
#543=LINE('',#3321,#669);
#544=LINE('',#3326,#670);
#545=LINE('',#3328,#671);
#546=LINE('',#3330,#672);
#547=LINE('',#3331,#673);
#548=LINE('',#3337,#674);
#549=LINE('',#3340,#675);
#550=LINE('',#3342,#676);
#551=LINE('',#3343,#677);
#552=LINE('',#3349,#678);
#553=LINE('',#3352,#679);
#554=LINE('',#3354,#680);
#555=LINE('',#3355,#681);
#556=LINE('',#3361,#682);
#557=LINE('',#3364,#683);
#558=LINE('',#3366,#684);
#559=LINE('',#3367,#685);
#560=LINE('',#3373,#686);
#561=LINE('',#3376,#687);
#562=LINE('',#3378,#688);
#563=LINE('',#3379,#689);
#564=LINE('',#3390,#690);
#565=LINE('',#3396,#691);
#566=LINE('',#3402,#692);
#567=LINE('',#3408,#693);
#568=LINE('',#3415,#694);
#569=LINE('',#3418,#695);
#570=LINE('',#3421,#696);
#571=LINE('',#3423,#697);
#572=LINE('',#3424,#698);
#573=LINE('',#3430,#699);
#574=LINE('',#3433,#700);
#575=LINE('',#3435,#701);
#576=LINE('',#3436,#702);
#577=LINE('',#3442,#703);
#578=LINE('',#3445,#704);
#579=LINE('',#3447,#705);
#580=LINE('',#3448,#706);
#581=LINE('',#3454,#707);
#582=LINE('',#3456,#708);
#583=LINE('',#3457,#709);
#584=LINE('',#3475,#710);
#585=LINE('',#3476,#711);
#586=LINE('',#3478,#712);
#587=VECTOR('',#2312,0.0890000000000001);
#588=VECTOR('',#2319,0.089);
#589=VECTOR('',#2326,0.089);
#590=VECTOR('',#2333,0.089);
#591=VECTOR('',#2342,0.393700787401575);
#592=VECTOR('',#2345,0.393700787401575);
#593=VECTOR('',#2348,0.393700787401575);
#594=VECTOR('',#2351,0.393700787401575);
#595=VECTOR('',#2354,0.393700787401575);
#596=VECTOR('',#2357,0.393700787401575);
#597=VECTOR('',#2360,0.393700787401575);
#598=VECTOR('',#2363,0.393700787401575);
#599=VECTOR('',#2366,0.393700787401575);
#600=VECTOR('',#2441,0.393700787401575);
#601=VECTOR('',#2444,0.393700787401575);
#602=VECTOR('',#2447,0.393700787401575);
#603=VECTOR('',#2450,0.393700787401575);
#604=VECTOR('',#2453,0.393700787401575);
#605=VECTOR('',#2456,0.393700787401575);
#606=VECTOR('',#2459,0.393700787401575);
#607=VECTOR('',#2462,0.393700787401575);
#608=VECTOR('',#2465,0.393700787401575);
#609=VECTOR('',#2540,0.393700787401575);
#610=VECTOR('',#2541,0.393700787401575);
#611=VECTOR('',#2544,0.393700787401575);
#612=VECTOR('',#2547,0.393700787401575);
#613=VECTOR('',#2550,0.393700787401575);
#614=VECTOR('',#2551,0.393700787401575);
#615=VECTOR('',#2554,0.393700787401575);
#616=VECTOR('',#2557,0.393700787401575);
#617=VECTOR('',#2558,0.393700787401575);
#618=VECTOR('',#2561,0.393700787401575);
#619=VECTOR('',#2564,0.089);
#620=VECTOR('',#2567,0.0890000000000001);
#621=VECTOR('',#2570,0.0889999999999999);
#622=VECTOR('',#2573,0.089);
#623=VECTOR('',#2576,0.089);
#624=VECTOR('',#2579,0.0890000000000001);
#625=VECTOR('',#2582,0.0890000000000001);
#626=VECTOR('',#2585,0.089);
#627=VECTOR('',#2588,0.0890000000000001);
#628=VECTOR('',#2591,0.089);
#629=VECTOR('',#2594,0.089);
#630=VECTOR('',#2597,0.089);
#631=VECTOR('',#2600,0.0890000000000001);
#632=VECTOR('',#2603,0.089);
#633=VECTOR('',#2606,0.089);
#634=VECTOR('',#2609,0.0890000000000001);
#635=VECTOR('',#2612,0.0890000000000001);
#636=VECTOR('',#2615,0.089);
#637=VECTOR('',#2618,0.089);
#638=VECTOR('',#2621,0.0889999999999999);
#639=VECTOR('',#2624,0.089);
#640=VECTOR('',#2627,0.0890000000000001);
#641=VECTOR('',#2630,0.0890000000000001);
#642=VECTOR('',#2633,0.0890000000000001);
#643=VECTOR('',#2636,0.089);
#644=VECTOR('',#2639,0.0890000000000001);
#645=VECTOR('',#2642,0.0890000000000001);
#646=VECTOR('',#2645,0.089);
#647=VECTOR('',#2648,0.0889999999999999);
#648=VECTOR('',#2651,0.089);
#649=VECTOR('',#2654,0.0890000000000001);
#650=VECTOR('',#2657,0.0890000000000001);
#651=VECTOR('',#2660,0.0890000000000001);
#652=VECTOR('',#2663,0.089);
#653=VECTOR('',#2666,0.0890000000000001);
#654=VECTOR('',#2669,0.393700787401575);
#655=VECTOR('',#2672,0.393700787401575);
#656=VECTOR('',#2675,0.393700787401575);
#657=VECTOR('',#2678,0.393700787401575);
#658=VECTOR('',#2681,0.393700787401575);
#659=VECTOR('',#2684,0.393700787401575);
#660=VECTOR('',#2689,0.393700787401575);
#661=VECTOR('',#2694,0.393700787401575);
#662=VECTOR('',#2697,0.393700787401575);
#663=VECTOR('',#2706,0.0890000000000001);
#664=VECTOR('',#2713,0.089);
#665=VECTOR('',#2720,0.089);
#666=VECTOR('',#2727,0.0890000000000001);
#667=VECTOR('',#2734,0.0890000000000001);
#668=VECTOR('',#2741,0.0889999999999999);
#669=VECTOR('',#2748,0.089);
#670=VECTOR('',#2753,0.393700787401575);
#671=VECTOR('',#2754,0.393700787401575);
#672=VECTOR('',#2755,0.393700787401575);
#673=VECTOR('',#2756,0.393700787401575);
#674=VECTOR('',#2763,0.393700787401575);
#675=VECTOR('',#2766,0.393700787401575);
#676=VECTOR('',#2767,0.393700787401575);
#677=VECTOR('',#2768,0.393700787401575);
#678=VECTOR('',#2775,0.393700787401575);
#679=VECTOR('',#2778,0.393700787401575);
#680=VECTOR('',#2779,0.393700787401575);
#681=VECTOR('',#2780,0.393700787401575);
#682=VECTOR('',#2787,0.393700787401575);
#683=VECTOR('',#2790,0.393700787401575);
#684=VECTOR('',#2791,0.393700787401575);
#685=VECTOR('',#2792,0.393700787401575);
#686=VECTOR('',#2799,0.393700787401575);
#687=VECTOR('',#2802,0.393700787401575);
#688=VECTOR('',#2803,0.393700787401575);
#689=VECTOR('',#2804,0.393700787401575);
#690=VECTOR('',#2821,0.089);
#691=VECTOR('',#2828,0.089);
#692=VECTOR('',#2835,0.0890000000000001);
#693=VECTOR('',#2842,0.089);
#694=VECTOR('',#2849,0.393700787401575);
#695=VECTOR('',#2852,0.393700787401575);
#696=VECTOR('',#2855,0.393700787401575);
#697=VECTOR('',#2856,0.393700787401575);
#698=VECTOR('',#2857,0.393700787401575);
#699=VECTOR('',#2864,0.393700787401575);
#700=VECTOR('',#2867,0.393700787401575);
#701=VECTOR('',#2868,0.393700787401575);
#702=VECTOR('',#2869,0.393700787401575);
#703=VECTOR('',#2876,0.393700787401575);
#704=VECTOR('',#2879,0.393700787401575);
#705=VECTOR('',#2880,0.393700787401575);
#706=VECTOR('',#2881,0.393700787401575);
#707=VECTOR('',#2888,0.393700787401575);
#708=VECTOR('',#2891,0.393700787401575);
#709=VECTOR('',#2892,0.393700787401575);
#710=VECTOR('',#2915,0.393700787401575);
#711=VECTOR('',#2916,0.393700787401575);
#712=VECTOR('',#2919,0.393700787401575);
#713=CIRCLE('',#2058,0.0890000000000001);
#714=CIRCLE('',#2059,0.0890000000000001);
#715=CIRCLE('',#2061,0.089);
#716=CIRCLE('',#2062,0.089);
#717=CIRCLE('',#2064,0.089);
#718=CIRCLE('',#2065,0.089);
#719=CIRCLE('',#2067,0.089);
#720=CIRCLE('',#2068,0.089);
#721=CIRCLE('',#2070,0.15);
#722=CIRCLE('',#2071,0.25);
#723=CIRCLE('',#2072,0.25);
#724=CIRCLE('',#2073,0.25);
#725=CIRCLE('',#2074,0.178);
#726=CIRCLE('',#2075,0.5);
#727=CIRCLE('',#2076,0.178);
#728=CIRCLE('',#2077,0.5);
#729=CIRCLE('',#2078,0.178);
#730=CIRCLE('',#2079,0.15);
#731=CIRCLE('',#2080,0.089);
#732=CIRCLE('',#2081,0.0890000000000001);
#733=CIRCLE('',#2082,0.0889999999999999);
#734=CIRCLE('',#2083,0.089);
#735=CIRCLE('',#2084,0.089);
#736=CIRCLE('',#2085,0.0890000000000001);
#737=CIRCLE('',#2086,0.0890000000000001);
#738=CIRCLE('',#2087,0.089);
#739=CIRCLE('',#2088,0.0890000000000001);
#740=CIRCLE('',#2089,0.089);
#741=CIRCLE('',#2090,0.089);
#742=CIRCLE('',#2091,0.089);
#743=CIRCLE('',#2092,0.0890000000000001);
#744=CIRCLE('',#2093,0.089);
#745=CIRCLE('',#2094,0.089);
#746=CIRCLE('',#2095,0.0890000000000001);
#747=CIRCLE('',#2096,0.0890000000000001);
#748=CIRCLE('',#2097,0.089);
#749=CIRCLE('',#2098,0.089);
#750=CIRCLE('',#2099,0.0889999999999999);
#751=CIRCLE('',#2100,0.089);
#752=CIRCLE('',#2101,0.0890000000000001);
#753=CIRCLE('',#2102,0.0890000000000001);
#754=CIRCLE('',#2103,0.0890000000000001);
#755=CIRCLE('',#2104,0.089);
#756=CIRCLE('',#2105,0.0890000000000001);
#757=CIRCLE('',#2106,0.0890000000000001);
#758=CIRCLE('',#2107,0.089);
#759=CIRCLE('',#2108,0.0889999999999999);
#760=CIRCLE('',#2109,0.089);
#761=CIRCLE('',#2110,0.0890000000000001);
#762=CIRCLE('',#2111,0.0890000000000001);
#763=CIRCLE('',#2112,0.0890000000000001);
#764=CIRCLE('',#2113,0.089);
#765=CIRCLE('',#2114,0.0890000000000001);
#766=CIRCLE('',#2116,0.15);
#767=CIRCLE('',#2117,0.15);
#768=CIRCLE('',#2118,0.178);
#769=CIRCLE('',#2119,0.5);
#770=CIRCLE('',#2120,0.178);
#771=CIRCLE('',#2121,0.5);
#772=CIRCLE('',#2122,0.178);
#773=CIRCLE('',#2123,0.25);
#774=CIRCLE('',#2124,0.25);
#775=CIRCLE('',#2125,0.25);
#776=CIRCLE('',#2126,0.089);
#777=CIRCLE('',#2127,0.0890000000000001);
#778=CIRCLE('',#2128,0.0889999999999999);
#779=CIRCLE('',#2129,0.089);
#780=CIRCLE('',#2130,0.089);
#781=CIRCLE('',#2131,0.0890000000000001);
#782=CIRCLE('',#2132,0.0890000000000001);
#783=CIRCLE('',#2133,0.089);
#784=CIRCLE('',#2134,0.0890000000000001);
#785=CIRCLE('',#2135,0.089);
#786=CIRCLE('',#2136,0.089);
#787=CIRCLE('',#2137,0.089);
#788=CIRCLE('',#2138,0.0890000000000001);
#789=CIRCLE('',#2139,0.089);
#790=CIRCLE('',#2140,0.089);
#791=CIRCLE('',#2141,0.0890000000000001);
#792=CIRCLE('',#2142,0.0890000000000001);
#793=CIRCLE('',#2143,0.089);
#794=CIRCLE('',#2144,0.089);
#795=CIRCLE('',#2145,0.0889999999999999);
#796=CIRCLE('',#2146,0.089);
#797=CIRCLE('',#2147,0.0890000000000001);
#798=CIRCLE('',#2148,0.0890000000000001);
#799=CIRCLE('',#2149,0.0890000000000001);
#800=CIRCLE('',#2150,0.089);
#801=CIRCLE('',#2151,0.0890000000000001);
#802=CIRCLE('',#2152,0.0890000000000001);
#803=CIRCLE('',#2153,0.089);
#804=CIRCLE('',#2154,0.0889999999999999);
#805=CIRCLE('',#2155,0.089);
#806=CIRCLE('',#2156,0.0890000000000001);
#807=CIRCLE('',#2157,0.0890000000000001);
#808=CIRCLE('',#2158,0.0890000000000001);
#809=CIRCLE('',#2159,0.089);
#810=CIRCLE('',#2160,0.0890000000000001);
#811=CIRCLE('',#2217,0.0890000000000001);
#812=CIRCLE('',#2218,0.0890000000000001);
#813=CIRCLE('',#2220,0.089);
#814=CIRCLE('',#2221,0.089);
#815=CIRCLE('',#2223,0.089);
#816=CIRCLE('',#2224,0.089);
#817=CIRCLE('',#2226,0.0890000000000001);
#818=CIRCLE('',#2227,0.0890000000000001);
#819=CIRCLE('',#2229,0.0890000000000001);
#820=CIRCLE('',#2230,0.0890000000000001);
#821=CIRCLE('',#2232,0.0889999999999999);
#822=CIRCLE('',#2233,0.0889999999999999);
#823=CIRCLE('',#2235,0.089);
#824=CIRCLE('',#2236,0.089);
#825=CIRCLE('',#2239,0.25);
#826=CIRCLE('',#2240,0.25);
#827=CIRCLE('',#2243,0.25);
#828=CIRCLE('',#2244,0.25);
#829=CIRCLE('',#2247,0.25);
#830=CIRCLE('',#2248,0.25);
#831=CIRCLE('',#2251,0.25);
#832=CIRCLE('',#2252,0.25);
#833=CIRCLE('',#2255,0.25);
#834=CIRCLE('',#2256,0.25);
#835=CIRCLE('',#2261,0.089);
#836=CIRCLE('',#2262,0.089);
#837=CIRCLE('',#2264,0.089);
#838=CIRCLE('',#2265,0.089);
#839=CIRCLE('',#2267,0.0890000000000001);
#840=CIRCLE('',#2268,0.0890000000000001);
#841=CIRCLE('',#2270,0.089);
#842=CIRCLE('',#2271,0.089);
#843=CIRCLE('',#2273,0.25);
#844=CIRCLE('',#2274,0.25);
#845=CIRCLE('',#2277,0.25);
#846=CIRCLE('',#2278,0.25);
#847=CIRCLE('',#2281,0.25);
#848=CIRCLE('',#2282,0.25);
#849=CIRCLE('',#2285,0.25);
#850=CIRCLE('',#2286,0.25);
#851=CIRCLE('',#2291,0.728011012162011);
#852=CIRCLE('',#2292,0.824621151440736);
#853=CIRCLE('',#2293,2.4622144925743);
#854=CIRCLE('',#2295,0.728011012162011);
#855=CIRCLE('',#2296,2.4622144925743);
#856=CIRCLE('',#2297,0.824621151440736);
#857=VERTEX_POINT('',#2931);
#858=VERTEX_POINT('',#2933);
#859=VERTEX_POINT('',#2937);
#860=VERTEX_POINT('',#2939);
#861=VERTEX_POINT('',#2943);
#862=VERTEX_POINT('',#2945);
#863=VERTEX_POINT('',#2949);
#864=VERTEX_POINT('',#2951);
#865=VERTEX_POINT('',#2955);
#866=VERTEX_POINT('',#2956);
#867=VERTEX_POINT('',#2958);
#868=VERTEX_POINT('',#2960);
#869=VERTEX_POINT('',#2962);
#870=VERTEX_POINT('',#2964);
#871=VERTEX_POINT('',#2966);
#872=VERTEX_POINT('',#2968);
#873=VERTEX_POINT('',#2970);
#874=VERTEX_POINT('',#2972);
#875=VERTEX_POINT('',#2974);
#876=VERTEX_POINT('',#2976);
#877=VERTEX_POINT('',#2978);
#878=VERTEX_POINT('',#2980);
#879=VERTEX_POINT('',#2982);
#880=VERTEX_POINT('',#2984);
#881=VERTEX_POINT('',#2986);
#882=VERTEX_POINT('',#2988);
#883=VERTEX_POINT('',#2990);
#884=VERTEX_POINT('',#2993);
#885=VERTEX_POINT('',#2995);
#886=VERTEX_POINT('',#2997);
#887=VERTEX_POINT('',#2999);
#888=VERTEX_POINT('',#3001);
#889=VERTEX_POINT('',#3003);
#890=VERTEX_POINT('',#3005);
#891=VERTEX_POINT('',#3007);
#892=VERTEX_POINT('',#3009);
#893=VERTEX_POINT('',#3011);
#894=VERTEX_POINT('',#3013);
#895=VERTEX_POINT('',#3015);
#896=VERTEX_POINT('',#3017);
#897=VERTEX_POINT('',#3019);
#898=VERTEX_POINT('',#3021);
#899=VERTEX_POINT('',#3023);
#900=VERTEX_POINT('',#3025);
#901=VERTEX_POINT('',#3027);
#902=VERTEX_POINT('',#3029);
#903=VERTEX_POINT('',#3031);
#904=VERTEX_POINT('',#3033);
#905=VERTEX_POINT('',#3035);
#906=VERTEX_POINT('',#3037);
#907=VERTEX_POINT('',#3039);
#908=VERTEX_POINT('',#3041);
#909=VERTEX_POINT('',#3043);
#910=VERTEX_POINT('',#3045);
#911=VERTEX_POINT('',#3047);
#912=VERTEX_POINT('',#3049);
#913=VERTEX_POINT('',#3051);
#914=VERTEX_POINT('',#3053);
#915=VERTEX_POINT('',#3055);
#916=VERTEX_POINT('',#3057);
#917=VERTEX_POINT('',#3059);
#918=VERTEX_POINT('',#3061);
#919=VERTEX_POINT('',#3064);
#920=VERTEX_POINT('',#3065);
#921=VERTEX_POINT('',#3067);
#922=VERTEX_POINT('',#3069);
#923=VERTEX_POINT('',#3071);
#924=VERTEX_POINT('',#3073);
#925=VERTEX_POINT('',#3075);
#926=VERTEX_POINT('',#3077);
#927=VERTEX_POINT('',#3079);
#928=VERTEX_POINT('',#3081);
#929=VERTEX_POINT('',#3083);
#930=VERTEX_POINT('',#3085);
#931=VERTEX_POINT('',#3087);
#932=VERTEX_POINT('',#3089);
#933=VERTEX_POINT('',#3091);
#934=VERTEX_POINT('',#3093);
#935=VERTEX_POINT('',#3095);
#936=VERTEX_POINT('',#3097);
#937=VERTEX_POINT('',#3099);
#938=VERTEX_POINT('',#3102);
#939=VERTEX_POINT('',#3104);
#940=VERTEX_POINT('',#3106);
#941=VERTEX_POINT('',#3108);
#942=VERTEX_POINT('',#3110);
#943=VERTEX_POINT('',#3112);
#944=VERTEX_POINT('',#3114);
#945=VERTEX_POINT('',#3116);
#946=VERTEX_POINT('',#3118);
#947=VERTEX_POINT('',#3120);
#948=VERTEX_POINT('',#3122);
#949=VERTEX_POINT('',#3124);
#950=VERTEX_POINT('',#3126);
#951=VERTEX_POINT('',#3128);
#952=VERTEX_POINT('',#3130);
#953=VERTEX_POINT('',#3132);
#954=VERTEX_POINT('',#3134);
#955=VERTEX_POINT('',#3136);
#956=VERTEX_POINT('',#3138);
#957=VERTEX_POINT('',#3140);
#958=VERTEX_POINT('',#3142);
#959=VERTEX_POINT('',#3144);
#960=VERTEX_POINT('',#3146);
#961=VERTEX_POINT('',#3148);
#962=VERTEX_POINT('',#3150);
#963=VERTEX_POINT('',#3152);
#964=VERTEX_POINT('',#3154);
#965=VERTEX_POINT('',#3156);
#966=VERTEX_POINT('',#3158);
#967=VERTEX_POINT('',#3160);
#968=VERTEX_POINT('',#3162);
#969=VERTEX_POINT('',#3164);
#970=VERTEX_POINT('',#3166);
#971=VERTEX_POINT('',#3168);
#972=VERTEX_POINT('',#3170);
#973=VERTEX_POINT('',#3282);
#974=VERTEX_POINT('',#3284);
#975=VERTEX_POINT('',#3288);
#976=VERTEX_POINT('',#3290);
#977=VERTEX_POINT('',#3294);
#978=VERTEX_POINT('',#3296);
#979=VERTEX_POINT('',#3300);
#980=VERTEX_POINT('',#3302);
#981=VERTEX_POINT('',#3306);
#982=VERTEX_POINT('',#3308);
#983=VERTEX_POINT('',#3312);
#984=VERTEX_POINT('',#3314);
#985=VERTEX_POINT('',#3318);
#986=VERTEX_POINT('',#3320);
#987=VERTEX_POINT('',#3324);
#988=VERTEX_POINT('',#3325);
#989=VERTEX_POINT('',#3327);
#990=VERTEX_POINT('',#3329);
#991=VERTEX_POINT('',#3333);
#992=VERTEX_POINT('',#3335);
#993=VERTEX_POINT('',#3339);
#994=VERTEX_POINT('',#3341);
#995=VERTEX_POINT('',#3345);
#996=VERTEX_POINT('',#3347);
#997=VERTEX_POINT('',#3351);
#998=VERTEX_POINT('',#3353);
#999=VERTEX_POINT('',#3357);
#1000=VERTEX_POINT('',#3359);
#1001=VERTEX_POINT('',#3363);
#1002=VERTEX_POINT('',#3365);
#1003=VERTEX_POINT('',#3369);
#1004=VERTEX_POINT('',#3371);
#1005=VERTEX_POINT('',#3375);
#1006=VERTEX_POINT('',#3377);
#1007=VERTEX_POINT('',#3387);
#1008=VERTEX_POINT('',#3389);
#1009=VERTEX_POINT('',#3393);
#1010=VERTEX_POINT('',#3395);
#1011=VERTEX_POINT('',#3399);
#1012=VERTEX_POINT('',#3401);
#1013=VERTEX_POINT('',#3405);
#1014=VERTEX_POINT('',#3407);
#1015=VERTEX_POINT('',#3411);
#1016=VERTEX_POINT('',#3412);
#1017=VERTEX_POINT('',#3414);
#1018=VERTEX_POINT('',#3416);
#1019=VERTEX_POINT('',#3420);
#1020=VERTEX_POINT('',#3422);
#1021=VERTEX_POINT('',#3426);
#1022=VERTEX_POINT('',#3428);
#1023=VERTEX_POINT('',#3432);
#1024=VERTEX_POINT('',#3434);
#1025=VERTEX_POINT('',#3438);
#1026=VERTEX_POINT('',#3440);
#1027=VERTEX_POINT('',#3444);
#1028=VERTEX_POINT('',#3446);
#1029=VERTEX_POINT('',#3450);
#1030=VERTEX_POINT('',#3452);
#1031=VERTEX_POINT('',#3461);
#1032=VERTEX_POINT('',#3462);
#1033=VERTEX_POINT('',#3464);
#1034=VERTEX_POINT('',#3468);
#1035=VERTEX_POINT('',#3469);
#1036=VERTEX_POINT('',#3471);
#1037=EDGE_CURVE('',#857,#857,#713,.T.);
#1038=EDGE_CURVE('',#857,#858,#461,.T.);
#1039=EDGE_CURVE('',#858,#858,#714,.T.);
#1040=EDGE_CURVE('',#859,#859,#715,.T.);
#1041=EDGE_CURVE('',#859,#860,#462,.T.);
#1042=EDGE_CURVE('',#860,#860,#716,.T.);
#1043=EDGE_CURVE('',#861,#861,#717,.T.);
#1044=EDGE_CURVE('',#861,#862,#463,.T.);
#1045=EDGE_CURVE('',#862,#862,#718,.T.);
#1046=EDGE_CURVE('',#863,#863,#719,.T.);
#1047=EDGE_CURVE('',#863,#864,#464,.T.);
#1048=EDGE_CURVE('',#864,#864,#720,.T.);
#1049=EDGE_CURVE('',#865,#866,#721,.T.);
#1050=EDGE_CURVE('',#867,#865,#722,.T.);
#1051=EDGE_CURVE('',#867,#868,#465,.T.);
#1052=EDGE_CURVE('',#869,#868,#723,.T.);
#1053=EDGE_CURVE('',#870,#869,#466,.T.);
#1054=EDGE_CURVE('',#871,#870,#724,.T.);
#1055=EDGE_CURVE('',#872,#871,#467,.T.);
#1056=EDGE_CURVE('',#873,#872,#725,.T.);
#1057=EDGE_CURVE('',#874,#873,#468,.T.);
#1058=EDGE_CURVE('',#875,#874,#726,.T.);
#1059=EDGE_CURVE('',#875,#876,#469,.T.);
#1060=EDGE_CURVE('',#877,#876,#727,.T.);
#1061=EDGE_CURVE('',#878,#877,#470,.T.);
#1062=EDGE_CURVE('',#879,#878,#728,.T.);
#1063=EDGE_CURVE('',#879,#880,#471,.T.);
#1064=EDGE_CURVE('',#881,#880,#729,.T.);
#1065=EDGE_CURVE('',#882,#881,#472,.T.);
#1066=EDGE_CURVE('',#883,#882,#730,.T.);
#1067=EDGE_CURVE('',#866,#883,#473,.T.);
#1068=EDGE_CURVE('',#884,#884,#731,.T.);
#1069=EDGE_CURVE('',#885,#885,#732,.T.);
#1070=EDGE_CURVE('',#886,#886,#733,.T.);
#1071=EDGE_CURVE('',#887,#887,#734,.T.);
#1072=EDGE_CURVE('',#888,#888,#735,.T.);
#1073=EDGE_CURVE('',#889,#889,#736,.T.);
#1074=EDGE_CURVE('',#890,#890,#737,.T.);
#1075=EDGE_CURVE('',#891,#891,#738,.T.);
#1076=EDGE_CURVE('',#892,#892,#739,.T.);
#1077=EDGE_CURVE('',#893,#893,#740,.T.);
#1078=EDGE_CURVE('',#894,#894,#741,.T.);
#1079=EDGE_CURVE('',#895,#895,#742,.T.);
#1080=EDGE_CURVE('',#896,#896,#743,.T.);
#1081=EDGE_CURVE('',#897,#897,#744,.T.);
#1082=EDGE_CURVE('',#898,#898,#745,.T.);
#1083=EDGE_CURVE('',#899,#899,#746,.T.);
#1084=EDGE_CURVE('',#900,#900,#747,.T.);
#1085=EDGE_CURVE('',#901,#901,#748,.T.);
#1086=EDGE_CURVE('',#902,#902,#749,.T.);
#1087=EDGE_CURVE('',#903,#903,#750,.T.);
#1088=EDGE_CURVE('',#904,#904,#751,.T.);
#1089=EDGE_CURVE('',#905,#905,#752,.T.);
#1090=EDGE_CURVE('',#906,#906,#753,.T.);
#1091=EDGE_CURVE('',#907,#907,#754,.T.);
#1092=EDGE_CURVE('',#908,#908,#755,.T.);
#1093=EDGE_CURVE('',#909,#909,#756,.T.);
#1094=EDGE_CURVE('',#910,#910,#757,.T.);
#1095=EDGE_CURVE('',#911,#911,#758,.T.);
#1096=EDGE_CURVE('',#912,#912,#759,.T.);
#1097=EDGE_CURVE('',#913,#913,#760,.T.);
#1098=EDGE_CURVE('',#914,#914,#761,.T.);
#1099=EDGE_CURVE('',#915,#915,#762,.T.);
#1100=EDGE_CURVE('',#916,#916,#763,.T.);
#1101=EDGE_CURVE('',#917,#917,#764,.T.);
#1102=EDGE_CURVE('',#918,#918,#765,.T.);
#1103=EDGE_CURVE('',#919,#920,#766,.T.);
#1104=EDGE_CURVE('',#919,#921,#474,.T.);
#1105=EDGE_CURVE('',#922,#921,#767,.T.);
#1106=EDGE_CURVE('',#922,#923,#475,.T.);
#1107=EDGE_CURVE('',#923,#924,#768,.T.);
#1108=EDGE_CURVE('',#924,#925,#476,.T.);
#1109=EDGE_CURVE('',#926,#925,#769,.T.);
#1110=EDGE_CURVE('',#926,#927,#477,.T.);
#1111=EDGE_CURVE('',#927,#928,#770,.T.);
#1112=EDGE_CURVE('',#928,#929,#478,.T.);
#1113=EDGE_CURVE('',#930,#929,#771,.T.);
#1114=EDGE_CURVE('',#930,#931,#479,.T.);
#1115=EDGE_CURVE('',#931,#932,#772,.T.);
#1116=EDGE_CURVE('',#932,#933,#480,.T.);
#1117=EDGE_CURVE('',#933,#934,#773,.T.);
#1118=EDGE_CURVE('',#934,#935,#481,.T.);
#1119=EDGE_CURVE('',#935,#936,#774,.T.);
#1120=EDGE_CURVE('',#936,#937,#482,.T.);
#1121=EDGE_CURVE('',#937,#920,#775,.T.);
#1122=EDGE_CURVE('',#938,#938,#776,.T.);
#1123=EDGE_CURVE('',#939,#939,#777,.T.);
#1124=EDGE_CURVE('',#940,#940,#778,.T.);
#1125=EDGE_CURVE('',#941,#941,#779,.T.);
#1126=EDGE_CURVE('',#942,#942,#780,.T.);
#1127=EDGE_CURVE('',#943,#943,#781,.T.);
#1128=EDGE_CURVE('',#944,#944,#782,.T.);
#1129=EDGE_CURVE('',#945,#945,#783,.T.);
#1130=EDGE_CURVE('',#946,#946,#784,.T.);
#1131=EDGE_CURVE('',#947,#947,#785,.T.);
#1132=EDGE_CURVE('',#948,#948,#786,.T.);
#1133=EDGE_CURVE('',#949,#949,#787,.T.);
#1134=EDGE_CURVE('',#950,#950,#788,.T.);
#1135=EDGE_CURVE('',#951,#951,#789,.T.);
#1136=EDGE_CURVE('',#952,#952,#790,.T.);
#1137=EDGE_CURVE('',#953,#953,#791,.T.);
#1138=EDGE_CURVE('',#954,#954,#792,.T.);
#1139=EDGE_CURVE('',#955,#955,#793,.T.);
#1140=EDGE_CURVE('',#956,#956,#794,.T.);
#1141=EDGE_CURVE('',#957,#957,#795,.T.);
#1142=EDGE_CURVE('',#958,#958,#796,.T.);
#1143=EDGE_CURVE('',#959,#959,#797,.T.);
#1144=EDGE_CURVE('',#960,#960,#798,.T.);
#1145=EDGE_CURVE('',#961,#961,#799,.T.);
#1146=EDGE_CURVE('',#962,#962,#800,.T.);
#1147=EDGE_CURVE('',#963,#963,#801,.T.);
#1148=EDGE_CURVE('',#964,#964,#802,.T.);
#1149=EDGE_CURVE('',#965,#965,#803,.T.);
#1150=EDGE_CURVE('',#966,#966,#804,.T.);
#1151=EDGE_CURVE('',#967,#967,#805,.T.);
#1152=EDGE_CURVE('',#968,#968,#806,.T.);
#1153=EDGE_CURVE('',#969,#969,#807,.T.);
#1154=EDGE_CURVE('',#970,#970,#808,.T.);
#1155=EDGE_CURVE('',#971,#971,#809,.T.);
#1156=EDGE_CURVE('',#972,#972,#810,.T.);
#1157=EDGE_CURVE('',#920,#865,#483,.T.);
#1158=EDGE_CURVE('',#866,#919,#484,.T.);
#1159=EDGE_CURVE('',#921,#883,#485,.T.);
#1160=EDGE_CURVE('',#882,#922,#486,.T.);
#1161=EDGE_CURVE('',#878,#926,#487,.T.);
#1162=EDGE_CURVE('',#925,#879,#488,.T.);
#1163=EDGE_CURVE('',#877,#927,#489,.T.);
#1164=EDGE_CURVE('',#874,#930,#490,.T.);
#1165=EDGE_CURVE('',#929,#875,#491,.T.);
#1166=EDGE_CURVE('',#873,#931,#492,.T.);
#1167=EDGE_CURVE('',#938,#884,#493,.T.);
#1168=EDGE_CURVE('',#939,#885,#494,.T.);
#1169=EDGE_CURVE('',#940,#886,#495,.T.);
#1170=EDGE_CURVE('',#941,#887,#496,.T.);
#1171=EDGE_CURVE('',#942,#888,#497,.T.);
#1172=EDGE_CURVE('',#943,#889,#498,.T.);
#1173=EDGE_CURVE('',#944,#890,#499,.T.);
#1174=EDGE_CURVE('',#945,#891,#500,.T.);
#1175=EDGE_CURVE('',#946,#892,#501,.T.);
#1176=EDGE_CURVE('',#947,#893,#502,.T.);
#1177=EDGE_CURVE('',#948,#894,#503,.T.);
#1178=EDGE_CURVE('',#949,#895,#504,.T.);
#1179=EDGE_CURVE('',#950,#896,#505,.T.);
#1180=EDGE_CURVE('',#951,#897,#506,.T.);
#1181=EDGE_CURVE('',#952,#898,#507,.T.);
#1182=EDGE_CURVE('',#953,#899,#508,.T.);
#1183=EDGE_CURVE('',#954,#900,#509,.T.);
#1184=EDGE_CURVE('',#955,#901,#510,.T.);
#1185=EDGE_CURVE('',#956,#902,#511,.T.);
#1186=EDGE_CURVE('',#957,#903,#512,.T.);
#1187=EDGE_CURVE('',#958,#904,#513,.T.);
#1188=EDGE_CURVE('',#959,#905,#514,.T.);
#1189=EDGE_CURVE('',#960,#906,#515,.T.);
#1190=EDGE_CURVE('',#961,#907,#516,.T.);
#1191=EDGE_CURVE('',#962,#908,#517,.T.);
#1192=EDGE_CURVE('',#963,#909,#518,.T.);
#1193=EDGE_CURVE('',#964,#910,#519,.T.);
#1194=EDGE_CURVE('',#965,#911,#520,.T.);
#1195=EDGE_CURVE('',#966,#912,#521,.T.);
#1196=EDGE_CURVE('',#967,#913,#522,.T.);
#1197=EDGE_CURVE('',#968,#914,#523,.T.);
#1198=EDGE_CURVE('',#969,#915,#524,.T.);
#1199=EDGE_CURVE('',#970,#916,#525,.T.);
#1200=EDGE_CURVE('',#971,#917,#526,.T.);
#1201=EDGE_CURVE('',#972,#918,#527,.T.);
#1202=EDGE_CURVE('',#867,#937,#528,.T.);
#1203=EDGE_CURVE('',#868,#936,#529,.T.);
#1204=EDGE_CURVE('',#869,#935,#530,.T.);
#1205=EDGE_CURVE('',#870,#934,#531,.T.);
#1206=EDGE_CURVE('',#871,#933,#532,.T.);
#1207=EDGE_CURVE('',#872,#932,#533,.T.);
#1208=EDGE_CURVE('',#876,#928,#534,.T.);
#1209=EDGE_CURVE('',#880,#924,#535,.T.);
#1210=EDGE_CURVE('',#881,#923,#536,.T.);
#1211=EDGE_CURVE('',#973,#973,#811,.T.);
#1212=EDGE_CURVE('',#973,#974,#537,.T.);
#1213=EDGE_CURVE('',#974,#974,#812,.T.);
#1214=EDGE_CURVE('',#975,#975,#813,.T.);
#1215=EDGE_CURVE('',#975,#976,#538,.T.);
#1216=EDGE_CURVE('',#976,#976,#814,.T.);
#1217=EDGE_CURVE('',#977,#977,#815,.T.);
#1218=EDGE_CURVE('',#977,#978,#539,.T.);
#1219=EDGE_CURVE('',#978,#978,#816,.T.);
#1220=EDGE_CURVE('',#979,#979,#817,.T.);
#1221=EDGE_CURVE('',#979,#980,#540,.T.);
#1222=EDGE_CURVE('',#980,#980,#818,.T.);
#1223=EDGE_CURVE('',#981,#981,#819,.T.);
#1224=EDGE_CURVE('',#981,#982,#541,.T.);
#1225=EDGE_CURVE('',#982,#982,#820,.T.);
#1226=EDGE_CURVE('',#983,#983,#821,.T.);
#1227=EDGE_CURVE('',#983,#984,#542,.T.);
#1228=EDGE_CURVE('',#984,#984,#822,.T.);
#1229=EDGE_CURVE('',#985,#985,#823,.T.);
#1230=EDGE_CURVE('',#985,#986,#543,.T.);
#1231=EDGE_CURVE('',#986,#986,#824,.T.);
#1232=EDGE_CURVE('',#987,#988,#544,.T.);
#1233=EDGE_CURVE('',#987,#989,#545,.T.);
#1234=EDGE_CURVE('',#990,#989,#546,.T.);
#1235=EDGE_CURVE('',#988,#990,#547,.T.);
#1236=EDGE_CURVE('',#991,#988,#825,.T.);
#1237=EDGE_CURVE('',#992,#990,#826,.T.);
#1238=EDGE_CURVE('',#991,#992,#548,.T.);
#1239=EDGE_CURVE('',#993,#991,#549,.T.);
#1240=EDGE_CURVE('',#994,#992,#550,.T.);
#1241=EDGE_CURVE('',#993,#994,#551,.T.);
#1242=EDGE_CURVE('',#995,#993,#827,.T.);
#1243=EDGE_CURVE('',#996,#994,#828,.T.);
#1244=EDGE_CURVE('',#995,#996,#552,.T.);
#1245=EDGE_CURVE('',#997,#995,#553,.T.);
#1246=EDGE_CURVE('',#998,#996,#554,.T.);
#1247=EDGE_CURVE('',#997,#998,#555,.T.);
#1248=EDGE_CURVE('',#999,#997,#829,.T.);
#1249=EDGE_CURVE('',#1000,#998,#830,.T.);
#1250=EDGE_CURVE('',#999,#1000,#556,.T.);
#1251=EDGE_CURVE('',#1001,#999,#557,.T.);
#1252=EDGE_CURVE('',#1002,#1000,#558,.T.);
#1253=EDGE_CURVE('',#1001,#1002,#559,.T.);
#1254=EDGE_CURVE('',#1003,#1001,#831,.T.);
#1255=EDGE_CURVE('',#1004,#1002,#832,.T.);
#1256=EDGE_CURVE('',#1003,#1004,#560,.T.);
#1257=EDGE_CURVE('',#1005,#1003,#561,.T.);
#1258=EDGE_CURVE('',#1006,#1004,#562,.T.);
#1259=EDGE_CURVE('',#1005,#1006,#563,.T.);
#1260=EDGE_CURVE('',#987,#1005,#833,.T.);
#1261=EDGE_CURVE('',#989,#1006,#834,.T.);
#1262=EDGE_CURVE('',#1007,#1007,#835,.T.);
#1263=EDGE_CURVE('',#1007,#1008,#564,.T.);
#1264=EDGE_CURVE('',#1008,#1008,#836,.T.);
#1265=EDGE_CURVE('',#1009,#1009,#837,.T.);
#1266=EDGE_CURVE('',#1009,#1010,#565,.T.);
#1267=EDGE_CURVE('',#1010,#1010,#838,.T.);
#1268=EDGE_CURVE('',#1011,#1011,#839,.T.);
#1269=EDGE_CURVE('',#1011,#1012,#566,.T.);
#1270=EDGE_CURVE('',#1012,#1012,#840,.T.);
#1271=EDGE_CURVE('',#1013,#1013,#841,.T.);
#1272=EDGE_CURVE('',#1013,#1014,#567,.T.);
#1273=EDGE_CURVE('',#1014,#1014,#842,.T.);
#1274=EDGE_CURVE('',#1015,#1016,#843,.T.);
#1275=EDGE_CURVE('',#1016,#1017,#568,.T.);
#1276=EDGE_CURVE('',#1018,#1017,#844,.T.);
#1277=EDGE_CURVE('',#1015,#1018,#569,.T.);
#1278=EDGE_CURVE('',#1015,#1019,#570,.T.);
#1279=EDGE_CURVE('',#1020,#1018,#571,.T.);
#1280=EDGE_CURVE('',#1019,#1020,#572,.T.);
#1281=EDGE_CURVE('',#1021,#1019,#845,.T.);
#1282=EDGE_CURVE('',#1022,#1020,#846,.T.);
#1283=EDGE_CURVE('',#1021,#1022,#573,.T.);
#1284=EDGE_CURVE('',#1021,#1023,#574,.T.);
#1285=EDGE_CURVE('',#1024,#1022,#575,.T.);
#1286=EDGE_CURVE('',#1023,#1024,#576,.T.);
#1287=EDGE_CURVE('',#1025,#1023,#847,.T.);
#1288=EDGE_CURVE('',#1026,#1024,#848,.T.);
#1289=EDGE_CURVE('',#1025,#1026,#577,.T.);
#1290=EDGE_CURVE('',#1027,#1025,#578,.T.);
#1291=EDGE_CURVE('',#1028,#1026,#579,.T.);
#1292=EDGE_CURVE('',#1027,#1028,#580,.T.);
#1293=EDGE_CURVE('',#1029,#1027,#849,.T.);
#1294=EDGE_CURVE('',#1030,#1028,#850,.T.);
#1295=EDGE_CURVE('',#1029,#1030,#581,.T.);
#1296=EDGE_CURVE('',#1016,#1029,#582,.T.);
#1297=EDGE_CURVE('',#1017,#1030,#583,.T.);
#1298=EDGE_CURVE('',#1031,#1032,#851,.T.);
#1299=EDGE_CURVE('',#1032,#1033,#852,.T.);
#1300=EDGE_CURVE('',#1033,#1031,#853,.T.);
#1301=EDGE_CURVE('',#1034,#1035,#854,.T.);
#1302=EDGE_CURVE('',#1035,#1036,#855,.T.);
#1303=EDGE_CURVE('',#1036,#1034,#856,.T.);
#1304=EDGE_CURVE('',#1031,#1035,#584,.T.);
#1305=EDGE_CURVE('',#1033,#1036,#585,.T.);
#1306=EDGE_CURVE('',#1032,#1034,#586,.T.);
#1307=ORIENTED_EDGE('',*,*,#1037,.F.);
#1308=ORIENTED_EDGE('',*,*,#1038,.T.);
#1309=ORIENTED_EDGE('',*,*,#1039,.F.);
#1310=ORIENTED_EDGE('',*,*,#1038,.F.);
#1311=ORIENTED_EDGE('',*,*,#1040,.F.);
#1312=ORIENTED_EDGE('',*,*,#1041,.T.);
#1313=ORIENTED_EDGE('',*,*,#1042,.F.);
#1314=ORIENTED_EDGE('',*,*,#1041,.F.);
#1315=ORIENTED_EDGE('',*,*,#1043,.F.);
#1316=ORIENTED_EDGE('',*,*,#1044,.T.);
#1317=ORIENTED_EDGE('',*,*,#1045,.F.);
#1318=ORIENTED_EDGE('',*,*,#1044,.F.);
#1319=ORIENTED_EDGE('',*,*,#1046,.F.);
#1320=ORIENTED_EDGE('',*,*,#1047,.T.);
#1321=ORIENTED_EDGE('',*,*,#1048,.F.);
#1322=ORIENTED_EDGE('',*,*,#1047,.F.);
#1323=ORIENTED_EDGE('',*,*,#1049,.F.);
#1324=ORIENTED_EDGE('',*,*,#1050,.F.);
#1325=ORIENTED_EDGE('',*,*,#1051,.T.);
#1326=ORIENTED_EDGE('',*,*,#1052,.F.);
#1327=ORIENTED_EDGE('',*,*,#1053,.F.);
#1328=ORIENTED_EDGE('',*,*,#1054,.F.);
#1329=ORIENTED_EDGE('',*,*,#1055,.F.);
#1330=ORIENTED_EDGE('',*,*,#1056,.F.);
#1331=ORIENTED_EDGE('',*,*,#1057,.F.);
#1332=ORIENTED_EDGE('',*,*,#1058,.F.);
#1333=ORIENTED_EDGE('',*,*,#1059,.T.);
#1334=ORIENTED_EDGE('',*,*,#1060,.F.);
#1335=ORIENTED_EDGE('',*,*,#1061,.F.);
#1336=ORIENTED_EDGE('',*,*,#1062,.F.);
#1337=ORIENTED_EDGE('',*,*,#1063,.T.);
#1338=ORIENTED_EDGE('',*,*,#1064,.F.);
#1339=ORIENTED_EDGE('',*,*,#1065,.F.);
#1340=ORIENTED_EDGE('',*,*,#1066,.F.);
#1341=ORIENTED_EDGE('',*,*,#1067,.F.);
#1342=ORIENTED_EDGE('',*,*,#1039,.T.);
#1343=ORIENTED_EDGE('',*,*,#1068,.F.);
#1344=ORIENTED_EDGE('',*,*,#1069,.F.);
#1345=ORIENTED_EDGE('',*,*,#1070,.F.);
#1346=ORIENTED_EDGE('',*,*,#1071,.F.);
#1347=ORIENTED_EDGE('',*,*,#1072,.F.);
#1348=ORIENTED_EDGE('',*,*,#1073,.F.);
#1349=ORIENTED_EDGE('',*,*,#1074,.F.);
#1350=ORIENTED_EDGE('',*,*,#1075,.F.);
#1351=ORIENTED_EDGE('',*,*,#1076,.F.);
#1352=ORIENTED_EDGE('',*,*,#1077,.F.);
#1353=ORIENTED_EDGE('',*,*,#1078,.F.);
#1354=ORIENTED_EDGE('',*,*,#1079,.F.);
#1355=ORIENTED_EDGE('',*,*,#1080,.F.);
#1356=ORIENTED_EDGE('',*,*,#1081,.F.);
#1357=ORIENTED_EDGE('',*,*,#1082,.F.);
#1358=ORIENTED_EDGE('',*,*,#1083,.F.);
#1359=ORIENTED_EDGE('',*,*,#1084,.F.);
#1360=ORIENTED_EDGE('',*,*,#1085,.F.);
#1361=ORIENTED_EDGE('',*,*,#1086,.F.);
#1362=ORIENTED_EDGE('',*,*,#1087,.F.);
#1363=ORIENTED_EDGE('',*,*,#1088,.F.);
#1364=ORIENTED_EDGE('',*,*,#1089,.F.);
#1365=ORIENTED_EDGE('',*,*,#1090,.F.);
#1366=ORIENTED_EDGE('',*,*,#1091,.F.);
#1367=ORIENTED_EDGE('',*,*,#1092,.F.);
#1368=ORIENTED_EDGE('',*,*,#1093,.F.);
#1369=ORIENTED_EDGE('',*,*,#1094,.F.);
#1370=ORIENTED_EDGE('',*,*,#1095,.F.);
#1371=ORIENTED_EDGE('',*,*,#1096,.F.);
#1372=ORIENTED_EDGE('',*,*,#1097,.F.);
#1373=ORIENTED_EDGE('',*,*,#1098,.F.);
#1374=ORIENTED_EDGE('',*,*,#1099,.F.);
#1375=ORIENTED_EDGE('',*,*,#1100,.F.);
#1376=ORIENTED_EDGE('',*,*,#1101,.F.);
#1377=ORIENTED_EDGE('',*,*,#1102,.F.);
#1378=ORIENTED_EDGE('',*,*,#1048,.T.);
#1379=ORIENTED_EDGE('',*,*,#1045,.T.);
#1380=ORIENTED_EDGE('',*,*,#1042,.T.);
#1381=ORIENTED_EDGE('',*,*,#1103,.F.);
#1382=ORIENTED_EDGE('',*,*,#1104,.T.);
#1383=ORIENTED_EDGE('',*,*,#1105,.F.);
#1384=ORIENTED_EDGE('',*,*,#1106,.T.);
#1385=ORIENTED_EDGE('',*,*,#1107,.T.);
#1386=ORIENTED_EDGE('',*,*,#1108,.T.);
#1387=ORIENTED_EDGE('',*,*,#1109,.F.);
#1388=ORIENTED_EDGE('',*,*,#1110,.T.);
#1389=ORIENTED_EDGE('',*,*,#1111,.T.);
#1390=ORIENTED_EDGE('',*,*,#1112,.T.);
#1391=ORIENTED_EDGE('',*,*,#1113,.F.);
#1392=ORIENTED_EDGE('',*,*,#1114,.T.);
#1393=ORIENTED_EDGE('',*,*,#1115,.T.);
#1394=ORIENTED_EDGE('',*,*,#1116,.T.);
#1395=ORIENTED_EDGE('',*,*,#1117,.T.);
#1396=ORIENTED_EDGE('',*,*,#1118,.T.);
#1397=ORIENTED_EDGE('',*,*,#1119,.T.);
#1398=ORIENTED_EDGE('',*,*,#1120,.T.);
#1399=ORIENTED_EDGE('',*,*,#1121,.T.);
#1400=ORIENTED_EDGE('',*,*,#1037,.T.);
#1401=ORIENTED_EDGE('',*,*,#1122,.T.);
#1402=ORIENTED_EDGE('',*,*,#1123,.T.);
#1403=ORIENTED_EDGE('',*,*,#1124,.T.);
#1404=ORIENTED_EDGE('',*,*,#1125,.T.);
#1405=ORIENTED_EDGE('',*,*,#1126,.T.);
#1406=ORIENTED_EDGE('',*,*,#1127,.T.);
#1407=ORIENTED_EDGE('',*,*,#1128,.T.);
#1408=ORIENTED_EDGE('',*,*,#1129,.T.);
#1409=ORIENTED_EDGE('',*,*,#1130,.T.);
#1410=ORIENTED_EDGE('',*,*,#1131,.T.);
#1411=ORIENTED_EDGE('',*,*,#1132,.T.);
#1412=ORIENTED_EDGE('',*,*,#1133,.T.);
#1413=ORIENTED_EDGE('',*,*,#1134,.T.);
#1414=ORIENTED_EDGE('',*,*,#1135,.T.);
#1415=ORIENTED_EDGE('',*,*,#1136,.T.);
#1416=ORIENTED_EDGE('',*,*,#1137,.T.);
#1417=ORIENTED_EDGE('',*,*,#1138,.T.);
#1418=ORIENTED_EDGE('',*,*,#1139,.T.);
#1419=ORIENTED_EDGE('',*,*,#1140,.T.);
#1420=ORIENTED_EDGE('',*,*,#1141,.T.);
#1421=ORIENTED_EDGE('',*,*,#1142,.T.);
#1422=ORIENTED_EDGE('',*,*,#1143,.T.);
#1423=ORIENTED_EDGE('',*,*,#1144,.T.);
#1424=ORIENTED_EDGE('',*,*,#1145,.T.);
#1425=ORIENTED_EDGE('',*,*,#1146,.T.);
#1426=ORIENTED_EDGE('',*,*,#1147,.T.);
#1427=ORIENTED_EDGE('',*,*,#1148,.T.);
#1428=ORIENTED_EDGE('',*,*,#1149,.T.);
#1429=ORIENTED_EDGE('',*,*,#1150,.T.);
#1430=ORIENTED_EDGE('',*,*,#1151,.T.);
#1431=ORIENTED_EDGE('',*,*,#1152,.T.);
#1432=ORIENTED_EDGE('',*,*,#1153,.T.);
#1433=ORIENTED_EDGE('',*,*,#1154,.T.);
#1434=ORIENTED_EDGE('',*,*,#1155,.T.);
#1435=ORIENTED_EDGE('',*,*,#1156,.T.);
#1436=ORIENTED_EDGE('',*,*,#1046,.T.);
#1437=ORIENTED_EDGE('',*,*,#1043,.T.);
#1438=ORIENTED_EDGE('',*,*,#1040,.T.);
#1439=ORIENTED_EDGE('',*,*,#1103,.T.);
#1440=ORIENTED_EDGE('',*,*,#1157,.T.);
#1441=ORIENTED_EDGE('',*,*,#1049,.T.);
#1442=ORIENTED_EDGE('',*,*,#1158,.T.);
#1443=ORIENTED_EDGE('',*,*,#1158,.F.);
#1444=ORIENTED_EDGE('',*,*,#1067,.T.);
#1445=ORIENTED_EDGE('',*,*,#1159,.F.);
#1446=ORIENTED_EDGE('',*,*,#1104,.F.);
#1447=ORIENTED_EDGE('',*,*,#1105,.T.);
#1448=ORIENTED_EDGE('',*,*,#1159,.T.);
#1449=ORIENTED_EDGE('',*,*,#1066,.T.);
#1450=ORIENTED_EDGE('',*,*,#1160,.T.);
#1451=ORIENTED_EDGE('',*,*,#1062,.T.);
#1452=ORIENTED_EDGE('',*,*,#1161,.T.);
#1453=ORIENTED_EDGE('',*,*,#1109,.T.);
#1454=ORIENTED_EDGE('',*,*,#1162,.T.);
#1455=ORIENTED_EDGE('',*,*,#1161,.F.);
#1456=ORIENTED_EDGE('',*,*,#1061,.T.);
#1457=ORIENTED_EDGE('',*,*,#1163,.T.);
#1458=ORIENTED_EDGE('',*,*,#1110,.F.);
#1459=ORIENTED_EDGE('',*,*,#1058,.T.);
#1460=ORIENTED_EDGE('',*,*,#1164,.T.);
#1461=ORIENTED_EDGE('',*,*,#1113,.T.);
#1462=ORIENTED_EDGE('',*,*,#1165,.T.);
#1463=ORIENTED_EDGE('',*,*,#1164,.F.);
#1464=ORIENTED_EDGE('',*,*,#1057,.T.);
#1465=ORIENTED_EDGE('',*,*,#1166,.T.);
#1466=ORIENTED_EDGE('',*,*,#1114,.F.);
#1467=ORIENTED_EDGE('',*,*,#1122,.F.);
#1468=ORIENTED_EDGE('',*,*,#1167,.T.);
#1469=ORIENTED_EDGE('',*,*,#1068,.T.);
#1470=ORIENTED_EDGE('',*,*,#1167,.F.);
#1471=ORIENTED_EDGE('',*,*,#1123,.F.);
#1472=ORIENTED_EDGE('',*,*,#1168,.T.);
#1473=ORIENTED_EDGE('',*,*,#1069,.T.);
#1474=ORIENTED_EDGE('',*,*,#1168,.F.);
#1475=ORIENTED_EDGE('',*,*,#1124,.F.);
#1476=ORIENTED_EDGE('',*,*,#1169,.T.);
#1477=ORIENTED_EDGE('',*,*,#1070,.T.);
#1478=ORIENTED_EDGE('',*,*,#1169,.F.);
#1479=ORIENTED_EDGE('',*,*,#1125,.F.);
#1480=ORIENTED_EDGE('',*,*,#1170,.T.);
#1481=ORIENTED_EDGE('',*,*,#1071,.T.);
#1482=ORIENTED_EDGE('',*,*,#1170,.F.);
#1483=ORIENTED_EDGE('',*,*,#1126,.F.);
#1484=ORIENTED_EDGE('',*,*,#1171,.T.);
#1485=ORIENTED_EDGE('',*,*,#1072,.T.);
#1486=ORIENTED_EDGE('',*,*,#1171,.F.);
#1487=ORIENTED_EDGE('',*,*,#1127,.F.);
#1488=ORIENTED_EDGE('',*,*,#1172,.T.);
#1489=ORIENTED_EDGE('',*,*,#1073,.T.);
#1490=ORIENTED_EDGE('',*,*,#1172,.F.);
#1491=ORIENTED_EDGE('',*,*,#1128,.F.);
#1492=ORIENTED_EDGE('',*,*,#1173,.T.);
#1493=ORIENTED_EDGE('',*,*,#1074,.T.);
#1494=ORIENTED_EDGE('',*,*,#1173,.F.);
#1495=ORIENTED_EDGE('',*,*,#1129,.F.);
#1496=ORIENTED_EDGE('',*,*,#1174,.T.);
#1497=ORIENTED_EDGE('',*,*,#1075,.T.);
#1498=ORIENTED_EDGE('',*,*,#1174,.F.);
#1499=ORIENTED_EDGE('',*,*,#1130,.F.);
#1500=ORIENTED_EDGE('',*,*,#1175,.T.);
#1501=ORIENTED_EDGE('',*,*,#1076,.T.);
#1502=ORIENTED_EDGE('',*,*,#1175,.F.);
#1503=ORIENTED_EDGE('',*,*,#1131,.F.);
#1504=ORIENTED_EDGE('',*,*,#1176,.T.);
#1505=ORIENTED_EDGE('',*,*,#1077,.T.);
#1506=ORIENTED_EDGE('',*,*,#1176,.F.);
#1507=ORIENTED_EDGE('',*,*,#1132,.F.);
#1508=ORIENTED_EDGE('',*,*,#1177,.T.);
#1509=ORIENTED_EDGE('',*,*,#1078,.T.);
#1510=ORIENTED_EDGE('',*,*,#1177,.F.);
#1511=ORIENTED_EDGE('',*,*,#1133,.F.);
#1512=ORIENTED_EDGE('',*,*,#1178,.T.);
#1513=ORIENTED_EDGE('',*,*,#1079,.T.);
#1514=ORIENTED_EDGE('',*,*,#1178,.F.);
#1515=ORIENTED_EDGE('',*,*,#1134,.F.);
#1516=ORIENTED_EDGE('',*,*,#1179,.T.);
#1517=ORIENTED_EDGE('',*,*,#1080,.T.);
#1518=ORIENTED_EDGE('',*,*,#1179,.F.);
#1519=ORIENTED_EDGE('',*,*,#1135,.F.);
#1520=ORIENTED_EDGE('',*,*,#1180,.T.);
#1521=ORIENTED_EDGE('',*,*,#1081,.T.);
#1522=ORIENTED_EDGE('',*,*,#1180,.F.);
#1523=ORIENTED_EDGE('',*,*,#1136,.F.);
#1524=ORIENTED_EDGE('',*,*,#1181,.T.);
#1525=ORIENTED_EDGE('',*,*,#1082,.T.);
#1526=ORIENTED_EDGE('',*,*,#1181,.F.);
#1527=ORIENTED_EDGE('',*,*,#1137,.F.);
#1528=ORIENTED_EDGE('',*,*,#1182,.T.);
#1529=ORIENTED_EDGE('',*,*,#1083,.T.);
#1530=ORIENTED_EDGE('',*,*,#1182,.F.);
#1531=ORIENTED_EDGE('',*,*,#1138,.F.);
#1532=ORIENTED_EDGE('',*,*,#1183,.T.);
#1533=ORIENTED_EDGE('',*,*,#1084,.T.);
#1534=ORIENTED_EDGE('',*,*,#1183,.F.);
#1535=ORIENTED_EDGE('',*,*,#1139,.F.);
#1536=ORIENTED_EDGE('',*,*,#1184,.T.);
#1537=ORIENTED_EDGE('',*,*,#1085,.T.);
#1538=ORIENTED_EDGE('',*,*,#1184,.F.);
#1539=ORIENTED_EDGE('',*,*,#1140,.F.);
#1540=ORIENTED_EDGE('',*,*,#1185,.T.);
#1541=ORIENTED_EDGE('',*,*,#1086,.T.);
#1542=ORIENTED_EDGE('',*,*,#1185,.F.);
#1543=ORIENTED_EDGE('',*,*,#1141,.F.);
#1544=ORIENTED_EDGE('',*,*,#1186,.T.);
#1545=ORIENTED_EDGE('',*,*,#1087,.T.);
#1546=ORIENTED_EDGE('',*,*,#1186,.F.);
#1547=ORIENTED_EDGE('',*,*,#1142,.F.);
#1548=ORIENTED_EDGE('',*,*,#1187,.T.);
#1549=ORIENTED_EDGE('',*,*,#1088,.T.);
#1550=ORIENTED_EDGE('',*,*,#1187,.F.);
#1551=ORIENTED_EDGE('',*,*,#1143,.F.);
#1552=ORIENTED_EDGE('',*,*,#1188,.T.);
#1553=ORIENTED_EDGE('',*,*,#1089,.T.);
#1554=ORIENTED_EDGE('',*,*,#1188,.F.);
#1555=ORIENTED_EDGE('',*,*,#1144,.F.);
#1556=ORIENTED_EDGE('',*,*,#1189,.T.);
#1557=ORIENTED_EDGE('',*,*,#1090,.T.);
#1558=ORIENTED_EDGE('',*,*,#1189,.F.);
#1559=ORIENTED_EDGE('',*,*,#1145,.F.);
#1560=ORIENTED_EDGE('',*,*,#1190,.T.);
#1561=ORIENTED_EDGE('',*,*,#1091,.T.);
#1562=ORIENTED_EDGE('',*,*,#1190,.F.);
#1563=ORIENTED_EDGE('',*,*,#1146,.F.);
#1564=ORIENTED_EDGE('',*,*,#1191,.T.);
#1565=ORIENTED_EDGE('',*,*,#1092,.T.);
#1566=ORIENTED_EDGE('',*,*,#1191,.F.);
#1567=ORIENTED_EDGE('',*,*,#1147,.F.);
#1568=ORIENTED_EDGE('',*,*,#1192,.T.);
#1569=ORIENTED_EDGE('',*,*,#1093,.T.);
#1570=ORIENTED_EDGE('',*,*,#1192,.F.);
#1571=ORIENTED_EDGE('',*,*,#1148,.F.);
#1572=ORIENTED_EDGE('',*,*,#1193,.T.);
#1573=ORIENTED_EDGE('',*,*,#1094,.T.);
#1574=ORIENTED_EDGE('',*,*,#1193,.F.);
#1575=ORIENTED_EDGE('',*,*,#1149,.F.);
#1576=ORIENTED_EDGE('',*,*,#1194,.T.);
#1577=ORIENTED_EDGE('',*,*,#1095,.T.);
#1578=ORIENTED_EDGE('',*,*,#1194,.F.);
#1579=ORIENTED_EDGE('',*,*,#1150,.F.);
#1580=ORIENTED_EDGE('',*,*,#1195,.T.);
#1581=ORIENTED_EDGE('',*,*,#1096,.T.);
#1582=ORIENTED_EDGE('',*,*,#1195,.F.);
#1583=ORIENTED_EDGE('',*,*,#1151,.F.);
#1584=ORIENTED_EDGE('',*,*,#1196,.T.);
#1585=ORIENTED_EDGE('',*,*,#1097,.T.);
#1586=ORIENTED_EDGE('',*,*,#1196,.F.);
#1587=ORIENTED_EDGE('',*,*,#1152,.F.);
#1588=ORIENTED_EDGE('',*,*,#1197,.T.);
#1589=ORIENTED_EDGE('',*,*,#1098,.T.);
#1590=ORIENTED_EDGE('',*,*,#1197,.F.);
#1591=ORIENTED_EDGE('',*,*,#1153,.F.);
#1592=ORIENTED_EDGE('',*,*,#1198,.T.);
#1593=ORIENTED_EDGE('',*,*,#1099,.T.);
#1594=ORIENTED_EDGE('',*,*,#1198,.F.);
#1595=ORIENTED_EDGE('',*,*,#1154,.F.);
#1596=ORIENTED_EDGE('',*,*,#1199,.T.);
#1597=ORIENTED_EDGE('',*,*,#1100,.T.);
#1598=ORIENTED_EDGE('',*,*,#1199,.F.);
#1599=ORIENTED_EDGE('',*,*,#1155,.F.);
#1600=ORIENTED_EDGE('',*,*,#1200,.T.);
#1601=ORIENTED_EDGE('',*,*,#1101,.T.);
#1602=ORIENTED_EDGE('',*,*,#1200,.F.);
#1603=ORIENTED_EDGE('',*,*,#1156,.F.);
#1604=ORIENTED_EDGE('',*,*,#1201,.T.);
#1605=ORIENTED_EDGE('',*,*,#1102,.T.);
#1606=ORIENTED_EDGE('',*,*,#1201,.F.);
#1607=ORIENTED_EDGE('',*,*,#1157,.F.);
#1608=ORIENTED_EDGE('',*,*,#1121,.F.);
#1609=ORIENTED_EDGE('',*,*,#1202,.F.);
#1610=ORIENTED_EDGE('',*,*,#1050,.T.);
#1611=ORIENTED_EDGE('',*,*,#1051,.F.);
#1612=ORIENTED_EDGE('',*,*,#1202,.T.);
#1613=ORIENTED_EDGE('',*,*,#1120,.F.);
#1614=ORIENTED_EDGE('',*,*,#1203,.F.);
#1615=ORIENTED_EDGE('',*,*,#1052,.T.);
#1616=ORIENTED_EDGE('',*,*,#1203,.T.);
#1617=ORIENTED_EDGE('',*,*,#1119,.F.);
#1618=ORIENTED_EDGE('',*,*,#1204,.F.);
#1619=ORIENTED_EDGE('',*,*,#1053,.T.);
#1620=ORIENTED_EDGE('',*,*,#1204,.T.);
#1621=ORIENTED_EDGE('',*,*,#1118,.F.);
#1622=ORIENTED_EDGE('',*,*,#1205,.F.);
#1623=ORIENTED_EDGE('',*,*,#1054,.T.);
#1624=ORIENTED_EDGE('',*,*,#1205,.T.);
#1625=ORIENTED_EDGE('',*,*,#1117,.F.);
#1626=ORIENTED_EDGE('',*,*,#1206,.F.);
#1627=ORIENTED_EDGE('',*,*,#1055,.T.);
#1628=ORIENTED_EDGE('',*,*,#1206,.T.);
#1629=ORIENTED_EDGE('',*,*,#1116,.F.);
#1630=ORIENTED_EDGE('',*,*,#1207,.F.);
#1631=ORIENTED_EDGE('',*,*,#1056,.T.);
#1632=ORIENTED_EDGE('',*,*,#1207,.T.);
#1633=ORIENTED_EDGE('',*,*,#1115,.F.);
#1634=ORIENTED_EDGE('',*,*,#1166,.F.);
#1635=ORIENTED_EDGE('',*,*,#1165,.F.);
#1636=ORIENTED_EDGE('',*,*,#1112,.F.);
#1637=ORIENTED_EDGE('',*,*,#1208,.F.);
#1638=ORIENTED_EDGE('',*,*,#1059,.F.);
#1639=ORIENTED_EDGE('',*,*,#1060,.T.);
#1640=ORIENTED_EDGE('',*,*,#1208,.T.);
#1641=ORIENTED_EDGE('',*,*,#1111,.F.);
#1642=ORIENTED_EDGE('',*,*,#1163,.F.);
#1643=ORIENTED_EDGE('',*,*,#1162,.F.);
#1644=ORIENTED_EDGE('',*,*,#1108,.F.);
#1645=ORIENTED_EDGE('',*,*,#1209,.F.);
#1646=ORIENTED_EDGE('',*,*,#1063,.F.);
#1647=ORIENTED_EDGE('',*,*,#1064,.T.);
#1648=ORIENTED_EDGE('',*,*,#1209,.T.);
#1649=ORIENTED_EDGE('',*,*,#1107,.F.);
#1650=ORIENTED_EDGE('',*,*,#1210,.F.);
#1651=ORIENTED_EDGE('',*,*,#1160,.F.);
#1652=ORIENTED_EDGE('',*,*,#1065,.T.);
#1653=ORIENTED_EDGE('',*,*,#1210,.T.);
#1654=ORIENTED_EDGE('',*,*,#1106,.F.);
#1655=ORIENTED_EDGE('',*,*,#1211,.F.);
#1656=ORIENTED_EDGE('',*,*,#1212,.T.);
#1657=ORIENTED_EDGE('',*,*,#1213,.F.);
#1658=ORIENTED_EDGE('',*,*,#1212,.F.);
#1659=ORIENTED_EDGE('',*,*,#1214,.F.);
#1660=ORIENTED_EDGE('',*,*,#1215,.T.);
#1661=ORIENTED_EDGE('',*,*,#1216,.T.);
#1662=ORIENTED_EDGE('',*,*,#1215,.F.);
#1663=ORIENTED_EDGE('',*,*,#1217,.F.);
#1664=ORIENTED_EDGE('',*,*,#1218,.T.);
#1665=ORIENTED_EDGE('',*,*,#1219,.T.);
#1666=ORIENTED_EDGE('',*,*,#1218,.F.);
#1667=ORIENTED_EDGE('',*,*,#1220,.F.);
#1668=ORIENTED_EDGE('',*,*,#1221,.T.);
#1669=ORIENTED_EDGE('',*,*,#1222,.T.);
#1670=ORIENTED_EDGE('',*,*,#1221,.F.);
#1671=ORIENTED_EDGE('',*,*,#1223,.F.);
#1672=ORIENTED_EDGE('',*,*,#1224,.T.);
#1673=ORIENTED_EDGE('',*,*,#1225,.T.);
#1674=ORIENTED_EDGE('',*,*,#1224,.F.);
#1675=ORIENTED_EDGE('',*,*,#1226,.F.);
#1676=ORIENTED_EDGE('',*,*,#1227,.T.);
#1677=ORIENTED_EDGE('',*,*,#1228,.T.);
#1678=ORIENTED_EDGE('',*,*,#1227,.F.);
#1679=ORIENTED_EDGE('',*,*,#1229,.F.);
#1680=ORIENTED_EDGE('',*,*,#1230,.T.);
#1681=ORIENTED_EDGE('',*,*,#1231,.T.);
#1682=ORIENTED_EDGE('',*,*,#1230,.F.);
#1683=ORIENTED_EDGE('',*,*,#1232,.F.);
#1684=ORIENTED_EDGE('',*,*,#1233,.T.);
#1685=ORIENTED_EDGE('',*,*,#1234,.F.);
#1686=ORIENTED_EDGE('',*,*,#1235,.F.);
#1687=ORIENTED_EDGE('',*,*,#1236,.T.);
#1688=ORIENTED_EDGE('',*,*,#1235,.T.);
#1689=ORIENTED_EDGE('',*,*,#1237,.F.);
#1690=ORIENTED_EDGE('',*,*,#1238,.F.);
#1691=ORIENTED_EDGE('',*,*,#1239,.T.);
#1692=ORIENTED_EDGE('',*,*,#1238,.T.);
#1693=ORIENTED_EDGE('',*,*,#1240,.F.);
#1694=ORIENTED_EDGE('',*,*,#1241,.F.);
#1695=ORIENTED_EDGE('',*,*,#1242,.T.);
#1696=ORIENTED_EDGE('',*,*,#1241,.T.);
#1697=ORIENTED_EDGE('',*,*,#1243,.F.);
#1698=ORIENTED_EDGE('',*,*,#1244,.F.);
#1699=ORIENTED_EDGE('',*,*,#1245,.T.);
#1700=ORIENTED_EDGE('',*,*,#1244,.T.);
#1701=ORIENTED_EDGE('',*,*,#1246,.F.);
#1702=ORIENTED_EDGE('',*,*,#1247,.F.);
#1703=ORIENTED_EDGE('',*,*,#1248,.T.);
#1704=ORIENTED_EDGE('',*,*,#1247,.T.);
#1705=ORIENTED_EDGE('',*,*,#1249,.F.);
#1706=ORIENTED_EDGE('',*,*,#1250,.F.);
#1707=ORIENTED_EDGE('',*,*,#1251,.T.);
#1708=ORIENTED_EDGE('',*,*,#1250,.T.);
#1709=ORIENTED_EDGE('',*,*,#1252,.F.);
#1710=ORIENTED_EDGE('',*,*,#1253,.F.);
#1711=ORIENTED_EDGE('',*,*,#1254,.T.);
#1712=ORIENTED_EDGE('',*,*,#1253,.T.);
#1713=ORIENTED_EDGE('',*,*,#1255,.F.);
#1714=ORIENTED_EDGE('',*,*,#1256,.F.);
#1715=ORIENTED_EDGE('',*,*,#1257,.T.);
#1716=ORIENTED_EDGE('',*,*,#1256,.T.);
#1717=ORIENTED_EDGE('',*,*,#1258,.F.);
#1718=ORIENTED_EDGE('',*,*,#1259,.F.);
#1719=ORIENTED_EDGE('',*,*,#1260,.T.);
#1720=ORIENTED_EDGE('',*,*,#1259,.T.);
#1721=ORIENTED_EDGE('',*,*,#1261,.F.);
#1722=ORIENTED_EDGE('',*,*,#1233,.F.);
#1723=ORIENTED_EDGE('',*,*,#1261,.T.);
#1724=ORIENTED_EDGE('',*,*,#1258,.T.);
#1725=ORIENTED_EDGE('',*,*,#1255,.T.);
#1726=ORIENTED_EDGE('',*,*,#1252,.T.);
#1727=ORIENTED_EDGE('',*,*,#1249,.T.);
#1728=ORIENTED_EDGE('',*,*,#1246,.T.);
#1729=ORIENTED_EDGE('',*,*,#1243,.T.);
#1730=ORIENTED_EDGE('',*,*,#1240,.T.);
#1731=ORIENTED_EDGE('',*,*,#1237,.T.);
#1732=ORIENTED_EDGE('',*,*,#1234,.T.);
#1733=ORIENTED_EDGE('',*,*,#1211,.T.);
#1734=ORIENTED_EDGE('',*,*,#1229,.T.);
#1735=ORIENTED_EDGE('',*,*,#1226,.T.);
#1736=ORIENTED_EDGE('',*,*,#1223,.T.);
#1737=ORIENTED_EDGE('',*,*,#1220,.T.);
#1738=ORIENTED_EDGE('',*,*,#1217,.T.);
#1739=ORIENTED_EDGE('',*,*,#1214,.T.);
#1740=ORIENTED_EDGE('',*,*,#1260,.F.);
#1741=ORIENTED_EDGE('',*,*,#1232,.T.);
#1742=ORIENTED_EDGE('',*,*,#1236,.F.);
#1743=ORIENTED_EDGE('',*,*,#1239,.F.);
#1744=ORIENTED_EDGE('',*,*,#1242,.F.);
#1745=ORIENTED_EDGE('',*,*,#1245,.F.);
#1746=ORIENTED_EDGE('',*,*,#1248,.F.);
#1747=ORIENTED_EDGE('',*,*,#1251,.F.);
#1748=ORIENTED_EDGE('',*,*,#1254,.F.);
#1749=ORIENTED_EDGE('',*,*,#1257,.F.);
#1750=ORIENTED_EDGE('',*,*,#1213,.T.);
#1751=ORIENTED_EDGE('',*,*,#1231,.F.);
#1752=ORIENTED_EDGE('',*,*,#1228,.F.);
#1753=ORIENTED_EDGE('',*,*,#1225,.F.);
#1754=ORIENTED_EDGE('',*,*,#1222,.F.);
#1755=ORIENTED_EDGE('',*,*,#1219,.F.);
#1756=ORIENTED_EDGE('',*,*,#1216,.F.);
#1757=ORIENTED_EDGE('',*,*,#1262,.F.);
#1758=ORIENTED_EDGE('',*,*,#1263,.T.);
#1759=ORIENTED_EDGE('',*,*,#1264,.T.);
#1760=ORIENTED_EDGE('',*,*,#1263,.F.);
#1761=ORIENTED_EDGE('',*,*,#1265,.F.);
#1762=ORIENTED_EDGE('',*,*,#1266,.T.);
#1763=ORIENTED_EDGE('',*,*,#1267,.T.);
#1764=ORIENTED_EDGE('',*,*,#1266,.F.);
#1765=ORIENTED_EDGE('',*,*,#1268,.F.);
#1766=ORIENTED_EDGE('',*,*,#1269,.T.);
#1767=ORIENTED_EDGE('',*,*,#1270,.T.);
#1768=ORIENTED_EDGE('',*,*,#1269,.F.);
#1769=ORIENTED_EDGE('',*,*,#1271,.F.);
#1770=ORIENTED_EDGE('',*,*,#1272,.T.);
#1771=ORIENTED_EDGE('',*,*,#1273,.T.);
#1772=ORIENTED_EDGE('',*,*,#1272,.F.);
#1773=ORIENTED_EDGE('',*,*,#1274,.T.);
#1774=ORIENTED_EDGE('',*,*,#1275,.T.);
#1775=ORIENTED_EDGE('',*,*,#1276,.F.);
#1776=ORIENTED_EDGE('',*,*,#1277,.F.);
#1777=ORIENTED_EDGE('',*,*,#1278,.F.);
#1778=ORIENTED_EDGE('',*,*,#1277,.T.);
#1779=ORIENTED_EDGE('',*,*,#1279,.F.);
#1780=ORIENTED_EDGE('',*,*,#1280,.F.);
#1781=ORIENTED_EDGE('',*,*,#1281,.T.);
#1782=ORIENTED_EDGE('',*,*,#1280,.T.);
#1783=ORIENTED_EDGE('',*,*,#1282,.F.);
#1784=ORIENTED_EDGE('',*,*,#1283,.F.);
#1785=ORIENTED_EDGE('',*,*,#1284,.F.);
#1786=ORIENTED_EDGE('',*,*,#1283,.T.);
#1787=ORIENTED_EDGE('',*,*,#1285,.F.);
#1788=ORIENTED_EDGE('',*,*,#1286,.F.);
#1789=ORIENTED_EDGE('',*,*,#1287,.T.);
#1790=ORIENTED_EDGE('',*,*,#1286,.T.);
#1791=ORIENTED_EDGE('',*,*,#1288,.F.);
#1792=ORIENTED_EDGE('',*,*,#1289,.F.);
#1793=ORIENTED_EDGE('',*,*,#1290,.T.);
#1794=ORIENTED_EDGE('',*,*,#1289,.T.);
#1795=ORIENTED_EDGE('',*,*,#1291,.F.);
#1796=ORIENTED_EDGE('',*,*,#1292,.F.);
#1797=ORIENTED_EDGE('',*,*,#1293,.T.);
#1798=ORIENTED_EDGE('',*,*,#1292,.T.);
#1799=ORIENTED_EDGE('',*,*,#1294,.F.);
#1800=ORIENTED_EDGE('',*,*,#1295,.F.);
#1801=ORIENTED_EDGE('',*,*,#1296,.T.);
#1802=ORIENTED_EDGE('',*,*,#1295,.T.);
#1803=ORIENTED_EDGE('',*,*,#1297,.F.);
#1804=ORIENTED_EDGE('',*,*,#1275,.F.);
#1805=ORIENTED_EDGE('',*,*,#1297,.T.);
#1806=ORIENTED_EDGE('',*,*,#1294,.T.);
#1807=ORIENTED_EDGE('',*,*,#1291,.T.);
#1808=ORIENTED_EDGE('',*,*,#1288,.T.);
#1809=ORIENTED_EDGE('',*,*,#1285,.T.);
#1810=ORIENTED_EDGE('',*,*,#1282,.T.);
#1811=ORIENTED_EDGE('',*,*,#1279,.T.);
#1812=ORIENTED_EDGE('',*,*,#1276,.T.);
#1813=ORIENTED_EDGE('',*,*,#1271,.T.);
#1814=ORIENTED_EDGE('',*,*,#1268,.T.);
#1815=ORIENTED_EDGE('',*,*,#1265,.T.);
#1816=ORIENTED_EDGE('',*,*,#1262,.T.);
#1817=ORIENTED_EDGE('',*,*,#1296,.F.);
#1818=ORIENTED_EDGE('',*,*,#1274,.F.);
#1819=ORIENTED_EDGE('',*,*,#1278,.T.);
#1820=ORIENTED_EDGE('',*,*,#1281,.F.);
#1821=ORIENTED_EDGE('',*,*,#1284,.T.);
#1822=ORIENTED_EDGE('',*,*,#1287,.F.);
#1823=ORIENTED_EDGE('',*,*,#1290,.F.);
#1824=ORIENTED_EDGE('',*,*,#1293,.F.);
#1825=ORIENTED_EDGE('',*,*,#1273,.F.);
#1826=ORIENTED_EDGE('',*,*,#1270,.F.);
#1827=ORIENTED_EDGE('',*,*,#1267,.F.);
#1828=ORIENTED_EDGE('',*,*,#1264,.F.);
#1829=ORIENTED_EDGE('',*,*,#1298,.T.);
#1830=ORIENTED_EDGE('',*,*,#1299,.T.);
#1831=ORIENTED_EDGE('',*,*,#1300,.T.);
#1832=ORIENTED_EDGE('',*,*,#1301,.T.);
#1833=ORIENTED_EDGE('',*,*,#1302,.T.);
#1834=ORIENTED_EDGE('',*,*,#1303,.T.);
#1835=ORIENTED_EDGE('',*,*,#1302,.F.);
#1836=ORIENTED_EDGE('',*,*,#1304,.F.);
#1837=ORIENTED_EDGE('',*,*,#1300,.F.);
#1838=ORIENTED_EDGE('',*,*,#1305,.T.);
#1839=ORIENTED_EDGE('',*,*,#1301,.F.);
#1840=ORIENTED_EDGE('',*,*,#1306,.F.);
#1841=ORIENTED_EDGE('',*,*,#1298,.F.);
#1842=ORIENTED_EDGE('',*,*,#1304,.T.);
#1843=ORIENTED_EDGE('',*,*,#1303,.F.);
#1844=ORIENTED_EDGE('',*,*,#1305,.F.);
#1845=ORIENTED_EDGE('',*,*,#1299,.F.);
#1846=ORIENTED_EDGE('',*,*,#1306,.T.);
#1847=CYLINDRICAL_SURFACE('',#2057,0.0890000000000001);
#1848=CYLINDRICAL_SURFACE('',#2060,0.089);
#1849=CYLINDRICAL_SURFACE('',#2063,0.089);
#1850=CYLINDRICAL_SURFACE('',#2066,0.089);
#1851=CYLINDRICAL_SURFACE('',#2161,0.15);
#1852=CYLINDRICAL_SURFACE('',#2163,0.15);
#1853=CYLINDRICAL_SURFACE('',#2164,0.5);
#1854=CYLINDRICAL_SURFACE('',#2166,0.5);
#1855=CYLINDRICAL_SURFACE('',#2168,0.089);
#1856=CYLINDRICAL_SURFACE('',#2169,0.0890000000000001);
#1857=CYLINDRICAL_SURFACE('',#2170,0.0889999999999999);
#1858=CYLINDRICAL_SURFACE('',#2171,0.089);
#1859=CYLINDRICAL_SURFACE('',#2172,0.089);
#1860=CYLINDRICAL_SURFACE('',#2173,0.0890000000000001);
#1861=CYLINDRICAL_SURFACE('',#2174,0.0890000000000001);
#1862=CYLINDRICAL_SURFACE('',#2175,0.089);
#1863=CYLINDRICAL_SURFACE('',#2176,0.0890000000000001);
#1864=CYLINDRICAL_SURFACE('',#2177,0.089);
#1865=CYLINDRICAL_SURFACE('',#2178,0.089);
#1866=CYLINDRICAL_SURFACE('',#2179,0.089);
#1867=CYLINDRICAL_SURFACE('',#2180,0.0890000000000001);
#1868=CYLINDRICAL_SURFACE('',#2181,0.089);
#1869=CYLINDRICAL_SURFACE('',#2182,0.089);
#1870=CYLINDRICAL_SURFACE('',#2183,0.0890000000000001);
#1871=CYLINDRICAL_SURFACE('',#2184,0.0890000000000001);
#1872=CYLINDRICAL_SURFACE('',#2185,0.089);
#1873=CYLINDRICAL_SURFACE('',#2186,0.089);
#1874=CYLINDRICAL_SURFACE('',#2187,0.0889999999999999);
#1875=CYLINDRICAL_SURFACE('',#2188,0.089);
#1876=CYLINDRICAL_SURFACE('',#2189,0.0890000000000001);
#1877=CYLINDRICAL_SURFACE('',#2190,0.0890000000000001);
#1878=CYLINDRICAL_SURFACE('',#2191,0.0890000000000001);
#1879=CYLINDRICAL_SURFACE('',#2192,0.089);
#1880=CYLINDRICAL_SURFACE('',#2193,0.0890000000000001);
#1881=CYLINDRICAL_SURFACE('',#2194,0.0890000000000001);
#1882=CYLINDRICAL_SURFACE('',#2195,0.089);
#1883=CYLINDRICAL_SURFACE('',#2196,0.0889999999999999);
#1884=CYLINDRICAL_SURFACE('',#2197,0.089);
#1885=CYLINDRICAL_SURFACE('',#2198,0.0890000000000001);
#1886=CYLINDRICAL_SURFACE('',#2199,0.0890000000000001);
#1887=CYLINDRICAL_SURFACE('',#2200,0.0890000000000001);
#1888=CYLINDRICAL_SURFACE('',#2201,0.089);
#1889=CYLINDRICAL_SURFACE('',#2202,0.0890000000000001);
#1890=CYLINDRICAL_SURFACE('',#2203,0.25);
#1891=CYLINDRICAL_SURFACE('',#2205,0.25);
#1892=CYLINDRICAL_SURFACE('',#2207,0.25);
#1893=CYLINDRICAL_SURFACE('',#2209,0.178);
#1894=CYLINDRICAL_SURFACE('',#2211,0.178);
#1895=CYLINDRICAL_SURFACE('',#2213,0.178);
#1896=CYLINDRICAL_SURFACE('',#2216,0.0890000000000001);
#1897=CYLINDRICAL_SURFACE('',#2219,0.089);
#1898=CYLINDRICAL_SURFACE('',#2222,0.089);
#1899=CYLINDRICAL_SURFACE('',#2225,0.0890000000000001);
#1900=CYLINDRICAL_SURFACE('',#2228,0.0890000000000001);
#1901=CYLINDRICAL_SURFACE('',#2231,0.0889999999999999);
#1902=CYLINDRICAL_SURFACE('',#2234,0.089);
#1903=CYLINDRICAL_SURFACE('',#2238,0.25);
#1904=CYLINDRICAL_SURFACE('',#2242,0.25);
#1905=CYLINDRICAL_SURFACE('',#2246,0.25);
#1906=CYLINDRICAL_SURFACE('',#2250,0.25);
#1907=CYLINDRICAL_SURFACE('',#2254,0.25);
#1908=CYLINDRICAL_SURFACE('',#2260,0.089);
#1909=CYLINDRICAL_SURFACE('',#2263,0.089);
#1910=CYLINDRICAL_SURFACE('',#2266,0.0890000000000001);
#1911=CYLINDRICAL_SURFACE('',#2269,0.089);
#1912=CYLINDRICAL_SURFACE('',#2272,0.25);
#1913=CYLINDRICAL_SURFACE('',#2276,0.25);
#1914=CYLINDRICAL_SURFACE('',#2280,0.25);
#1915=CYLINDRICAL_SURFACE('',#2284,0.25);
#1916=CYLINDRICAL_SURFACE('',#2298,2.4622144925743);
#1917=CYLINDRICAL_SURFACE('',#2299,0.728011012162011);
#1918=CYLINDRICAL_SURFACE('',#2300,0.824621151440736);
#1919=ADVANCED_FACE('',(#165),#1847,.F.);
#1920=ADVANCED_FACE('',(#166),#1848,.F.);
#1921=ADVANCED_FACE('',(#167),#1849,.F.);
#1922=ADVANCED_FACE('',(#168),#1850,.F.);
#1923=ADVANCED_FACE('',(#169,#39,#40,#41,#42,#43,#44,#45,#46,#47,#48,#49,
#50,#51,#52,#53,#54,#55,#56,#57,#58,#59,#60,#61,#62,#63,#64,#65,#66,#67,
#68,#69,#70,#71,#72,#73,#74,#75,#76,#77),#139,.F.);
#1924=ADVANCED_FACE('',(#170,#78,#79,#80,#81,#82,#83,#84,#85,#86,#87,#88,
#89,#90,#91,#92,#93,#94,#95,#96,#97,#98,#99,#100,#101,#102,#103,#104,#105,
#106,#107,#108,#109,#110,#111,#112,#113,#114,#115,#116),#140,.T.);
#1925=ADVANCED_FACE('',(#171),#1851,.T.);
#1926=ADVANCED_FACE('',(#172),#141,.T.);
#1927=ADVANCED_FACE('',(#173),#1852,.T.);
#1928=ADVANCED_FACE('',(#174),#1853,.F.);
#1929=ADVANCED_FACE('',(#175),#142,.T.);
#1930=ADVANCED_FACE('',(#176),#1854,.F.);
#1931=ADVANCED_FACE('',(#177),#143,.T.);
#1932=ADVANCED_FACE('',(#178),#1855,.F.);
#1933=ADVANCED_FACE('',(#179),#1856,.F.);
#1934=ADVANCED_FACE('',(#180),#1857,.F.);
#1935=ADVANCED_FACE('',(#181),#1858,.F.);
#1936=ADVANCED_FACE('',(#182),#1859,.F.);
#1937=ADVANCED_FACE('',(#183),#1860,.F.);
#1938=ADVANCED_FACE('',(#184),#1861,.F.);
#1939=ADVANCED_FACE('',(#185),#1862,.F.);
#1940=ADVANCED_FACE('',(#186),#1863,.F.);
#1941=ADVANCED_FACE('',(#187),#1864,.F.);
#1942=ADVANCED_FACE('',(#188),#1865,.F.);
#1943=ADVANCED_FACE('',(#189),#1866,.F.);
#1944=ADVANCED_FACE('',(#190),#1867,.F.);
#1945=ADVANCED_FACE('',(#191),#1868,.F.);
#1946=ADVANCED_FACE('',(#192),#1869,.F.);
#1947=ADVANCED_FACE('',(#193),#1870,.F.);
#1948=ADVANCED_FACE('',(#194),#1871,.F.);
#1949=ADVANCED_FACE('',(#195),#1872,.F.);
#1950=ADVANCED_FACE('',(#196),#1873,.F.);
#1951=ADVANCED_FACE('',(#197),#1874,.F.);
#1952=ADVANCED_FACE('',(#198),#1875,.F.);
#1953=ADVANCED_FACE('',(#199),#1876,.F.);
#1954=ADVANCED_FACE('',(#200),#1877,.F.);
#1955=ADVANCED_FACE('',(#201),#1878,.F.);
#1956=ADVANCED_FACE('',(#202),#1879,.F.);
#1957=ADVANCED_FACE('',(#203),#1880,.F.);
#1958=ADVANCED_FACE('',(#204),#1881,.F.);
#1959=ADVANCED_FACE('',(#205),#1882,.F.);
#1960=ADVANCED_FACE('',(#206),#1883,.F.);
#1961=ADVANCED_FACE('',(#207),#1884,.F.);
#1962=ADVANCED_FACE('',(#208),#1885,.F.);
#1963=ADVANCED_FACE('',(#209),#1886,.F.);
#1964=ADVANCED_FACE('',(#210),#1887,.F.);
#1965=ADVANCED_FACE('',(#211),#1888,.F.);
#1966=ADVANCED_FACE('',(#212),#1889,.F.);
#1967=ADVANCED_FACE('',(#213),#1890,.T.);
#1968=ADVANCED_FACE('',(#214),#144,.T.);
#1969=ADVANCED_FACE('',(#215),#1891,.T.);
#1970=ADVANCED_FACE('',(#216),#145,.T.);
#1971=ADVANCED_FACE('',(#217),#1892,.T.);
#1972=ADVANCED_FACE('',(#218),#146,.T.);
#1973=ADVANCED_FACE('',(#219),#1893,.T.);
#1974=ADVANCED_FACE('',(#220),#147,.T.);
#1975=ADVANCED_FACE('',(#221),#1894,.T.);
#1976=ADVANCED_FACE('',(#222),#148,.T.);
#1977=ADVANCED_FACE('',(#223),#1895,.T.);
#1978=ADVANCED_FACE('',(#224),#149,.T.);
#1979=ADVANCED_FACE('',(#225),#1896,.F.);
#1980=ADVANCED_FACE('',(#226),#1897,.F.);
#1981=ADVANCED_FACE('',(#227),#1898,.F.);
#1982=ADVANCED_FACE('',(#228),#1899,.F.);
#1983=ADVANCED_FACE('',(#229),#1900,.F.);
#1984=ADVANCED_FACE('',(#230),#1901,.F.);
#1985=ADVANCED_FACE('',(#231),#1902,.F.);
#1986=ADVANCED_FACE('',(#232),#150,.T.);
#1987=ADVANCED_FACE('',(#233),#1903,.T.);
#1988=ADVANCED_FACE('',(#234),#151,.T.);
#1989=ADVANCED_FACE('',(#235),#1904,.T.);
#1990=ADVANCED_FACE('',(#236),#152,.T.);
#1991=ADVANCED_FACE('',(#237),#1905,.T.);
#1992=ADVANCED_FACE('',(#238),#153,.T.);
#1993=ADVANCED_FACE('',(#239),#1906,.T.);
#1994=ADVANCED_FACE('',(#240),#154,.T.);
#1995=ADVANCED_FACE('',(#241),#1907,.T.);
#1996=ADVANCED_FACE('',(#242,#117,#118,#119,#120,#121,#122,#123),#155,.T.);
#1997=ADVANCED_FACE('',(#243,#124,#125,#126,#127,#128,#129,#130),#156,.F.);
#1998=ADVANCED_FACE('',(#244),#1908,.F.);
#1999=ADVANCED_FACE('',(#245),#1909,.F.);
#2000=ADVANCED_FACE('',(#246),#1910,.F.);
#2001=ADVANCED_FACE('',(#247),#1911,.F.);
#2002=ADVANCED_FACE('',(#248),#1912,.T.);
#2003=ADVANCED_FACE('',(#249),#157,.T.);
#2004=ADVANCED_FACE('',(#250),#1913,.T.);
#2005=ADVANCED_FACE('',(#251),#158,.T.);
#2006=ADVANCED_FACE('',(#252),#1914,.T.);
#2007=ADVANCED_FACE('',(#253),#159,.T.);
#2008=ADVANCED_FACE('',(#254),#1915,.T.);
#2009=ADVANCED_FACE('',(#255),#160,.T.);
#2010=ADVANCED_FACE('',(#256,#131,#132,#133,#134),#161,.T.);
#2011=ADVANCED_FACE('',(#257,#135,#136,#137,#138),#162,.F.);
#2012=ADVANCED_FACE('',(#258),#163,.T.);
#2013=ADVANCED_FACE('',(#259),#164,.F.);
#2014=ADVANCED_FACE('',(#260),#1916,.T.);
#2015=ADVANCED_FACE('',(#261),#1917,.F.);
#2016=ADVANCED_FACE('',(#262),#1918,.F.);
#2017=CLOSED_SHELL('',(#1919,#1920,#1921,#1922,#1923,#1924,#1925,#1926,
#1927,#1928,#1929,#1930,#1931,#1932,#1933,#1934,#1935,#1936,#1937,#1938,
#1939,#1940,#1941,#1942,#1943,#1944,#1945,#1946,#1947,#1948,#1949,#1950,
#1951,#1952,#1953,#1954,#1955,#1956,#1957,#1958,#1959,#1960,#1961,#1962,
#1963,#1964,#1965,#1966,#1967,#1968,#1969,#1970,#1971,#1972,#1973,#1974,
#1975,#1976,#1977,#1978));
#2018=CLOSED_SHELL('',(#1979,#1980,#1981,#1982,#1983,#1984,#1985,#1986,
#1987,#1988,#1989,#1990,#1991,#1992,#1993,#1994,#1995,#1996,#1997));
#2019=CLOSED_SHELL('',(#1998,#1999,#2000,#2001,#2002,#2003,#2004,#2005,
#2006,#2007,#2008,#2009,#2010,#2011));
#2020=CLOSED_SHELL('',(#2012,#2013,#2014,#2015,#2016));
#2021=DERIVED_UNIT_ELEMENT(#2027,1.);
#2022=DERIVED_UNIT_ELEMENT(#3496,-3.);
#2023=DERIVED_UNIT_ELEMENT(#2027,1.);
#2024=DERIVED_UNIT_ELEMENT(#3496,-3.);
#2025=DERIVED_UNIT_ELEMENT(#2027,1.);
#2026=DERIVED_UNIT_ELEMENT(#3496,-3.);
#2027=(
MASS_UNIT()
NAMED_UNIT(*)
SI_UNIT(.KILO.,.GRAM.)
);
#2028=DERIVED_UNIT((#2021,#2022));
#2029=DERIVED_UNIT((#2023,#2024));
#2030=DERIVED_UNIT((#2025,#2026));
#2031=MEASURE_REPRESENTATION_ITEM('density measure',
POSITIVE_RATIO_MEASURE(7850.),#2028);
#2032=MEASURE_REPRESENTATION_ITEM('density measure',
POSITIVE_RATIO_MEASURE(7850.),#2029);
#2033=MEASURE_REPRESENTATION_ITEM('density measure',
POSITIVE_RATIO_MEASURE(7850.),#2030);
#2034=PROPERTY_DEFINITION_REPRESENTATION(#2049,#2040);
#2035=PROPERTY_DEFINITION_REPRESENTATION(#2050,#2041);
#2036=PROPERTY_DEFINITION_REPRESENTATION(#2051,#2042);
#2037=PROPERTY_DEFINITION_REPRESENTATION(#2052,#2043);
#2038=PROPERTY_DEFINITION_REPRESENTATION(#2053,#2044);
#2039=PROPERTY_DEFINITION_REPRESENTATION(#2054,#2045);
#2040=REPRESENTATION('material name',(#2046),#3489);
#2041=REPRESENTATION('density',(#2031),#3489);
#2042=REPRESENTATION('material name',(#2047),#3490);
#2043=REPRESENTATION('density',(#2032),#3490);
#2044=REPRESENTATION('material name',(#2048),#3491);
#2045=REPRESENTATION('density',(#2033),#3491);
#2046=DESCRIPTIVE_REPRESENTATION_ITEM('Steel','Steel');
#2047=DESCRIPTIVE_REPRESENTATION_ITEM('Steel','Steel');
#2048=DESCRIPTIVE_REPRESENTATION_ITEM('Steel','Steel');
#2049=PROPERTY_DEFINITION('material property','material name',#3517);
#2050=PROPERTY_DEFINITION('material property','density of part',#3517);
#2051=PROPERTY_DEFINITION('material property','material name',#3518);
#2052=PROPERTY_DEFINITION('material property','density of part',#3518);
#2053=PROPERTY_DEFINITION('material property','material name',#3519);
#2054=PROPERTY_DEFINITION('material property','density of part',#3519);
#2055=AXIS2_PLACEMENT_3D('',#2928,#2304,#2305);
#2056=AXIS2_PLACEMENT_3D('',#2929,#2306,#2307);
#2057=AXIS2_PLACEMENT_3D('',#2930,#2308,#2309);
#2058=AXIS2_PLACEMENT_3D('',#2932,#2310,#2311);
#2059=AXIS2_PLACEMENT_3D('',#2935,#2313,#2314);
#2060=AXIS2_PLACEMENT_3D('',#2936,#2315,#2316);
#2061=AXIS2_PLACEMENT_3D('',#2938,#2317,#2318);
#2062=AXIS2_PLACEMENT_3D('',#2941,#2320,#2321);
#2063=AXIS2_PLACEMENT_3D('',#2942,#2322,#2323);
#2064=AXIS2_PLACEMENT_3D('',#2944,#2324,#2325);
#2065=AXIS2_PLACEMENT_3D('',#2947,#2327,#2328);
#2066=AXIS2_PLACEMENT_3D('',#2948,#2329,#2330);
#2067=AXIS2_PLACEMENT_3D('',#2950,#2331,#2332);
#2068=AXIS2_PLACEMENT_3D('',#2953,#2334,#2335);
#2069=AXIS2_PLACEMENT_3D('',#2954,#2336,#2337);
#2070=AXIS2_PLACEMENT_3D('',#2957,#2338,#2339);
#2071=AXIS2_PLACEMENT_3D('',#2959,#2340,#2341);
#2072=AXIS2_PLACEMENT_3D('',#2963,#2343,#2344);
#2073=AXIS2_PLACEMENT_3D('',#2967,#2346,#2347);
#2074=AXIS2_PLACEMENT_3D('',#2971,#2349,#2350);
#2075=AXIS2_PLACEMENT_3D('',#2975,#2352,#2353);
#2076=AXIS2_PLACEMENT_3D('',#2979,#2355,#2356);
#2077=AXIS2_PLACEMENT_3D('',#2983,#2358,#2359);
#2078=AXIS2_PLACEMENT_3D('',#2987,#2361,#2362);
#2079=AXIS2_PLACEMENT_3D('',#2991,#2364,#2365);
#2080=AXIS2_PLACEMENT_3D('',#2994,#2367,#2368);
#2081=AXIS2_PLACEMENT_3D('',#2996,#2369,#2370);
#2082=AXIS2_PLACEMENT_3D('',#2998,#2371,#2372);
#2083=AXIS2_PLACEMENT_3D('',#3000,#2373,#2374);
#2084=AXIS2_PLACEMENT_3D('',#3002,#2375,#2376);
#2085=AXIS2_PLACEMENT_3D('',#3004,#2377,#2378);
#2086=AXIS2_PLACEMENT_3D('',#3006,#2379,#2380);
#2087=AXIS2_PLACEMENT_3D('',#3008,#2381,#2382);
#2088=AXIS2_PLACEMENT_3D('',#3010,#2383,#2384);
#2089=AXIS2_PLACEMENT_3D('',#3012,#2385,#2386);
#2090=AXIS2_PLACEMENT_3D('',#3014,#2387,#2388);
#2091=AXIS2_PLACEMENT_3D('',#3016,#2389,#2390);
#2092=AXIS2_PLACEMENT_3D('',#3018,#2391,#2392);
#2093=AXIS2_PLACEMENT_3D('',#3020,#2393,#2394);
#2094=AXIS2_PLACEMENT_3D('',#3022,#2395,#2396);
#2095=AXIS2_PLACEMENT_3D('',#3024,#2397,#2398);
#2096=AXIS2_PLACEMENT_3D('',#3026,#2399,#2400);
#2097=AXIS2_PLACEMENT_3D('',#3028,#2401,#2402);
#2098=AXIS2_PLACEMENT_3D('',#3030,#2403,#2404);
#2099=AXIS2_PLACEMENT_3D('',#3032,#2405,#2406);
#2100=AXIS2_PLACEMENT_3D('',#3034,#2407,#2408);
#2101=AXIS2_PLACEMENT_3D('',#3036,#2409,#2410);
#2102=AXIS2_PLACEMENT_3D('',#3038,#2411,#2412);
#2103=AXIS2_PLACEMENT_3D('',#3040,#2413,#2414);
#2104=AXIS2_PLACEMENT_3D('',#3042,#2415,#2416);
#2105=AXIS2_PLACEMENT_3D('',#3044,#2417,#2418);
#2106=AXIS2_PLACEMENT_3D('',#3046,#2419,#2420);
#2107=AXIS2_PLACEMENT_3D('',#3048,#2421,#2422);
#2108=AXIS2_PLACEMENT_3D('',#3050,#2423,#2424);
#2109=AXIS2_PLACEMENT_3D('',#3052,#2425,#2426);
#2110=AXIS2_PLACEMENT_3D('',#3054,#2427,#2428);
#2111=AXIS2_PLACEMENT_3D('',#3056,#2429,#2430);
#2112=AXIS2_PLACEMENT_3D('',#3058,#2431,#2432);
#2113=AXIS2_PLACEMENT_3D('',#3060,#2433,#2434);
#2114=AXIS2_PLACEMENT_3D('',#3062,#2435,#2436);
#2115=AXIS2_PLACEMENT_3D('',#3063,#2437,#2438);
#2116=AXIS2_PLACEMENT_3D('',#3066,#2439,#2440);
#2117=AXIS2_PLACEMENT_3D('',#3070,#2442,#2443);
#2118=AXIS2_PLACEMENT_3D('',#3074,#2445,#2446);
#2119=AXIS2_PLACEMENT_3D('',#3078,#2448,#2449);
#2120=AXIS2_PLACEMENT_3D('',#3082,#2451,#2452);
#2121=AXIS2_PLACEMENT_3D('',#3086,#2454,#2455);
#2122=AXIS2_PLACEMENT_3D('',#3090,#2457,#2458);
#2123=AXIS2_PLACEMENT_3D('',#3094,#2460,#2461);
#2124=AXIS2_PLACEMENT_3D('',#3098,#2463,#2464);
#2125=AXIS2_PLACEMENT_3D('',#3101,#2466,#2467);
#2126=AXIS2_PLACEMENT_3D('',#3103,#2468,#2469);
#2127=AXIS2_PLACEMENT_3D('',#3105,#2470,#2471);
#2128=AXIS2_PLACEMENT_3D('',#3107,#2472,#2473);
#2129=AXIS2_PLACEMENT_3D('',#3109,#2474,#2475);
#2130=AXIS2_PLACEMENT_3D('',#3111,#2476,#2477);
#2131=AXIS2_PLACEMENT_3D('',#3113,#2478,#2479);
#2132=AXIS2_PLACEMENT_3D('',#3115,#2480,#2481);
#2133=AXIS2_PLACEMENT_3D('',#3117,#2482,#2483);
#2134=AXIS2_PLACEMENT_3D('',#3119,#2484,#2485);
#2135=AXIS2_PLACEMENT_3D('',#3121,#2486,#2487);
#2136=AXIS2_PLACEMENT_3D('',#3123,#2488,#2489);
#2137=AXIS2_PLACEMENT_3D('',#3125,#2490,#2491);
#2138=AXIS2_PLACEMENT_3D('',#3127,#2492,#2493);
#2139=AXIS2_PLACEMENT_3D('',#3129,#2494,#2495);
#2140=AXIS2_PLACEMENT_3D('',#3131,#2496,#2497);
#2141=AXIS2_PLACEMENT_3D('',#3133,#2498,#2499);
#2142=AXIS2_PLACEMENT_3D('',#3135,#2500,#2501);
#2143=AXIS2_PLACEMENT_3D('',#3137,#2502,#2503);
#2144=AXIS2_PLACEMENT_3D('',#3139,#2504,#2505);
#2145=AXIS2_PLACEMENT_3D('',#3141,#2506,#2507);
#2146=AXIS2_PLACEMENT_3D('',#3143,#2508,#2509);
#2147=AXIS2_PLACEMENT_3D('',#3145,#2510,#2511);
#2148=AXIS2_PLACEMENT_3D('',#3147,#2512,#2513);
#2149=AXIS2_PLACEMENT_3D('',#3149,#2514,#2515);
#2150=AXIS2_PLACEMENT_3D('',#3151,#2516,#2517);
#2151=AXIS2_PLACEMENT_3D('',#3153,#2518,#2519);
#2152=AXIS2_PLACEMENT_3D('',#3155,#2520,#2521);
#2153=AXIS2_PLACEMENT_3D('',#3157,#2522,#2523);
#2154=AXIS2_PLACEMENT_3D('',#3159,#2524,#2525);
#2155=AXIS2_PLACEMENT_3D('',#3161,#2526,#2527);
#2156=AXIS2_PLACEMENT_3D('',#3163,#2528,#2529);
#2157=AXIS2_PLACEMENT_3D('',#3165,#2530,#2531);
#2158=AXIS2_PLACEMENT_3D('',#3167,#2532,#2533);
#2159=AXIS2_PLACEMENT_3D('',#3169,#2534,#2535);
#2160=AXIS2_PLACEMENT_3D('',#3171,#2536,#2537);
#2161=AXIS2_PLACEMENT_3D('',#3172,#2538,#2539);
#2162=AXIS2_PLACEMENT_3D('',#3175,#2542,#2543);
#2163=AXIS2_PLACEMENT_3D('',#3177,#2545,#2546);
#2164=AXIS2_PLACEMENT_3D('',#3179,#2548,#2549);
#2165=AXIS2_PLACEMENT_3D('',#3182,#2552,#2553);
#2166=AXIS2_PLACEMENT_3D('',#3184,#2555,#2556);
#2167=AXIS2_PLACEMENT_3D('',#3187,#2559,#2560);
#2168=AXIS2_PLACEMENT_3D('',#3189,#2562,#2563);
#2169=AXIS2_PLACEMENT_3D('',#3191,#2565,#2566);
#2170=AXIS2_PLACEMENT_3D('',#3193,#2568,#2569);
#2171=AXIS2_PLACEMENT_3D('',#3195,#2571,#2572);
#2172=AXIS2_PLACEMENT_3D('',#3197,#2574,#2575);
#2173=AXIS2_PLACEMENT_3D('',#3199,#2577,#2578);
#2174=AXIS2_PLACEMENT_3D('',#3201,#2580,#2581);
#2175=AXIS2_PLACEMENT_3D('',#3203,#2583,#2584);
#2176=AXIS2_PLACEMENT_3D('',#3205,#2586,#2587);
#2177=AXIS2_PLACEMENT_3D('',#3207,#2589,#2590);
#2178=AXIS2_PLACEMENT_3D('',#3209,#2592,#2593);
#2179=AXIS2_PLACEMENT_3D('',#3211,#2595,#2596);
#2180=AXIS2_PLACEMENT_3D('',#3213,#2598,#2599);
#2181=AXIS2_PLACEMENT_3D('',#3215,#2601,#2602);
#2182=AXIS2_PLACEMENT_3D('',#3217,#2604,#2605);
#2183=AXIS2_PLACEMENT_3D('',#3219,#2607,#2608);
#2184=AXIS2_PLACEMENT_3D('',#3221,#2610,#2611);
#2185=AXIS2_PLACEMENT_3D('',#3223,#2613,#2614);
#2186=AXIS2_PLACEMENT_3D('',#3225,#2616,#2617);
#2187=AXIS2_PLACEMENT_3D('',#3227,#2619,#2620);
#2188=AXIS2_PLACEMENT_3D('',#3229,#2622,#2623);
#2189=AXIS2_PLACEMENT_3D('',#3231,#2625,#2626);
#2190=AXIS2_PLACEMENT_3D('',#3233,#2628,#2629);
#2191=AXIS2_PLACEMENT_3D('',#3235,#2631,#2632);
#2192=AXIS2_PLACEMENT_3D('',#3237,#2634,#2635);
#2193=AXIS2_PLACEMENT_3D('',#3239,#2637,#2638);
#2194=AXIS2_PLACEMENT_3D('',#3241,#2640,#2641);
#2195=AXIS2_PLACEMENT_3D('',#3243,#2643,#2644);
#2196=AXIS2_PLACEMENT_3D('',#3245,#2646,#2647);
#2197=AXIS2_PLACEMENT_3D('',#3247,#2649,#2650);
#2198=AXIS2_PLACEMENT_3D('',#3249,#2652,#2653);
#2199=AXIS2_PLACEMENT_3D('',#3251,#2655,#2656);
#2200=AXIS2_PLACEMENT_3D('',#3253,#2658,#2659);
#2201=AXIS2_PLACEMENT_3D('',#3255,#2661,#2662);
#2202=AXIS2_PLACEMENT_3D('',#3257,#2664,#2665);
#2203=AXIS2_PLACEMENT_3D('',#3259,#2667,#2668);
#2204=AXIS2_PLACEMENT_3D('',#3261,#2670,#2671);
#2205=AXIS2_PLACEMENT_3D('',#3263,#2673,#2674);
#2206=AXIS2_PLACEMENT_3D('',#3265,#2676,#2677);
#2207=AXIS2_PLACEMENT_3D('',#3267,#2679,#2680);
#2208=AXIS2_PLACEMENT_3D('',#3269,#2682,#2683);
#2209=AXIS2_PLACEMENT_3D('',#3271,#2685,#2686);
#2210=AXIS2_PLACEMENT_3D('',#3272,#2687,#2688);
#2211=AXIS2_PLACEMENT_3D('',#3274,#2690,#2691);
#2212=AXIS2_PLACEMENT_3D('',#3275,#2692,#2693);
#2213=AXIS2_PLACEMENT_3D('',#3277,#2695,#2696);
#2214=AXIS2_PLACEMENT_3D('',#3279,#2698,#2699);
#2215=AXIS2_PLACEMENT_3D('',#3280,#2700,#2701);
#2216=AXIS2_PLACEMENT_3D('',#3281,#2702,#2703);
#2217=AXIS2_PLACEMENT_3D('',#3283,#2704,#2705);
#2218=AXIS2_PLACEMENT_3D('',#3286,#2707,#2708);
#2219=AXIS2_PLACEMENT_3D('',#3287,#2709,#2710);
#2220=AXIS2_PLACEMENT_3D('',#3289,#2711,#2712);
#2221=AXIS2_PLACEMENT_3D('',#3292,#2714,#2715);
#2222=AXIS2_PLACEMENT_3D('',#3293,#2716,#2717);
#2223=AXIS2_PLACEMENT_3D('',#3295,#2718,#2719);
#2224=AXIS2_PLACEMENT_3D('',#3298,#2721,#2722);
#2225=AXIS2_PLACEMENT_3D('',#3299,#2723,#2724);
#2226=AXIS2_PLACEMENT_3D('',#3301,#2725,#2726);
#2227=AXIS2_PLACEMENT_3D('',#3304,#2728,#2729);
#2228=AXIS2_PLACEMENT_3D('',#3305,#2730,#2731);
#2229=AXIS2_PLACEMENT_3D('',#3307,#2732,#2733);
#2230=AXIS2_PLACEMENT_3D('',#3310,#2735,#2736);
#2231=AXIS2_PLACEMENT_3D('',#3311,#2737,#2738);
#2232=AXIS2_PLACEMENT_3D('',#3313,#2739,#2740);
#2233=AXIS2_PLACEMENT_3D('',#3316,#2742,#2743);
#2234=AXIS2_PLACEMENT_3D('',#3317,#2744,#2745);
#2235=AXIS2_PLACEMENT_3D('',#3319,#2746,#2747);
#2236=AXIS2_PLACEMENT_3D('',#3322,#2749,#2750);
#2237=AXIS2_PLACEMENT_3D('',#3323,#2751,#2752);
#2238=AXIS2_PLACEMENT_3D('',#3332,#2757,#2758);
#2239=AXIS2_PLACEMENT_3D('',#3334,#2759,#2760);
#2240=AXIS2_PLACEMENT_3D('',#3336,#2761,#2762);
#2241=AXIS2_PLACEMENT_3D('',#3338,#2764,#2765);
#2242=AXIS2_PLACEMENT_3D('',#3344,#2769,#2770);
#2243=AXIS2_PLACEMENT_3D('',#3346,#2771,#2772);
#2244=AXIS2_PLACEMENT_3D('',#3348,#2773,#2774);
#2245=AXIS2_PLACEMENT_3D('',#3350,#2776,#2777);
#2246=AXIS2_PLACEMENT_3D('',#3356,#2781,#2782);
#2247=AXIS2_PLACEMENT_3D('',#3358,#2783,#2784);
#2248=AXIS2_PLACEMENT_3D('',#3360,#2785,#2786);
#2249=AXIS2_PLACEMENT_3D('',#3362,#2788,#2789);
#2250=AXIS2_PLACEMENT_3D('',#3368,#2793,#2794);
#2251=AXIS2_PLACEMENT_3D('',#3370,#2795,#2796);
#2252=AXIS2_PLACEMENT_3D('',#3372,#2797,#2798);
#2253=AXIS2_PLACEMENT_3D('',#3374,#2800,#2801);
#2254=AXIS2_PLACEMENT_3D('',#3380,#2805,#2806);
#2255=AXIS2_PLACEMENT_3D('',#3381,#2807,#2808);
#2256=AXIS2_PLACEMENT_3D('',#3382,#2809,#2810);
#2257=AXIS2_PLACEMENT_3D('',#3383,#2811,#2812);
#2258=AXIS2_PLACEMENT_3D('',#3384,#2813,#2814);
#2259=AXIS2_PLACEMENT_3D('',#3385,#2815,#2816);
#2260=AXIS2_PLACEMENT_3D('',#3386,#2817,#2818);
#2261=AXIS2_PLACEMENT_3D('',#3388,#2819,#2820);
#2262=AXIS2_PLACEMENT_3D('',#3391,#2822,#2823);
#2263=AXIS2_PLACEMENT_3D('',#3392,#2824,#2825);
#2264=AXIS2_PLACEMENT_3D('',#3394,#2826,#2827);
#2265=AXIS2_PLACEMENT_3D('',#3397,#2829,#2830);
#2266=AXIS2_PLACEMENT_3D('',#3398,#2831,#2832);
#2267=AXIS2_PLACEMENT_3D('',#3400,#2833,#2834);
#2268=AXIS2_PLACEMENT_3D('',#3403,#2836,#2837);
#2269=AXIS2_PLACEMENT_3D('',#3404,#2838,#2839);
#2270=AXIS2_PLACEMENT_3D('',#3406,#2840,#2841);
#2271=AXIS2_PLACEMENT_3D('',#3409,#2843,#2844);
#2272=AXIS2_PLACEMENT_3D('',#3410,#2845,#2846);
#2273=AXIS2_PLACEMENT_3D('',#3413,#2847,#2848);
#2274=AXIS2_PLACEMENT_3D('',#3417,#2850,#2851);
#2275=AXIS2_PLACEMENT_3D('',#3419,#2853,#2854);
#2276=AXIS2_PLACEMENT_3D('',#3425,#2858,#2859);
#2277=AXIS2_PLACEMENT_3D('',#3427,#2860,#2861);
#2278=AXIS2_PLACEMENT_3D('',#3429,#2862,#2863);
#2279=AXIS2_PLACEMENT_3D('',#3431,#2865,#2866);
#2280=AXIS2_PLACEMENT_3D('',#3437,#2870,#2871);
#2281=AXIS2_PLACEMENT_3D('',#3439,#2872,#2873);
#2282=AXIS2_PLACEMENT_3D('',#3441,#2874,#2875);
#2283=AXIS2_PLACEMENT_3D('',#3443,#2877,#2878);
#2284=AXIS2_PLACEMENT_3D('',#3449,#2882,#2883);
#2285=AXIS2_PLACEMENT_3D('',#3451,#2884,#2885);
#2286=AXIS2_PLACEMENT_3D('',#3453,#2886,#2887);
#2287=AXIS2_PLACEMENT_3D('',#3455,#2889,#2890);
#2288=AXIS2_PLACEMENT_3D('',#3458,#2893,#2894);
#2289=AXIS2_PLACEMENT_3D('',#3459,#2895,#2896);
#2290=AXIS2_PLACEMENT_3D('',#3460,#2897,#2898);
#2291=AXIS2_PLACEMENT_3D('',#3463,#2899,#2900);
#2292=AXIS2_PLACEMENT_3D('',#3465,#2901,#2902);
#2293=AXIS2_PLACEMENT_3D('',#3466,#2903,#2904);
#2294=AXIS2_PLACEMENT_3D('',#3467,#2905,#2906);
#2295=AXIS2_PLACEMENT_3D('',#3470,#2907,#2908);
#2296=AXIS2_PLACEMENT_3D('',#3472,#2909,#2910);
#2297=AXIS2_PLACEMENT_3D('',#3473,#2911,#2912);
#2298=AXIS2_PLACEMENT_3D('',#3474,#2913,#2914);
#2299=AXIS2_PLACEMENT_3D('',#3477,#2917,#2918);
#2300=AXIS2_PLACEMENT_3D('',#3479,#2920,#2921);
#2301=AXIS2_PLACEMENT_3D('',#3480,#2922,#2923);
#2302=AXIS2_PLACEMENT_3D('',#3481,#2924,#2925);
#2303=AXIS2_PLACEMENT_3D('',#3482,#2926,#2927);
#2304=DIRECTION('axis',(0.,0.,1.));
#2305=DIRECTION('refdir',(1.,0.,0.));
#2306=DIRECTION('axis',(0.,0.,1.));
#2307=DIRECTION('refdir',(1.,0.,0.));
#2308=DIRECTION('center_axis',(0.,0.,-1.));
#2309=DIRECTION('ref_axis',(-1.,0.,0.));
#2310=DIRECTION('center_axis',(0.,0.,-1.));
#2311=DIRECTION('ref_axis',(-1.,0.,0.));
#2312=DIRECTION('',(0.,0.,-1.));
#2313=DIRECTION('center_axis',(0.,0.,1.));
#2314=DIRECTION('ref_axis',(-1.,0.,0.));
#2315=DIRECTION('center_axis',(0.,0.,-1.));
#2316=DIRECTION('ref_axis',(-1.,0.,0.));
#2317=DIRECTION('center_axis',(0.,0.,-1.));
#2318=DIRECTION('ref_axis',(-1.,0.,0.));
#2319=DIRECTION('',(0.,0.,-1.));
#2320=DIRECTION('center_axis',(0.,0.,1.));
#2321=DIRECTION('ref_axis',(-1.,0.,0.));
#2322=DIRECTION('center_axis',(0.,0.,-1.));
#2323=DIRECTION('ref_axis',(-1.,0.,0.));
#2324=DIRECTION('center_axis',(0.,0.,-1.));
#2325=DIRECTION('ref_axis',(-1.,0.,0.));
#2326=DIRECTION('',(0.,0.,-1.));
#2327=DIRECTION('center_axis',(0.,0.,1.));
#2328=DIRECTION('ref_axis',(-1.,0.,0.));
#2329=DIRECTION('center_axis',(0.,0.,-1.));
#2330=DIRECTION('ref_axis',(-1.,0.,0.));
#2331=DIRECTION('center_axis',(0.,0.,-1.));
#2332=DIRECTION('ref_axis',(-1.,0.,0.));
#2333=DIRECTION('',(0.,0.,-1.));
#2334=DIRECTION('center_axis',(0.,0.,1.));
#2335=DIRECTION('ref_axis',(-1.,0.,0.));
#2336=DIRECTION('center_axis',(0.,0.,1.));
#2337=DIRECTION('ref_axis',(1.,0.,0.));
#2338=DIRECTION('center_axis',(0.,0.,1.));
#2339=DIRECTION('ref_axis',(0.60507563454234,0.796167995138705,0.));
#2340=DIRECTION('center_axis',(0.,0.,1.));
#2341=DIRECTION('ref_axis',(1.,0.,0.));
#2342=DIRECTION('',(-4.11797385552856E-9,-1.,0.));
#2343=DIRECTION('center_axis',(0.,0.,1.));
#2344=DIRECTION('ref_axis',(1.,0.,0.));
#2345=DIRECTION('',(1.,0.,0.));
#2346=DIRECTION('center_axis',(0.,0.,1.));
#2347=DIRECTION('ref_axis',(1.,0.,0.));
#2348=DIRECTION('',(0.106138689644074,-0.994351335575429,0.));
#2349=DIRECTION('center_axis',(0.,0.,1.));
#2350=DIRECTION('ref_axis',(1.,0.,0.));
#2351=DIRECTION('',(-0.58641813388325,-0.810008501346058,0.));
#2352=DIRECTION('center_axis',(0.,0.,-1.));
#2353=DIRECTION('ref_axis',(1.,1.83922010898736E-8,0.));
#2354=DIRECTION('',(-0.586418163678928,0.810008479775017,0.));
#2355=DIRECTION('center_axis',(0.,0.,1.));
#2356=DIRECTION('ref_axis',(1.,0.,0.));
#2357=DIRECTION('',(-0.495082785951727,-0.868845806259245,0.));
#2358=DIRECTION('center_axis',(0.,0.,-1.));
#2359=DIRECTION('ref_axis',(0.998529570572444,0.0542097472085088,0.));
#2360=DIRECTION('',(-0.58623429850974,0.810141560007135,0.));
#2361=DIRECTION('center_axis',(0.,0.,1.));
#2362=DIRECTION('ref_axis',(1.,0.,0.));
#2363=DIRECTION('',(-0.586234298509739,-0.810141560007135,0.));
#2364=DIRECTION('center_axis',(0.,0.,1.));
#2365=DIRECTION('ref_axis',(-0.454843765204197,0.890571248836874,0.));
#2366=DIRECTION('',(-1.,0.,0.));
#2367=DIRECTION('center_axis',(0.,0.,-1.));
#2368=DIRECTION('ref_axis',(1.,0.,0.));
#2369=DIRECTION('center_axis',(0.,0.,-1.));
#2370=DIRECTION('ref_axis',(1.,0.,0.));
#2371=DIRECTION('center_axis',(0.,0.,-1.));
#2372=DIRECTION('ref_axis',(1.,0.,0.));
#2373=DIRECTION('center_axis',(0.,0.,-1.));
#2374=DIRECTION('ref_axis',(1.,0.,0.));
#2375=DIRECTION('center_axis',(0.,0.,-1.));
#2376=DIRECTION('ref_axis',(1.,0.,0.));
#2377=DIRECTION('center_axis',(0.,0.,-1.));
#2378=DIRECTION('ref_axis',(1.,0.,0.));
#2379=DIRECTION('center_axis',(0.,0.,-1.));
#2380=DIRECTION('ref_axis',(1.,0.,0.));
#2381=DIRECTION('center_axis',(0.,0.,-1.));
#2382=DIRECTION('ref_axis',(1.,0.,0.));
#2383=DIRECTION('center_axis',(0.,0.,-1.));
#2384=DIRECTION('ref_axis',(1.,0.,0.));
#2385=DIRECTION('center_axis',(0.,0.,-1.));
#2386=DIRECTION('ref_axis',(1.,0.,0.));
#2387=DIRECTION('center_axis',(0.,0.,-1.));
#2388=DIRECTION('ref_axis',(1.,0.,0.));
#2389=DIRECTION('center_axis',(0.,0.,-1.));
#2390=DIRECTION('ref_axis',(1.,0.,0.));
#2391=DIRECTION('center_axis',(0.,0.,-1.));
#2392=DIRECTION('ref_axis',(1.,0.,0.));
#2393=DIRECTION('center_axis',(0.,0.,-1.));
#2394=DIRECTION('ref_axis',(1.,0.,0.));
#2395=DIRECTION('center_axis',(0.,0.,-1.));
#2396=DIRECTION('ref_axis',(1.,0.,0.));
#2397=DIRECTION('center_axis',(0.,0.,-1.));
#2398=DIRECTION('ref_axis',(1.,0.,0.));
#2399=DIRECTION('center_axis',(0.,0.,-1.));
#2400=DIRECTION('ref_axis',(1.,0.,0.));
#2401=DIRECTION('center_axis',(0.,0.,-1.));
#2402=DIRECTION('ref_axis',(1.,0.,0.));
#2403=DIRECTION('center_axis',(0.,0.,-1.));
#2404=DIRECTION('ref_axis',(1.,0.,0.));
#2405=DIRECTION('center_axis',(0.,0.,-1.));
#2406=DIRECTION('ref_axis',(1.,0.,0.));
#2407=DIRECTION('center_axis',(0.,0.,-1.));
#2408=DIRECTION('ref_axis',(1.,0.,0.));
#2409=DIRECTION('center_axis',(0.,0.,-1.));
#2410=DIRECTION('ref_axis',(1.,0.,0.));
#2411=DIRECTION('center_axis',(0.,0.,-1.));
#2412=DIRECTION('ref_axis',(1.,0.,0.));
#2413=DIRECTION('center_axis',(0.,0.,-1.));
#2414=DIRECTION('ref_axis',(1.,0.,0.));
#2415=DIRECTION('center_axis',(0.,0.,-1.));
#2416=DIRECTION('ref_axis',(1.,0.,0.));
#2417=DIRECTION('center_axis',(0.,0.,-1.));
#2418=DIRECTION('ref_axis',(1.,0.,0.));
#2419=DIRECTION('center_axis',(0.,0.,-1.));
#2420=DIRECTION('ref_axis',(1.,0.,0.));
#2421=DIRECTION('center_axis',(0.,0.,-1.));
#2422=DIRECTION('ref_axis',(1.,0.,0.));
#2423=DIRECTION('center_axis',(0.,0.,-1.));
#2424=DIRECTION('ref_axis',(1.,0.,0.));
#2425=DIRECTION('center_axis',(0.,0.,-1.));
#2426=DIRECTION('ref_axis',(1.,0.,0.));
#2427=DIRECTION('center_axis',(0.,0.,-1.));
#2428=DIRECTION('ref_axis',(1.,0.,0.));
#2429=DIRECTION('center_axis',(0.,0.,-1.));
#2430=DIRECTION('ref_axis',(1.,0.,0.));
#2431=DIRECTION('center_axis',(0.,0.,-1.));
#2432=DIRECTION('ref_axis',(1.,0.,0.));
#2433=DIRECTION('center_axis',(0.,0.,-1.));
#2434=DIRECTION('ref_axis',(1.,0.,0.));
#2435=DIRECTION('center_axis',(0.,0.,-1.));
#2436=DIRECTION('ref_axis',(1.,0.,0.));
#2437=DIRECTION('center_axis',(0.,0.,1.));
#2438=DIRECTION('ref_axis',(1.,0.,0.));
#2439=DIRECTION('center_axis',(0.,0.,-1.));
#2440=DIRECTION('ref_axis',(0.60507563454234,0.796167995138705,0.));
#2441=DIRECTION('',(-1.,0.,0.));
#2442=DIRECTION('center_axis',(0.,0.,-1.));
#2443=DIRECTION('ref_axis',(-0.454843765204197,0.890571248836874,0.));
#2444=DIRECTION('',(-0.586234298509739,-0.810141560007135,0.));
#2445=DIRECTION('center_axis',(0.,0.,1.));
#2446=DIRECTION('ref_axis',(1.,0.,0.));
#2447=DIRECTION('',(0.58623429850974,-0.810141560007135,0.));
#2448=DIRECTION('center_axis',(0.,0.,1.));
#2449=DIRECTION('ref_axis',(0.998529570572444,0.0542097472085088,0.));
#2450=DIRECTION('',(-0.495082785951727,-0.868845806259245,0.));
#2451=DIRECTION('center_axis',(0.,0.,1.));
#2452=DIRECTION('ref_axis',(1.,0.,0.));
#2453=DIRECTION('',(0.586418163678928,-0.810008479775017,0.));
#2454=DIRECTION('center_axis',(0.,0.,1.));
#2455=DIRECTION('ref_axis',(1.,1.83922010898736E-8,0.));
#2456=DIRECTION('',(-0.58641813388325,-0.810008501346058,0.));
#2457=DIRECTION('center_axis',(0.,0.,1.));
#2458=DIRECTION('ref_axis',(1.,0.,0.));
#2459=DIRECTION('',(0.106138689644074,-0.994351335575429,0.));
#2460=DIRECTION('center_axis',(0.,0.,1.));
#2461=DIRECTION('ref_axis',(1.,0.,0.));
#2462=DIRECTION('',(1.,0.,0.));
#2463=DIRECTION('center_axis',(0.,0.,1.));
#2464=DIRECTION('ref_axis',(1.,0.,0.));
#2465=DIRECTION('',(4.11797385552856E-9,1.,0.));
#2466=DIRECTION('center_axis',(0.,0.,1.));
#2467=DIRECTION('ref_axis',(1.,0.,0.));
#2468=DIRECTION('center_axis',(0.,0.,-1.));
#2469=DIRECTION('ref_axis',(1.,0.,0.));
#2470=DIRECTION('center_axis',(0.,0.,-1.));
#2471=DIRECTION('ref_axis',(1.,0.,0.));
#2472=DIRECTION('center_axis',(0.,0.,-1.));
#2473=DIRECTION('ref_axis',(1.,0.,0.));
#2474=DIRECTION('center_axis',(0.,0.,-1.));
#2475=DIRECTION('ref_axis',(1.,0.,0.));
#2476=DIRECTION('center_axis',(0.,0.,-1.));
#2477=DIRECTION('ref_axis',(1.,0.,0.));
#2478=DIRECTION('center_axis',(0.,0.,-1.));
#2479=DIRECTION('ref_axis',(1.,0.,0.));
#2480=DIRECTION('center_axis',(0.,0.,-1.));
#2481=DIRECTION('ref_axis',(1.,0.,0.));
#2482=DIRECTION('center_axis',(0.,0.,-1.));
#2483=DIRECTION('ref_axis',(1.,0.,0.));
#2484=DIRECTION('center_axis',(0.,0.,-1.));
#2485=DIRECTION('ref_axis',(1.,0.,0.));
#2486=DIRECTION('center_axis',(0.,0.,-1.));
#2487=DIRECTION('ref_axis',(1.,0.,0.));
#2488=DIRECTION('center_axis',(0.,0.,-1.));
#2489=DIRECTION('ref_axis',(1.,0.,0.));
#2490=DIRECTION('center_axis',(0.,0.,-1.));
#2491=DIRECTION('ref_axis',(1.,0.,0.));
#2492=DIRECTION('center_axis',(0.,0.,-1.));
#2493=DIRECTION('ref_axis',(1.,0.,0.));
#2494=DIRECTION('center_axis',(0.,0.,-1.));
#2495=DIRECTION('ref_axis',(1.,0.,0.));
#2496=DIRECTION('center_axis',(0.,0.,-1.));
#2497=DIRECTION('ref_axis',(1.,0.,0.));
#2498=DIRECTION('center_axis',(0.,0.,-1.));
#2499=DIRECTION('ref_axis',(1.,0.,0.));
#2500=DIRECTION('center_axis',(0.,0.,-1.));
#2501=DIRECTION('ref_axis',(1.,0.,0.));
#2502=DIRECTION('center_axis',(0.,0.,-1.));
#2503=DIRECTION('ref_axis',(1.,0.,0.));
#2504=DIRECTION('center_axis',(0.,0.,-1.));
#2505=DIRECTION('ref_axis',(1.,0.,0.));
#2506=DIRECTION('center_axis',(0.,0.,-1.));
#2507=DIRECTION('ref_axis',(1.,0.,0.));
#2508=DIRECTION('center_axis',(0.,0.,-1.));
#2509=DIRECTION('ref_axis',(1.,0.,0.));
#2510=DIRECTION('center_axis',(0.,0.,-1.));
#2511=DIRECTION('ref_axis',(1.,0.,0.));
#2512=DIRECTION('center_axis',(0.,0.,-1.));
#2513=DIRECTION('ref_axis',(1.,0.,0.));
#2514=DIRECTION('center_axis',(0.,0.,-1.));
#2515=DIRECTION('ref_axis',(1.,0.,0.));
#2516=DIRECTION('center_axis',(0.,0.,-1.));
#2517=DIRECTION('ref_axis',(1.,0.,0.));
#2518=DIRECTION('center_axis',(0.,0.,-1.));
#2519=DIRECTION('ref_axis',(1.,0.,0.));
#2520=DIRECTION('center_axis',(0.,0.,-1.));
#2521=DIRECTION('ref_axis',(1.,0.,0.));
#2522=DIRECTION('center_axis',(0.,0.,-1.));
#2523=DIRECTION('ref_axis',(1.,0.,0.));
#2524=DIRECTION('center_axis',(0.,0.,-1.));
#2525=DIRECTION('ref_axis',(1.,0.,0.));
#2526=DIRECTION('center_axis',(0.,0.,-1.));
#2527=DIRECTION('ref_axis',(1.,0.,0.));
#2528=DIRECTION('center_axis',(0.,0.,-1.));
#2529=DIRECTION('ref_axis',(1.,0.,0.));
#2530=DIRECTION('center_axis',(0.,0.,-1.));
#2531=DIRECTION('ref_axis',(1.,0.,0.));
#2532=DIRECTION('center_axis',(0.,0.,-1.));
#2533=DIRECTION('ref_axis',(1.,0.,0.));
#2534=DIRECTION('center_axis',(0.,0.,-1.));
#2535=DIRECTION('ref_axis',(1.,0.,0.));
#2536=DIRECTION('center_axis',(0.,0.,-1.));
#2537=DIRECTION('ref_axis',(1.,0.,0.));
#2538=DIRECTION('center_axis',(0.,0.,1.));
#2539=DIRECTION('ref_axis',(0.60507563454234,0.796167995138705,0.));
#2540=DIRECTION('',(0.,0.,-1.));
#2541=DIRECTION('',(0.,0.,1.));
#2542=DIRECTION('center_axis',(0.,1.,0.));
#2543=DIRECTION('ref_axis',(-1.,0.,0.));
#2544=DIRECTION('',(0.,0.,-1.));
#2545=DIRECTION('center_axis',(0.,0.,1.));
#2546=DIRECTION('ref_axis',(-0.454843765204197,0.890571248836874,0.));
#2547=DIRECTION('',(0.,0.,1.));
#2548=DIRECTION('center_axis',(0.,0.,1.));
#2549=DIRECTION('ref_axis',(0.998529570572444,0.0542097472085088,0.));
#2550=DIRECTION('',(0.,0.,1.));
#2551=DIRECTION('',(0.,0.,-1.));
#2552=DIRECTION('center_axis',(-0.868845806259245,0.495082785951727,0.));
#2553=DIRECTION('ref_axis',(-0.495082785951727,-0.868845806259245,0.));
#2554=DIRECTION('',(0.,0.,1.));
#2555=DIRECTION('center_axis',(0.,0.,1.));
#2556=DIRECTION('ref_axis',(1.,1.83922010898736E-8,0.));
#2557=DIRECTION('',(0.,0.,1.));
#2558=DIRECTION('',(0.,0.,-1.));
#2559=DIRECTION('center_axis',(-0.810008501346058,0.58641813388325,0.));
#2560=DIRECTION('ref_axis',(-0.58641813388325,-0.810008501346058,0.));
#2561=DIRECTION('',(0.,0.,1.));
#2562=DIRECTION('center_axis',(0.,0.,1.));
#2563=DIRECTION('ref_axis',(1.,0.,0.));
#2564=DIRECTION('',(0.,0.,-1.));
#2565=DIRECTION('center_axis',(0.,0.,1.));
#2566=DIRECTION('ref_axis',(1.,0.,0.));
#2567=DIRECTION('',(0.,0.,-1.));
#2568=DIRECTION('center_axis',(0.,0.,1.));
#2569=DIRECTION('ref_axis',(1.,0.,0.));
#2570=DIRECTION('',(0.,0.,-1.));
#2571=DIRECTION('center_axis',(0.,0.,1.));
#2572=DIRECTION('ref_axis',(1.,0.,0.));
#2573=DIRECTION('',(0.,0.,-1.));
#2574=DIRECTION('center_axis',(0.,0.,1.));
#2575=DIRECTION('ref_axis',(1.,0.,0.));
#2576=DIRECTION('',(0.,0.,-1.));
#2577=DIRECTION('center_axis',(0.,0.,1.));
#2578=DIRECTION('ref_axis',(1.,0.,0.));
#2579=DIRECTION('',(0.,0.,-1.));
#2580=DIRECTION('center_axis',(0.,0.,1.));
#2581=DIRECTION('ref_axis',(1.,0.,0.));
#2582=DIRECTION('',(0.,0.,-1.));
#2583=DIRECTION('center_axis',(0.,0.,1.));
#2584=DIRECTION('ref_axis',(1.,0.,0.));
#2585=DIRECTION('',(0.,0.,-1.));
#2586=DIRECTION('center_axis',(0.,0.,1.));
#2587=DIRECTION('ref_axis',(1.,0.,0.));
#2588=DIRECTION('',(0.,0.,-1.));
#2589=DIRECTION('center_axis',(0.,0.,1.));
#2590=DIRECTION('ref_axis',(1.,0.,0.));
#2591=DIRECTION('',(0.,0.,-1.));
#2592=DIRECTION('center_axis',(0.,0.,1.));
#2593=DIRECTION('ref_axis',(1.,0.,0.));
#2594=DIRECTION('',(0.,0.,-1.));
#2595=DIRECTION('center_axis',(0.,0.,1.));
#2596=DIRECTION('ref_axis',(1.,0.,0.));
#2597=DIRECTION('',(0.,0.,-1.));
#2598=DIRECTION('center_axis',(0.,0.,1.));
#2599=DIRECTION('ref_axis',(1.,0.,0.));
#2600=DIRECTION('',(0.,0.,-1.));
#2601=DIRECTION('center_axis',(0.,0.,1.));
#2602=DIRECTION('ref_axis',(1.,0.,0.));
#2603=DIRECTION('',(0.,0.,-1.));
#2604=DIRECTION('center_axis',(0.,0.,1.));
#2605=DIRECTION('ref_axis',(1.,0.,0.));
#2606=DIRECTION('',(0.,0.,-1.));
#2607=DIRECTION('center_axis',(0.,0.,1.));
#2608=DIRECTION('ref_axis',(1.,0.,0.));
#2609=DIRECTION('',(0.,0.,-1.));
#2610=DIRECTION('center_axis',(0.,0.,1.));
#2611=DIRECTION('ref_axis',(1.,0.,0.));
#2612=DIRECTION('',(0.,0.,-1.));
#2613=DIRECTION('center_axis',(0.,0.,1.));
#2614=DIRECTION('ref_axis',(1.,0.,0.));
#2615=DIRECTION('',(0.,0.,-1.));
#2616=DIRECTION('center_axis',(0.,0.,1.));
#2617=DIRECTION('ref_axis',(1.,0.,0.));
#2618=DIRECTION('',(0.,0.,-1.));
#2619=DIRECTION('center_axis',(0.,0.,1.));
#2620=DIRECTION('ref_axis',(1.,0.,0.));
#2621=DIRECTION('',(0.,0.,-1.));
#2622=DIRECTION('center_axis',(0.,0.,1.));
#2623=DIRECTION('ref_axis',(1.,0.,0.));
#2624=DIRECTION('',(0.,0.,-1.));
#2625=DIRECTION('center_axis',(0.,0.,1.));
#2626=DIRECTION('ref_axis',(1.,0.,0.));
#2627=DIRECTION('',(0.,0.,-1.));
#2628=DIRECTION('center_axis',(0.,0.,1.));
#2629=DIRECTION('ref_axis',(1.,0.,0.));
#2630=DIRECTION('',(0.,0.,-1.));
#2631=DIRECTION('center_axis',(0.,0.,1.));
#2632=DIRECTION('ref_axis',(1.,0.,0.));
#2633=DIRECTION('',(0.,0.,-1.));
#2634=DIRECTION('center_axis',(0.,0.,1.));
#2635=DIRECTION('ref_axis',(1.,0.,0.));
#2636=DIRECTION('',(0.,0.,-1.));
#2637=DIRECTION('center_axis',(0.,0.,1.));
#2638=DIRECTION('ref_axis',(1.,0.,0.));
#2639=DIRECTION('',(0.,0.,-1.));
#2640=DIRECTION('center_axis',(0.,0.,1.));
#2641=DIRECTION('ref_axis',(1.,0.,0.));
#2642=DIRECTION('',(0.,0.,-1.));
#2643=DIRECTION('center_axis',(0.,0.,1.));
#2644=DIRECTION('ref_axis',(1.,0.,0.));
#2645=DIRECTION('',(0.,0.,-1.));
#2646=DIRECTION('center_axis',(0.,0.,1.));
#2647=DIRECTION('ref_axis',(1.,0.,0.));
#2648=DIRECTION('',(0.,0.,-1.));
#2649=DIRECTION('center_axis',(0.,0.,1.));
#2650=DIRECTION('ref_axis',(1.,0.,0.));
#2651=DIRECTION('',(0.,0.,-1.));
#2652=DIRECTION('center_axis',(0.,0.,1.));
#2653=DIRECTION('ref_axis',(1.,0.,0.));
#2654=DIRECTION('',(0.,0.,-1.));
#2655=DIRECTION('center_axis',(0.,0.,1.));
#2656=DIRECTION('ref_axis',(1.,0.,0.));
#2657=DIRECTION('',(0.,0.,-1.));
#2658=DIRECTION('center_axis',(0.,0.,1.));
#2659=DIRECTION('ref_axis',(1.,0.,0.));
#2660=DIRECTION('',(0.,0.,-1.));
#2661=DIRECTION('center_axis',(0.,0.,1.));
#2662=DIRECTION('ref_axis',(1.,0.,0.));
#2663=DIRECTION('',(0.,0.,-1.));
#2664=DIRECTION('center_axis',(0.,0.,1.));
#2665=DIRECTION('ref_axis',(1.,0.,0.));
#2666=DIRECTION('',(0.,0.,-1.));
#2667=DIRECTION('center_axis',(0.,0.,1.));
#2668=DIRECTION('ref_axis',(1.,0.,0.));
#2669=DIRECTION('',(0.,0.,1.));
#2670=DIRECTION('center_axis',(1.,-4.11797385552856E-9,0.));
#2671=DIRECTION('ref_axis',(4.11797385552856E-9,1.,0.));
#2672=DIRECTION('',(0.,0.,1.));
#2673=DIRECTION('center_axis',(0.,0.,1.));
#2674=DIRECTION('ref_axis',(1.,0.,0.));
#2675=DIRECTION('',(0.,0.,1.));
#2676=DIRECTION('center_axis',(0.,-1.,0.));
#2677=DIRECTION('ref_axis',(1.,0.,0.));
#2678=DIRECTION('',(0.,0.,1.));
#2679=DIRECTION('center_axis',(0.,0.,1.));
#2680=DIRECTION('ref_axis',(1.,0.,0.));
#2681=DIRECTION('',(0.,0.,1.));
#2682=DIRECTION('center_axis',(-0.994351335575429,-0.106138689644074,0.));
#2683=DIRECTION('ref_axis',(0.106138689644074,-0.994351335575429,0.));
#2684=DIRECTION('',(0.,0.,1.));
#2685=DIRECTION('center_axis',(0.,0.,1.));
#2686=DIRECTION('ref_axis',(-0.954767143213413,0.29735450600268,0.));
#2687=DIRECTION('center_axis',(-0.810008479775017,-0.586418163678928,0.));
#2688=DIRECTION('ref_axis',(0.586418163678928,-0.810008479775017,0.));
#2689=DIRECTION('',(0.,0.,1.));
#2690=DIRECTION('center_axis',(0.,0.,1.));
#2691=DIRECTION('ref_axis',(-0.998523412067491,-0.0543230664920108,0.));
#2692=DIRECTION('center_axis',(-0.810141560007135,-0.58623429850974,0.));
#2693=DIRECTION('ref_axis',(0.58623429850974,-0.810141560007134,0.));
#2694=DIRECTION('',(0.,0.,1.));
#2695=DIRECTION('center_axis',(0.,0.,1.));
#2696=DIRECTION('ref_axis',(-1.,-2.54207057918564E-15,0.));
#2697=DIRECTION('',(0.,0.,1.));
#2698=DIRECTION('center_axis',(-0.810141560007135,0.586234298509739,0.));
#2699=DIRECTION('ref_axis',(-0.586234298509739,-0.810141560007135,0.));
#2700=DIRECTION('axis',(0.,0.,1.));
#2701=DIRECTION('refdir',(1.,0.,0.));
#2702=DIRECTION('center_axis',(0.,0.,-1.));
#2703=DIRECTION('ref_axis',(-1.,0.,0.));
#2704=DIRECTION('center_axis',(0.,0.,-1.));
#2705=DIRECTION('ref_axis',(-1.,0.,0.));
#2706=DIRECTION('',(0.,0.,-1.));
#2707=DIRECTION('center_axis',(0.,0.,1.));
#2708=DIRECTION('ref_axis',(-1.,0.,0.));
#2709=DIRECTION('center_axis',(0.,0.,1.));
#2710=DIRECTION('ref_axis',(-1.,0.,0.));
#2711=DIRECTION('center_axis',(0.,0.,-1.));
#2712=DIRECTION('ref_axis',(-1.,0.,0.));
#2713=DIRECTION('',(0.,0.,-1.));
#2714=DIRECTION('center_axis',(0.,0.,-1.));
#2715=DIRECTION('ref_axis',(-1.,0.,0.));
#2716=DIRECTION('center_axis',(0.,0.,1.));
#2717=DIRECTION('ref_axis',(-1.,0.,0.));
#2718=DIRECTION('center_axis',(0.,0.,-1.));
#2719=DIRECTION('ref_axis',(-1.,0.,0.));
#2720=DIRECTION('',(0.,0.,-1.));
#2721=DIRECTION('center_axis',(0.,0.,-1.));
#2722=DIRECTION('ref_axis',(-1.,0.,0.));
#2723=DIRECTION('center_axis',(0.,0.,1.));
#2724=DIRECTION('ref_axis',(-1.,0.,0.));
#2725=DIRECTION('center_axis',(0.,0.,-1.));
#2726=DIRECTION('ref_axis',(-1.,0.,0.));
#2727=DIRECTION('',(0.,0.,-1.));
#2728=DIRECTION('center_axis',(0.,0.,-1.));
#2729=DIRECTION('ref_axis',(-1.,0.,0.));
#2730=DIRECTION('center_axis',(0.,0.,1.));
#2731=DIRECTION('ref_axis',(-1.,0.,0.));
#2732=DIRECTION('center_axis',(0.,0.,-1.));
#2733=DIRECTION('ref_axis',(-1.,0.,0.));
#2734=DIRECTION('',(0.,0.,-1.));
#2735=DIRECTION('center_axis',(0.,0.,-1.));
#2736=DIRECTION('ref_axis',(-1.,0.,0.));
#2737=DIRECTION('center_axis',(0.,0.,1.));
#2738=DIRECTION('ref_axis',(-1.,0.,0.));
#2739=DIRECTION('center_axis',(0.,0.,-1.));
#2740=DIRECTION('ref_axis',(-1.,0.,0.));
#2741=DIRECTION('',(0.,0.,-1.));
#2742=DIRECTION('center_axis',(0.,0.,-1.));
#2743=DIRECTION('ref_axis',(-1.,0.,0.));
#2744=DIRECTION('center_axis',(0.,0.,1.));
#2745=DIRECTION('ref_axis',(-1.,0.,0.));
#2746=DIRECTION('center_axis',(0.,0.,-1.));
#2747=DIRECTION('ref_axis',(-1.,0.,0.));
#2748=DIRECTION('',(0.,0.,-1.));
#2749=DIRECTION('center_axis',(0.,0.,-1.));
#2750=DIRECTION('ref_axis',(-1.,0.,0.));
#2751=DIRECTION('center_axis',(-0.999999985091696,-0.000172674862955213,
0.));
#2752=DIRECTION('ref_axis',(0.000172674862955213,-0.999999985091696,0.));
#2753=DIRECTION('',(-0.000172674862955213,0.999999985091696,0.));
#2754=DIRECTION('',(0.,0.,1.));
#2755=DIRECTION('',(0.000172674862955213,-0.999999985091696,0.));
#2756=DIRECTION('',(0.,0.,1.));
#2757=DIRECTION('center_axis',(0.,0.,1.));
#2758=DIRECTION('ref_axis',(-1.,0.,0.));
#2759=DIRECTION('center_axis',(0.,0.,1.));
#2760=DIRECTION('ref_axis',(-1.,0.,0.));
#2761=DIRECTION('center_axis',(0.,0.,1.));
#2762=DIRECTION('ref_axis',(-1.,0.,0.));
#2763=DIRECTION('',(0.,0.,1.));
#2764=DIRECTION('center_axis',(-0.269501179452548,0.96300005933213,0.));
#2765=DIRECTION('ref_axis',(-0.96300005933213,-0.269501179452548,0.));
#2766=DIRECTION('',(-0.96300005933213,-0.269501179452548,0.));
#2767=DIRECTION('',(-0.96300005933213,-0.269501179452548,0.));
#2768=DIRECTION('',(0.,0.,1.));
#2769=DIRECTION('center_axis',(0.,0.,1.));
#2770=DIRECTION('ref_axis',(0.386791765882262,0.922167083475485,0.));
#2771=DIRECTION('center_axis',(0.,0.,1.));
#2772=DIRECTION('ref_axis',(0.386791765882262,0.922167083475485,0.));
#2773=DIRECTION('center_axis',(0.,0.,1.));
#2774=DIRECTION('ref_axis',(0.386791765882262,0.922167083475485,0.));
#2775=DIRECTION('',(0.,0.,1.));
#2776=DIRECTION('center_axis',(0.238969468786504,0.971027081490468,0.));
#2777=DIRECTION('ref_axis',(-0.971027081490468,0.238969468786504,0.));
#2778=DIRECTION('',(-0.971027081490468,0.238969468786504,0.));
#2779=DIRECTION('',(-0.971027081490468,0.238969468786504,0.));
#2780=DIRECTION('',(0.,0.,1.));
#2781=DIRECTION('center_axis',(0.,0.,1.));
#2782=DIRECTION('ref_axis',(0.787095494950119,0.616831161525767,0.));
#2783=DIRECTION('center_axis',(0.,0.,1.));
#2784=DIRECTION('ref_axis',(-1.,0.,0.));
#2785=DIRECTION('center_axis',(0.,0.,1.));
#2786=DIRECTION('ref_axis',(-1.,0.,0.));
#2787=DIRECTION('',(0.,0.,1.));
#2788=DIRECTION('center_axis',(0.999999997463004,-7.12319590525353E-5,0.));
#2789=DIRECTION('ref_axis',(7.12319590525353E-5,0.999999997463004,0.));
#2790=DIRECTION('',(7.12319590525353E-5,0.999999997463004,0.));
#2791=DIRECTION('',(7.12319590525353E-5,0.999999997463004,0.));
#2792=DIRECTION('',(0.,0.,1.));
#2793=DIRECTION('center_axis',(0.,0.,1.));
#2794=DIRECTION('ref_axis',(0.719628567191857,-0.69435921919522,0.));
#2795=DIRECTION('center_axis',(0.,0.,1.));
#2796=DIRECTION('ref_axis',(-1.,0.,0.));
#2797=DIRECTION('center_axis',(0.,0.,1.));
#2798=DIRECTION('ref_axis',(-1.,0.,0.));
#2799=DIRECTION('',(0.,0.,1.));
#2800=DIRECTION('center_axis',(0.,-1.,0.));
#2801=DIRECTION('ref_axis',(1.,0.,0.));
#2802=DIRECTION('',(1.,0.,0.));
#2803=DIRECTION('',(1.,0.,0.));
#2804=DIRECTION('',(0.,0.,1.));
#2805=DIRECTION('center_axis',(0.,0.,1.));
#2806=DIRECTION('ref_axis',(-1.,0.,0.));
#2807=DIRECTION('center_axis',(0.,0.,1.));
#2808=DIRECTION('ref_axis',(-1.,0.,0.));
#2809=DIRECTION('center_axis',(0.,0.,1.));
#2810=DIRECTION('ref_axis',(-1.,0.,0.));
#2811=DIRECTION('center_axis',(0.,0.,1.));
#2812=DIRECTION('ref_axis',(-1.,0.,0.));
#2813=DIRECTION('center_axis',(0.,0.,1.));
#2814=DIRECTION('ref_axis',(-1.,0.,0.));
#2815=DIRECTION('axis',(0.,0.,1.));
#2816=DIRECTION('refdir',(1.,0.,0.));
#2817=DIRECTION('center_axis',(0.,0.,1.));
#2818=DIRECTION('ref_axis',(-1.,0.,0.));
#2819=DIRECTION('center_axis',(0.,0.,-1.));
#2820=DIRECTION('ref_axis',(-1.,0.,0.));
#2821=DIRECTION('',(0.,0.,-1.));
#2822=DIRECTION('center_axis',(0.,0.,-1.));
#2823=DIRECTION('ref_axis',(-1.,0.,0.));
#2824=DIRECTION('center_axis',(0.,0.,1.));
#2825=DIRECTION('ref_axis',(-1.,0.,0.));
#2826=DIRECTION('center_axis',(0.,0.,-1.));
#2827=DIRECTION('ref_axis',(-1.,0.,0.));
#2828=DIRECTION('',(0.,0.,-1.));
#2829=DIRECTION('center_axis',(0.,0.,-1.));
#2830=DIRECTION('ref_axis',(-1.,0.,0.));
#2831=DIRECTION('center_axis',(0.,0.,1.));
#2832=DIRECTION('ref_axis',(-1.,0.,0.));
#2833=DIRECTION('center_axis',(0.,0.,-1.));
#2834=DIRECTION('ref_axis',(-1.,0.,0.));
#2835=DIRECTION('',(0.,0.,-1.));
#2836=DIRECTION('center_axis',(0.,0.,-1.));
#2837=DIRECTION('ref_axis',(-1.,0.,0.));
#2838=DIRECTION('center_axis',(0.,0.,1.));
#2839=DIRECTION('ref_axis',(-1.,0.,0.));
#2840=DIRECTION('center_axis',(0.,0.,-1.));
#2841=DIRECTION('ref_axis',(-1.,0.,0.));
#2842=DIRECTION('',(0.,0.,-1.));
#2843=DIRECTION('center_axis',(0.,0.,-1.));
#2844=DIRECTION('ref_axis',(-1.,0.,0.));
#2845=DIRECTION('center_axis',(0.,0.,1.));
#2846=DIRECTION('ref_axis',(-1.,0.,0.));
#2847=DIRECTION('center_axis',(0.,0.,1.));
#2848=DIRECTION('ref_axis',(-1.,0.,0.));
#2849=DIRECTION('',(0.,0.,1.));
#2850=DIRECTION('center_axis',(0.,0.,1.));
#2851=DIRECTION('ref_axis',(-1.,0.,0.));
#2852=DIRECTION('',(0.,0.,1.));
#2853=DIRECTION('center_axis',(0.238969468786504,0.971027081490468,0.));
#2854=DIRECTION('ref_axis',(-0.971027081490468,0.238969468786504,0.));
#2855=DIRECTION('',(0.971027081490468,-0.238969468786504,0.));
#2856=DIRECTION('',(-0.971027081490468,0.238969468786504,0.));
#2857=DIRECTION('',(0.,0.,1.));
#2858=DIRECTION('center_axis',(0.,0.,1.));
#2859=DIRECTION('ref_axis',(0.908866004417051,0.417088223299322,0.));
#2860=DIRECTION('center_axis',(0.,0.,1.));
#2861=DIRECTION('ref_axis',(-1.,0.,0.));
#2862=DIRECTION('center_axis',(0.,0.,1.));
#2863=DIRECTION('ref_axis',(-1.,0.,0.));
#2864=DIRECTION('',(0.,0.,1.));
#2865=DIRECTION('center_axis',(0.913864988802403,-0.406018204322397,0.));
#2866=DIRECTION('ref_axis',(0.406018204322397,0.913864988802403,0.));
#2867=DIRECTION('',(-0.406018204322397,-0.913864988802403,0.));
#2868=DIRECTION('',(0.406018204322397,0.913864988802403,0.));
#2869=DIRECTION('',(0.,0.,1.));
#2870=DIRECTION('center_axis',(0.,0.,1.));
#2871=DIRECTION('ref_axis',(-1.,0.,0.));
#2872=DIRECTION('center_axis',(0.,0.,1.));
#2873=DIRECTION('ref_axis',(-1.,0.,0.));
#2874=DIRECTION('center_axis',(0.,0.,1.));
#2875=DIRECTION('ref_axis',(-1.,0.,0.));
#2876=DIRECTION('',(0.,0.,1.));
#2877=DIRECTION('center_axis',(-0.976221879541695,-0.216773711284556,0.));
#2878=DIRECTION('ref_axis',(0.216773711284556,-0.976221879541695,0.));
#2879=DIRECTION('',(0.216773711284556,-0.976221879541695,0.));
#2880=DIRECTION('',(0.216773711284556,-0.976221879541695,0.));
#2881=DIRECTION('',(0.,0.,1.));
#2882=DIRECTION('center_axis',(0.,0.,1.));
#2883=DIRECTION('ref_axis',(-1.,0.,0.));
#2884=DIRECTION('center_axis',(0.,0.,1.));
#2885=DIRECTION('ref_axis',(-1.,0.,0.));
#2886=DIRECTION('center_axis',(0.,0.,1.));
#2887=DIRECTION('ref_axis',(-1.,0.,0.));
#2888=DIRECTION('',(0.,0.,1.));
#2889=DIRECTION('center_axis',(-0.269501179452548,0.96300005933213,0.));
#2890=DIRECTION('ref_axis',(-0.96300005933213,-0.269501179452548,0.));
#2891=DIRECTION('',(-0.96300005933213,-0.269501179452548,0.));
#2892=DIRECTION('',(-0.96300005933213,-0.269501179452548,0.));
#2893=DIRECTION('center_axis',(0.,0.,1.));
#2894=DIRECTION('ref_axis',(-1.,0.,0.));
#2895=DIRECTION('center_axis',(0.,0.,1.));
#2896=DIRECTION('ref_axis',(-1.,0.,0.));
#2897=DIRECTION('center_axis',(0.,0.,1.));
#2898=DIRECTION('ref_axis',(1.,0.,0.));
#2899=DIRECTION('center_axis',(0.,0.,-1.));
#2900=DIRECTION('ref_axis',(-1.,0.,0.));
#2901=DIRECTION('center_axis',(0.,0.,-1.));
#2902=DIRECTION('ref_axis',(-1.,0.,0.));
#2903=DIRECTION('center_axis',(0.,0.,1.));
#2904=DIRECTION('ref_axis',(-1.,0.,0.));
#2905=DIRECTION('center_axis',(0.,0.,1.));
#2906=DIRECTION('ref_axis',(1.,0.,0.));
#2907=DIRECTION('center_axis',(0.,0.,1.));
#2908=DIRECTION('ref_axis',(-1.,0.,0.));
#2909=DIRECTION('center_axis',(0.,0.,-1.));
#2910=DIRECTION('ref_axis',(-1.,0.,0.));
#2911=DIRECTION('center_axis',(0.,0.,1.));
#2912=DIRECTION('ref_axis',(-1.,0.,0.));
#2913=DIRECTION('center_axis',(0.,0.,-1.));
#2914=DIRECTION('ref_axis',(-1.,0.,0.));
#2915=DIRECTION('',(0.,0.,-1.));
#2916=DIRECTION('',(0.,0.,-1.));
#2917=DIRECTION('center_axis',(0.,0.,-1.));
#2918=DIRECTION('ref_axis',(-1.,0.,0.));
#2919=DIRECTION('',(0.,0.,-1.));
#2920=DIRECTION('center_axis',(0.,0.,-1.));
#2921=DIRECTION('ref_axis',(-1.,0.,0.));
#2922=DIRECTION('',(0.,0.,1.));
#2923=DIRECTION('',(1.,0.,0.));
#2924=DIRECTION('',(0.,0.,1.));
#2925=DIRECTION('',(1.,0.,0.));
#2926=DIRECTION('',(0.,0.,1.));
#2927=DIRECTION('',(1.,0.,0.));
#2928=CARTESIAN_POINT('',(0.,0.,0.));
#2929=CARTESIAN_POINT('',(0.,0.,0.));
#2930=CARTESIAN_POINT('Origin',(1.50000001183917,-2.50000004787145,0.0625));
#2931=CARTESIAN_POINT('',(1.58900001183918,-2.50000004787145,0.0625));
#2932=CARTESIAN_POINT('Origin',(1.50000001183917,-2.50000004787145,0.0625));
#2933=CARTESIAN_POINT('',(1.58900001183918,-2.50000004787145,0.));
#2934=CARTESIAN_POINT('',(1.58900001183918,-2.50000004787145,0.0625));
#2935=CARTESIAN_POINT('Origin',(1.50000001183917,-2.50000004787145,0.));
#2936=CARTESIAN_POINT('Origin',(0.,-0.500000015957149,0.0625));
#2937=CARTESIAN_POINT('',(0.089,-0.500000015957149,0.0625));
#2938=CARTESIAN_POINT('Origin',(0.,-0.500000015957149,0.0625));
#2939=CARTESIAN_POINT('',(0.089,-0.500000015957149,0.));
#2940=CARTESIAN_POINT('',(0.089,-0.500000015957149,0.0625));
#2941=CARTESIAN_POINT('Origin',(0.,-0.500000015957149,0.));
#2942=CARTESIAN_POINT('Origin',(0.700000022340009,-0.300000009574289,0.0625));
#2943=CARTESIAN_POINT('',(0.789000022340009,-0.300000009574289,0.0625));
#2944=CARTESIAN_POINT('Origin',(0.700000022340009,-0.300000009574289,0.0625));
#2945=CARTESIAN_POINT('',(0.789000022340009,-0.300000009574289,0.));
#2946=CARTESIAN_POINT('',(0.789000022340009,-0.300000009574289,0.0625));
#2947=CARTESIAN_POINT('Origin',(0.700000022340009,-0.300000009574289,0.));
#2948=CARTESIAN_POINT('Origin',(1.50000004787145,-0.500000015957149,0.0625));
#2949=CARTESIAN_POINT('',(1.58900004787145,-0.500000015957149,0.0625));
#2950=CARTESIAN_POINT('Origin',(1.50000004787145,-0.500000015957149,0.0625));
#2951=CARTESIAN_POINT('',(1.58900004787145,-0.500000015957149,0.));
#2952=CARTESIAN_POINT('',(1.58900004787145,-0.500000015957149,0.0625));
#2953=CARTESIAN_POINT('Origin',(1.50000004787145,-0.500000015957149,0.));
#2954=CARTESIAN_POINT('Origin',(0.536000023935724,0.588388339669744,0.));
#2955=CARTESIAN_POINT('',(1.74087097530187,4.56694183398449,0.));
#2956=CARTESIAN_POINT('',(1.59634841884362,4.67677679103953,0.));
#2957=CARTESIAN_POINT('Origin',(1.59634841884362,4.52677679103953,0.));
#2958=CARTESIAN_POINT('',(1.75000004787145,4.50000009574289,0.));
#2959=CARTESIAN_POINT('Origin',(1.50000004787145,4.50000009574289,0.));
#2960=CARTESIAN_POINT('',(1.75000001595715,-3.25000004890094,0.));
#2961=CARTESIAN_POINT('',(1.75000004787145,4.50000009574289,0.));
#2962=CARTESIAN_POINT('',(1.50000004787145,-3.50000011170004,0.));
#2963=CARTESIAN_POINT('Origin',(1.50000001595715,-3.25000004787145,0.));
#2964=CARTESIAN_POINT('',(0.,-3.50000011170004,0.));
#2965=CARTESIAN_POINT('',(0.,-3.50000011170004,0.));
#2966=CARTESIAN_POINT('',(-0.248587817936708,-3.27653472028247,0.));
#2967=CARTESIAN_POINT('Origin',(1.59571489879929E-8,-3.25000004787145,0.));
#2968=CARTESIAN_POINT('',(-0.67795378306335,0.745944003602413,0.));
#2969=CARTESIAN_POINT('',(-0.67795378306335,0.745944003602413,0.));
#2970=CARTESIAN_POINT('',(-0.644181513239598,0.854382426187356,0.));
#2971=CARTESIAN_POINT('Origin',(-0.5,0.749999998356137,0.));
#2972=CARTESIAN_POINT('',(-0.389049919318464,1.20679096899554,0.));
#2973=CARTESIAN_POINT('',(-0.176776689783856,1.50000004729025,0.));
#2974=CARTESIAN_POINT('',(-0.389049930103984,1.79320911777663,0.));
#2975=CARTESIAN_POINT('Origin',(-0.794054169991493,1.50000003593716,0.));
#2976=CARTESIAN_POINT('',(-0.644181509399953,2.14561761309273,0.));
#2977=CARTESIAN_POINT('',(-0.176776689783856,1.50000004729025,0.));
#2978=CARTESIAN_POINT('',(-0.654654553514145,2.33812478212699,0.));
#2979=CARTESIAN_POINT('Origin',(-0.5,2.25000004622758,0.));
#2980=CARTESIAN_POINT('',(-0.336200609206971,2.89699570603947,0.));
#2981=CARTESIAN_POINT('',(-0.176776695296637,3.17677679103953,0.));
#2982=CARTESIAN_POINT('',(-0.365552732333026,3.4376542482702,0.));
#2983=CARTESIAN_POINT('Origin',(-0.770623512336594,3.14453709901533,0.));
#2984=CARTESIAN_POINT('',(-0.643981892977906,3.8224270859048,0.));
#2985=CARTESIAN_POINT('',(-0.176776695296637,3.17677679103953,0.));
#2986=CARTESIAN_POINT('',(-0.643981892977907,4.03112649617426,0.));
#2987=CARTESIAN_POINT('Origin',(-0.499776695296637,3.92677679103953,0.));
#2988=CARTESIAN_POINT('',(-0.221688040005035,4.61471193581599,0.));
#2989=CARTESIAN_POINT('',(-0.176776695296637,4.67677679103953,0.));
#2990=CARTESIAN_POINT('',(-0.100166806003965,4.67677679103953,0.));
#2991=CARTESIAN_POINT('Origin',(-0.100166806003965,4.52677679103953,0.));
#2992=CARTESIAN_POINT('',(1.67677674316808,4.67677679103953,0.));
#2993=CARTESIAN_POINT('',(0.911000015957149,4.50000009574289,0.));
#2994=CARTESIAN_POINT('Origin',(1.00000001595715,4.50000009574289,0.));
#2995=CARTESIAN_POINT('',(0.411000015957149,4.50000009574289,0.));
#2996=CARTESIAN_POINT('Origin',(0.500000015957149,4.50000009574289,0.));
#2997=CARTESIAN_POINT('',(-0.0889999999999999,3.75000004787145,0.));
#2998=CARTESIAN_POINT('Origin',(0.,3.75000004787145,0.));
#2999=CARTESIAN_POINT('',(-0.089,4.50000009574289,0.));
#3000=CARTESIAN_POINT('Origin',(0.,4.50000009574289,0.));
#3001=CARTESIAN_POINT('',(0.411000015957149,1.50000004787145,0.));
#3002=CARTESIAN_POINT('Origin',(0.500000015957149,1.50000004787145,0.));
#3003=CARTESIAN_POINT('',(0.911000031914298,3.75000004787145,0.));
#3004=CARTESIAN_POINT('Origin',(1.0000000319143,3.75000004787145,0.));
#3005=CARTESIAN_POINT('',(1.41100001595715,-1.08993565124115E-17,0.));
#3006=CARTESIAN_POINT('Origin',(1.50000001595715,0.,0.));
#3007=CARTESIAN_POINT('',(-0.089,-1.08993565124114E-17,0.));
#3008=CARTESIAN_POINT('Origin',(0.,0.,0.));
#3009=CARTESIAN_POINT('',(-0.588776695296637,3.92677679103953,0.));
#3010=CARTESIAN_POINT('Origin',(-0.499776695296637,3.92677679103953,0.));
#3011=CARTESIAN_POINT('',(1.41100001595715,3.00000009574289,0.));
#3012=CARTESIAN_POINT('Origin',(1.50000001595715,3.00000009574289,0.));
#3013=CARTESIAN_POINT('',(0.911000015957149,-1.08993565124114E-17,0.));
#3014=CARTESIAN_POINT('Origin',(1.00000001595715,0.,0.));
#3015=CARTESIAN_POINT('',(0.911000015957149,-1.75000004787145,0.));
#3016=CARTESIAN_POINT('Origin',(1.00000001595715,-1.75000004787145,0.));
#3017=CARTESIAN_POINT('',(1.41100001595715,-1.50000004787145,0.));
#3018=CARTESIAN_POINT('Origin',(1.50000001595715,-1.50000004787145,0.));
#3019=CARTESIAN_POINT('',(0.911000015957149,-1.50000004787145,0.));
#3020=CARTESIAN_POINT('Origin',(1.00000001595715,-1.50000004787145,0.));
#3021=CARTESIAN_POINT('',(0.411000015957149,-1.08993565124114E-17,0.));
#3022=CARTESIAN_POINT('Origin',(0.500000015957149,0.,0.));
#3023=CARTESIAN_POINT('',(1.41100001595715,1.50000004787145,0.));
#3024=CARTESIAN_POINT('Origin',(1.50000001595715,1.50000004787145,0.));
#3025=CARTESIAN_POINT('',(-0.0889999840428511,-1.50000004787145,0.));
#3026=CARTESIAN_POINT('Origin',(1.59571489879929E-8,-1.50000004787145,0.));
#3027=CARTESIAN_POINT('',(0.411000015957149,-1.50000004787145,0.));
#3028=CARTESIAN_POINT('Origin',(0.500000015957149,-1.50000004787145,0.));
#3029=CARTESIAN_POINT('',(-0.089,1.50000004787145,0.));
#3030=CARTESIAN_POINT('Origin',(0.,1.50000004787145,0.));
#3031=CARTESIAN_POINT('',(-0.0889999840428509,-1.75000004787145,0.));
#3032=CARTESIAN_POINT('Origin',(1.59571489879929E-8,-1.75000004787145,0.));
#3033=CARTESIAN_POINT('',(0.911000015957149,1.50000004787145,0.));
#3034=CARTESIAN_POINT('Origin',(1.00000001595715,1.50000004787145,0.));
#3035=CARTESIAN_POINT('',(-0.0889999840428511,-2.75000004787145,0.));
#3036=CARTESIAN_POINT('Origin',(1.59571489879929E-8,-2.75000004787145,0.));
#3037=CARTESIAN_POINT('',(-0.589,2.25000004622758,0.));
#3038=CARTESIAN_POINT('Origin',(-0.5,2.25000004622758,0.));
#3039=CARTESIAN_POINT('',(1.41100004787145,4.50000009574289,0.));
#3040=CARTESIAN_POINT('Origin',(1.50000004787145,4.50000009574289,0.));
#3041=CARTESIAN_POINT('',(-0.589,0.749999998356137,0.));
#3042=CARTESIAN_POINT('Origin',(-0.5,0.749999998356137,0.));
#3043=CARTESIAN_POINT('',(1.41100001595715,-3.25000004787145,0.));
#3044=CARTESIAN_POINT('Origin',(1.50000001595715,-3.25000004787145,0.));
#3045=CARTESIAN_POINT('',(0.911000015957149,-3.25000004787145,0.));
#3046=CARTESIAN_POINT('Origin',(1.00000001595715,-3.25000004787145,0.));
#3047=CARTESIAN_POINT('',(-0.089,3.00000009574289,0.));
#3048=CARTESIAN_POINT('Origin',(0.,3.00000009574289,0.));
#3049=CARTESIAN_POINT('',(0.411000015957149,3.00000009574289,0.));
#3050=CARTESIAN_POINT('Origin',(0.500000015957149,3.00000009574289,0.));
#3051=CARTESIAN_POINT('',(-0.089,2.25000004787145,0.));
#3052=CARTESIAN_POINT('Origin',(0.,2.25000004787145,0.));
#3053=CARTESIAN_POINT('',(-0.0889999840428511,-3.25000004787145,0.));
#3054=CARTESIAN_POINT('Origin',(1.59571489879929E-8,-3.25000004787145,0.));
#3055=CARTESIAN_POINT('',(0.411000015957149,-2.75000004787145,0.));
#3056=CARTESIAN_POINT('Origin',(0.500000015957149,-2.75000004787145,0.));
#3057=CARTESIAN_POINT('',(0.911000015957149,3.00000009574289,0.));
#3058=CARTESIAN_POINT('Origin',(1.00000001595715,3.00000009574289,0.));
#3059=CARTESIAN_POINT('',(0.911000031914298,2.25000004787145,0.));
#3060=CARTESIAN_POINT('Origin',(1.0000000319143,2.25000004787145,0.));
#3061=CARTESIAN_POINT('',(0.911000015957149,-2.75000004787145,0.));
#3062=CARTESIAN_POINT('Origin',(1.00000001595715,-2.75000004787145,0.));
#3063=CARTESIAN_POINT('Origin',(0.536000023935724,0.588388339669744,0.0625));
#3064=CARTESIAN_POINT('',(1.59634841884362,4.67677679103953,0.0625));
#3065=CARTESIAN_POINT('',(1.74087097530187,4.56694183398449,0.0625));
#3066=CARTESIAN_POINT('Origin',(1.59634841884362,4.52677679103953,0.0625));
#3067=CARTESIAN_POINT('',(-0.100166806003965,4.67677679103953,0.0625));
#3068=CARTESIAN_POINT('',(1.67677674316808,4.67677679103953,0.0625));
#3069=CARTESIAN_POINT('',(-0.221688040005035,4.61471193581599,0.0625));
#3070=CARTESIAN_POINT('Origin',(-0.100166806003965,4.52677679103953,0.0625));
#3071=CARTESIAN_POINT('',(-0.643981892977906,4.03112649617426,0.0625));
#3072=CARTESIAN_POINT('',(-0.176776695296637,4.67677679103953,0.0625));
#3073=CARTESIAN_POINT('',(-0.643981892977906,3.8224270859048,0.0625));
#3074=CARTESIAN_POINT('Origin',(-0.499776695296637,3.92677679103953,0.0625));
#3075=CARTESIAN_POINT('',(-0.365552732333026,3.4376542482702,0.0625));
#3076=CARTESIAN_POINT('',(-0.176776695296637,3.17677679103953,0.0625));
#3077=CARTESIAN_POINT('',(-0.336200609206971,2.89699570603947,0.0625));
#3078=CARTESIAN_POINT('Origin',(-0.770623512336594,3.14453709901533,0.0625));
#3079=CARTESIAN_POINT('',(-0.654654553514145,2.33812478212699,0.0625));
#3080=CARTESIAN_POINT('',(-0.176776695296637,3.17677679103953,0.0625));
#3081=CARTESIAN_POINT('',(-0.644181509399953,2.14561761309273,0.0625));
#3082=CARTESIAN_POINT('Origin',(-0.5,2.25000004622758,0.0625));
#3083=CARTESIAN_POINT('',(-0.389049930103984,1.79320911777663,0.0625));
#3084=CARTESIAN_POINT('',(-0.176776689783856,1.50000004729025,0.0625));
#3085=CARTESIAN_POINT('',(-0.389049919318464,1.20679096899554,0.0625));
#3086=CARTESIAN_POINT('Origin',(-0.794054169991493,1.50000003593716,0.0625));
#3087=CARTESIAN_POINT('',(-0.644181513239598,0.854382426187355,0.0625));
#3088=CARTESIAN_POINT('',(-0.176776689783856,1.50000004729025,0.0625));
#3089=CARTESIAN_POINT('',(-0.67795378306335,0.745944003602413,0.0625));
#3090=CARTESIAN_POINT('Origin',(-0.5,0.749999998356137,0.0625));
#3091=CARTESIAN_POINT('',(-0.248587817936708,-3.27653472028247,0.0625));
#3092=CARTESIAN_POINT('',(-0.67795378306335,0.745944003602413,0.0625));
#3093=CARTESIAN_POINT('',(0.,-3.50000011170004,0.0625));
#3094=CARTESIAN_POINT('Origin',(1.59571489879929E-8,-3.25000004787145,0.0625));
#3095=CARTESIAN_POINT('',(1.50000004787145,-3.50000011170004,0.0625));
#3096=CARTESIAN_POINT('',(0.,-3.50000011170004,0.0625));
#3097=CARTESIAN_POINT('',(1.75000001595715,-3.25000004890094,0.0625));
#3098=CARTESIAN_POINT('Origin',(1.50000001595715,-3.25000004787145,0.0625));
#3099=CARTESIAN_POINT('',(1.75000004787145,4.50000009574289,0.0625));
#3100=CARTESIAN_POINT('',(1.75000004787145,4.50000009574289,0.0625));
#3101=CARTESIAN_POINT('Origin',(1.50000004787145,4.50000009574289,0.0625));
#3102=CARTESIAN_POINT('',(0.911000015957149,4.50000009574289,0.0625));
#3103=CARTESIAN_POINT('Origin',(1.00000001595715,4.50000009574289,0.0625));
#3104=CARTESIAN_POINT('',(0.411000015957149,4.50000009574289,0.0625));
#3105=CARTESIAN_POINT('Origin',(0.500000015957149,4.50000009574289,0.0625));
#3106=CARTESIAN_POINT('',(-0.089,3.75000004787145,0.0625));
#3107=CARTESIAN_POINT('Origin',(0.,3.75000004787145,0.0625));
#3108=CARTESIAN_POINT('',(-0.089,4.50000009574289,0.0625));
#3109=CARTESIAN_POINT('Origin',(0.,4.50000009574289,0.0625));
#3110=CARTESIAN_POINT('',(0.411000015957149,1.50000004787145,0.0625));
#3111=CARTESIAN_POINT('Origin',(0.500000015957149,1.50000004787145,0.0625));
#3112=CARTESIAN_POINT('',(0.911000031914298,3.75000004787145,0.0625));
#3113=CARTESIAN_POINT('Origin',(1.0000000319143,3.75000004787145,0.0625));
#3114=CARTESIAN_POINT('',(1.41100001595715,0.,0.0625));
#3115=CARTESIAN_POINT('Origin',(1.50000001595715,0.,0.0625));
#3116=CARTESIAN_POINT('',(-0.089,0.,0.0625));
#3117=CARTESIAN_POINT('Origin',(0.,0.,0.0625));
#3118=CARTESIAN_POINT('',(-0.588776695296637,3.92677679103953,0.0625));
#3119=CARTESIAN_POINT('Origin',(-0.499776695296637,3.92677679103953,0.0625));
#3120=CARTESIAN_POINT('',(1.41100001595715,3.00000009574289,0.0625));
#3121=CARTESIAN_POINT('Origin',(1.50000001595715,3.00000009574289,0.0625));
#3122=CARTESIAN_POINT('',(0.911000015957149,0.,0.0625));
#3123=CARTESIAN_POINT('Origin',(1.00000001595715,0.,0.0625));
#3124=CARTESIAN_POINT('',(0.911000015957149,-1.75000004787145,0.0625));
#3125=CARTESIAN_POINT('Origin',(1.00000001595715,-1.75000004787145,0.0625));
#3126=CARTESIAN_POINT('',(1.41100001595715,-1.50000004787145,0.0625));
#3127=CARTESIAN_POINT('Origin',(1.50000001595715,-1.50000004787145,0.0625));
#3128=CARTESIAN_POINT('',(0.911000015957149,-1.50000004787145,0.0625));
#3129=CARTESIAN_POINT('Origin',(1.00000001595715,-1.50000004787145,0.0625));
#3130=CARTESIAN_POINT('',(0.411000015957149,0.,0.0625));
#3131=CARTESIAN_POINT('Origin',(0.500000015957149,0.,0.0625));
#3132=CARTESIAN_POINT('',(1.41100001595715,1.50000004787145,0.0625));
#3133=CARTESIAN_POINT('Origin',(1.50000001595715,1.50000004787145,0.0625));
#3134=CARTESIAN_POINT('',(-0.0889999840428512,-1.50000004787145,0.0625));
#3135=CARTESIAN_POINT('Origin',(1.59571489879929E-8,-1.50000004787145,0.0625));
#3136=CARTESIAN_POINT('',(0.411000015957149,-1.50000004787145,0.0625));
#3137=CARTESIAN_POINT('Origin',(0.500000015957149,-1.50000004787145,0.0625));
#3138=CARTESIAN_POINT('',(-0.089,1.50000004787145,0.0625));
#3139=CARTESIAN_POINT('Origin',(0.,1.50000004787145,0.0625));
#3140=CARTESIAN_POINT('',(-0.088999984042851,-1.75000004787145,0.0625));
#3141=CARTESIAN_POINT('Origin',(1.59571489879929E-8,-1.75000004787145,0.0625));
#3142=CARTESIAN_POINT('',(0.911000015957149,1.50000004787145,0.0625));
#3143=CARTESIAN_POINT('Origin',(1.00000001595715,1.50000004787145,0.0625));
#3144=CARTESIAN_POINT('',(-0.0889999840428512,-2.75000004787145,0.0625));
#3145=CARTESIAN_POINT('Origin',(1.59571489879929E-8,-2.75000004787145,0.0625));
#3146=CARTESIAN_POINT('',(-0.589,2.25000004622758,0.0625));
#3147=CARTESIAN_POINT('Origin',(-0.5,2.25000004622758,0.0625));
#3148=CARTESIAN_POINT('',(1.41100004787145,4.50000009574289,0.0625));
#3149=CARTESIAN_POINT('Origin',(1.50000004787145,4.50000009574289,0.0625));
#3150=CARTESIAN_POINT('',(-0.589,0.749999998356138,0.0625));
#3151=CARTESIAN_POINT('Origin',(-0.5,0.749999998356137,0.0625));
#3152=CARTESIAN_POINT('',(1.41100001595715,-3.25000004787145,0.0625));
#3153=CARTESIAN_POINT('Origin',(1.50000001595715,-3.25000004787145,0.0625));
#3154=CARTESIAN_POINT('',(0.911000015957149,-3.25000004787145,0.0625));
#3155=CARTESIAN_POINT('Origin',(1.00000001595715,-3.25000004787145,0.0625));
#3156=CARTESIAN_POINT('',(-0.089,3.00000009574289,0.0625));
#3157=CARTESIAN_POINT('Origin',(0.,3.00000009574289,0.0625));
#3158=CARTESIAN_POINT('',(0.411000015957149,3.00000009574289,0.0625));
#3159=CARTESIAN_POINT('Origin',(0.500000015957149,3.00000009574289,0.0625));
#3160=CARTESIAN_POINT('',(-0.089,2.25000004787145,0.0625));
#3161=CARTESIAN_POINT('Origin',(0.,2.25000004787145,0.0625));
#3162=CARTESIAN_POINT('',(-0.0889999840428512,-3.25000004787145,0.0625));
#3163=CARTESIAN_POINT('Origin',(1.59571489879929E-8,-3.25000004787145,0.0625));
#3164=CARTESIAN_POINT('',(0.411000015957149,-2.75000004787145,0.0625));
#3165=CARTESIAN_POINT('Origin',(0.500000015957149,-2.75000004787145,0.0625));
#3166=CARTESIAN_POINT('',(0.911000015957149,3.00000009574289,0.0625));
#3167=CARTESIAN_POINT('Origin',(1.00000001595715,3.00000009574289,0.0625));
#3168=CARTESIAN_POINT('',(0.911000031914298,2.25000004787145,0.0625));
#3169=CARTESIAN_POINT('Origin',(1.0000000319143,2.25000004787145,0.0625));
#3170=CARTESIAN_POINT('',(0.911000015957149,-2.75000004787145,0.0625));
#3171=CARTESIAN_POINT('Origin',(1.00000001595715,-2.75000004787145,0.0625));
#3172=CARTESIAN_POINT('Origin',(1.59634841884362,4.52677679103953,0.));
#3173=CARTESIAN_POINT('',(1.74087097530187,4.56694183398449,0.));
#3174=CARTESIAN_POINT('',(1.59634841884362,4.67677679103953,0.));
#3175=CARTESIAN_POINT('Origin',(1.67677674316808,4.67677679103953,0.));
#3176=CARTESIAN_POINT('',(-0.100166806003965,4.67677679103953,0.));
#3177=CARTESIAN_POINT('Origin',(-0.100166806003965,4.52677679103953,0.));
#3178=CARTESIAN_POINT('',(-0.221688040005035,4.61471193581599,0.));
#3179=CARTESIAN_POINT('Origin',(-0.770623512336594,3.14453709901533,0.));
#3180=CARTESIAN_POINT('',(-0.336200609206972,2.89699570603947,0.));
#3181=CARTESIAN_POINT('',(-0.365552732333026,3.4376542482702,0.));
#3182=CARTESIAN_POINT('Origin',(-0.176776695296637,3.17677679103953,0.));
#3183=CARTESIAN_POINT('',(-0.654654553514145,2.33812478212699,0.));
#3184=CARTESIAN_POINT('Origin',(-0.794054169991493,1.50000003593716,0.));
#3185=CARTESIAN_POINT('',(-0.389049919318464,1.20679096899554,0.));
#3186=CARTESIAN_POINT('',(-0.389049930103984,1.79320911777663,0.));
#3187=CARTESIAN_POINT('Origin',(-0.176776689783856,1.50000004729025,0.));
#3188=CARTESIAN_POINT('',(-0.644181513239598,0.854382426187356,0.));
#3189=CARTESIAN_POINT('Origin',(1.00000001595715,4.50000009574289,0.));
#3190=CARTESIAN_POINT('',(0.911000015957149,4.50000009574289,0.));
#3191=CARTESIAN_POINT('Origin',(0.500000015957149,4.50000009574289,0.));
#3192=CARTESIAN_POINT('',(0.411000015957149,4.50000009574289,0.));
#3193=CARTESIAN_POINT('Origin',(0.,3.75000004787145,0.));
#3194=CARTESIAN_POINT('',(-0.0889999999999999,3.75000004787145,0.));
#3195=CARTESIAN_POINT('Origin',(0.,4.50000009574289,0.));
#3196=CARTESIAN_POINT('',(-0.089,4.50000009574289,0.));
#3197=CARTESIAN_POINT('Origin',(0.500000015957149,1.50000004787145,0.));
#3198=CARTESIAN_POINT('',(0.411000015957149,1.50000004787145,0.));
#3199=CARTESIAN_POINT('Origin',(1.0000000319143,3.75000004787145,0.));
#3200=CARTESIAN_POINT('',(0.911000031914298,3.75000004787145,0.));
#3201=CARTESIAN_POINT('Origin',(1.50000001595715,0.,0.));
#3202=CARTESIAN_POINT('',(1.41100001595715,-1.08993565124115E-17,0.));
#3203=CARTESIAN_POINT('Origin',(0.,0.,0.));
#3204=CARTESIAN_POINT('',(-0.089,-1.08993565124114E-17,0.));
#3205=CARTESIAN_POINT('Origin',(-0.499776695296637,3.92677679103953,0.));
#3206=CARTESIAN_POINT('',(-0.588776695296637,3.92677679103953,0.));
#3207=CARTESIAN_POINT('Origin',(1.50000001595715,3.00000009574289,0.));
#3208=CARTESIAN_POINT('',(1.41100001595715,3.00000009574289,0.));
#3209=CARTESIAN_POINT('Origin',(1.00000001595715,0.,0.));
#3210=CARTESIAN_POINT('',(0.911000015957149,-1.08993565124114E-17,0.));
#3211=CARTESIAN_POINT('Origin',(1.00000001595715,-1.75000004787145,0.));
#3212=CARTESIAN_POINT('',(0.911000015957149,-1.75000004787145,0.));
#3213=CARTESIAN_POINT('Origin',(1.50000001595715,-1.50000004787145,0.));
#3214=CARTESIAN_POINT('',(1.41100001595715,-1.50000004787145,0.));
#3215=CARTESIAN_POINT('Origin',(1.00000001595715,-1.50000004787145,0.));
#3216=CARTESIAN_POINT('',(0.911000015957149,-1.50000004787145,0.));
#3217=CARTESIAN_POINT('Origin',(0.500000015957149,0.,0.));
#3218=CARTESIAN_POINT('',(0.411000015957149,-1.08993565124114E-17,0.));
#3219=CARTESIAN_POINT('Origin',(1.50000001595715,1.50000004787145,0.));
#3220=CARTESIAN_POINT('',(1.41100001595715,1.50000004787145,0.));
#3221=CARTESIAN_POINT('Origin',(1.59571489879929E-8,-1.50000004787145,0.));
#3222=CARTESIAN_POINT('',(-0.0889999840428511,-1.50000004787145,0.));
#3223=CARTESIAN_POINT('Origin',(0.500000015957149,-1.50000004787145,0.));
#3224=CARTESIAN_POINT('',(0.411000015957149,-1.50000004787145,0.));
#3225=CARTESIAN_POINT('Origin',(0.,1.50000004787145,0.));
#3226=CARTESIAN_POINT('',(-0.089,1.50000004787145,0.));
#3227=CARTESIAN_POINT('Origin',(1.59571489879929E-8,-1.75000004787145,0.));
#3228=CARTESIAN_POINT('',(-0.0889999840428509,-1.75000004787145,0.));
#3229=CARTESIAN_POINT('Origin',(1.00000001595715,1.50000004787145,0.));
#3230=CARTESIAN_POINT('',(0.911000015957149,1.50000004787145,0.));
#3231=CARTESIAN_POINT('Origin',(1.59571489879929E-8,-2.75000004787145,0.));
#3232=CARTESIAN_POINT('',(-0.0889999840428511,-2.75000004787145,0.));
#3233=CARTESIAN_POINT('Origin',(-0.5,2.25000004622758,0.));
#3234=CARTESIAN_POINT('',(-0.589,2.25000004622758,0.));
#3235=CARTESIAN_POINT('Origin',(1.50000004787145,4.50000009574289,0.));
#3236=CARTESIAN_POINT('',(1.41100004787145,4.50000009574289,0.));
#3237=CARTESIAN_POINT('Origin',(-0.5,0.749999998356137,0.));
#3238=CARTESIAN_POINT('',(-0.589,0.749999998356137,0.));
#3239=CARTESIAN_POINT('Origin',(1.50000001595715,-3.25000004787145,0.));
#3240=CARTESIAN_POINT('',(1.41100001595715,-3.25000004787145,0.));
#3241=CARTESIAN_POINT('Origin',(1.00000001595715,-3.25000004787145,0.));
#3242=CARTESIAN_POINT('',(0.911000015957149,-3.25000004787145,0.));
#3243=CARTESIAN_POINT('Origin',(0.,3.00000009574289,0.));
#3244=CARTESIAN_POINT('',(-0.089,3.00000009574289,0.));
#3245=CARTESIAN_POINT('Origin',(0.500000015957149,3.00000009574289,0.));
#3246=CARTESIAN_POINT('',(0.411000015957149,3.00000009574289,0.));
#3247=CARTESIAN_POINT('Origin',(0.,2.25000004787145,0.));
#3248=CARTESIAN_POINT('',(-0.089,2.25000004787145,0.));
#3249=CARTESIAN_POINT('Origin',(1.59571489879929E-8,-3.25000004787145,0.));
#3250=CARTESIAN_POINT('',(-0.0889999840428511,-3.25000004787145,0.));
#3251=CARTESIAN_POINT('Origin',(0.500000015957149,-2.75000004787145,0.));
#3252=CARTESIAN_POINT('',(0.411000015957149,-2.75000004787145,0.));
#3253=CARTESIAN_POINT('Origin',(1.00000001595715,3.00000009574289,0.));
#3254=CARTESIAN_POINT('',(0.911000015957149,3.00000009574289,0.));
#3255=CARTESIAN_POINT('Origin',(1.0000000319143,2.25000004787145,0.));
#3256=CARTESIAN_POINT('',(0.911000031914298,2.25000004787145,0.));
#3257=CARTESIAN_POINT('Origin',(1.00000001595715,-2.75000004787145,0.));
#3258=CARTESIAN_POINT('',(0.911000015957149,-2.75000004787145,0.));
#3259=CARTESIAN_POINT('Origin',(1.50000004787145,4.50000009574289,0.));
#3260=CARTESIAN_POINT('',(1.75000004787145,4.50000009574289,0.));
#3261=CARTESIAN_POINT('Origin',(1.75000001595715,-3.25000004890094,0.));
#3262=CARTESIAN_POINT('',(1.75000001595715,-3.25000004890094,0.));
#3263=CARTESIAN_POINT('Origin',(1.50000001595715,-3.25000004787145,0.));
#3264=CARTESIAN_POINT('',(1.50000004787145,-3.50000011170004,0.));
#3265=CARTESIAN_POINT('Origin',(0.,-3.50000011170004,0.));
#3266=CARTESIAN_POINT('',(0.,-3.50000011170004,0.));
#3267=CARTESIAN_POINT('Origin',(1.59571489879929E-8,-3.25000004787145,0.));
#3268=CARTESIAN_POINT('',(-0.248587817936708,-3.27653472028247,0.));
#3269=CARTESIAN_POINT('Origin',(-0.67795378306335,0.745944003602413,0.));
#3270=CARTESIAN_POINT('',(-0.67795378306335,0.745944003602413,0.));
#3271=CARTESIAN_POINT('Origin',(-0.5,0.749999998356137,0.));
#3272=CARTESIAN_POINT('Origin',(-0.644181509399953,2.14561761309273,0.));
#3273=CARTESIAN_POINT('',(-0.644181509399953,2.14561761309273,0.));
#3274=CARTESIAN_POINT('Origin',(-0.5,2.25000004622758,0.));
#3275=CARTESIAN_POINT('Origin',(-0.643981892977906,3.8224270859048,0.));
#3276=CARTESIAN_POINT('',(-0.643981892977906,3.8224270859048,0.));
#3277=CARTESIAN_POINT('Origin',(-0.499776695296637,3.92677679103953,0.));
#3278=CARTESIAN_POINT('',(-0.643981892977907,4.03112649617426,0.));
#3279=CARTESIAN_POINT('Origin',(-0.176776695296637,4.67677679103953,0.));
#3280=CARTESIAN_POINT('',(0.,0.,0.));
#3281=CARTESIAN_POINT('Origin',(4.50000004787145,-1.75000004787145,0.1875));
#3282=CARTESIAN_POINT('',(4.58900004787145,-1.75000004787145,0.1875));
#3283=CARTESIAN_POINT('Origin',(4.50000004787145,-1.75000004787145,0.1875));
#3284=CARTESIAN_POINT('',(4.58900004787145,-1.75000004787145,0.125));
#3285=CARTESIAN_POINT('',(4.58900004787145,-1.75000004787145,0.1875));
#3286=CARTESIAN_POINT('Origin',(4.50000004787145,-1.75000004787145,0.125));
#3287=CARTESIAN_POINT('Origin',(3.,-0.500000015957149,0.125));
#3288=CARTESIAN_POINT('',(3.089,-0.500000015957149,0.1875));
#3289=CARTESIAN_POINT('Origin',(3.,-0.500000015957149,0.1875));
#3290=CARTESIAN_POINT('',(3.089,-0.500000015957149,0.125));
#3291=CARTESIAN_POINT('',(3.089,-0.500000015957149,0.125));
#3292=CARTESIAN_POINT('Origin',(3.,-0.500000015957149,0.125));
#3293=CARTESIAN_POINT('Origin',(4.50000004787145,-0.500000015957149,0.125));
#3294=CARTESIAN_POINT('',(4.58900004787145,-0.500000015957149,0.1875));
#3295=CARTESIAN_POINT('Origin',(4.50000004787145,-0.500000015957149,0.1875));
#3296=CARTESIAN_POINT('',(4.58900004787145,-0.500000015957149,0.125));
#3297=CARTESIAN_POINT('',(4.58900004787145,-0.500000015957149,0.125));
#3298=CARTESIAN_POINT('Origin',(4.50000004787145,-0.500000015957149,0.125));
#3299=CARTESIAN_POINT('Origin',(4.50000004787145,-2.75000004787145,0.125));
#3300=CARTESIAN_POINT('',(4.58900004787145,-2.75000004787145,0.1875));
#3301=CARTESIAN_POINT('Origin',(4.50000004787145,-2.75000004787145,0.1875));
#3302=CARTESIAN_POINT('',(4.58900004787145,-2.75000004787145,0.125));
#3303=CARTESIAN_POINT('',(4.58900004787145,-2.75000004787145,0.125));
#3304=CARTESIAN_POINT('Origin',(4.50000004787145,-2.75000004787145,0.125));
#3305=CARTESIAN_POINT('Origin',(3.50000001595715,-2.75000004787145,0.125));
#3306=CARTESIAN_POINT('',(3.58900001595715,-2.75000004787145,0.1875));
#3307=CARTESIAN_POINT('Origin',(3.50000001595715,-2.75000004787145,0.1875));
#3308=CARTESIAN_POINT('',(3.58900001595715,-2.75000004787145,0.125));
#3309=CARTESIAN_POINT('',(3.58900001595715,-2.75000004787145,0.125));
#3310=CARTESIAN_POINT('Origin',(3.50000001595715,-2.75000004787145,0.125));
#3311=CARTESIAN_POINT('Origin',(3.00000001595715,-2.75000004787145,0.125));
#3312=CARTESIAN_POINT('',(3.08900001595715,-2.75000004787145,0.1875));
#3313=CARTESIAN_POINT('Origin',(3.00000001595715,-2.75000004787145,0.1875));
#3314=CARTESIAN_POINT('',(3.08900001595715,-2.75000004787145,0.125));
#3315=CARTESIAN_POINT('',(3.08900001595715,-2.75000004787145,0.125));
#3316=CARTESIAN_POINT('Origin',(3.00000001595715,-2.75000004787145,0.125));
#3317=CARTESIAN_POINT('Origin',(3.70000002234001,-0.300000009574289,0.125));
#3318=CARTESIAN_POINT('',(3.78900002234001,-0.300000009574289,0.1875));
#3319=CARTESIAN_POINT('Origin',(3.70000002234001,-0.300000009574289,0.1875));
#3320=CARTESIAN_POINT('',(3.78900002234001,-0.300000009574289,0.125));
#3321=CARTESIAN_POINT('',(3.78900002234001,-0.300000009574289,0.125));
#3322=CARTESIAN_POINT('Origin',(3.70000002234001,-0.300000009574289,0.125));
#3323=CARTESIAN_POINT('Origin',(2.75000000372708,-0.500043184672888,0.125));
#3324=CARTESIAN_POINT('',(2.75038611646419,-2.73611116094984,0.125));
#3325=CARTESIAN_POINT('',(2.75000000372708,-0.500043184672888,0.125));
#3326=CARTESIAN_POINT('',(2.75038611646419,-2.73611116094984,0.125));
#3327=CARTESIAN_POINT('',(2.75038611646419,-2.73611116094984,0.1875));
#3328=CARTESIAN_POINT('',(2.75038611646419,-2.73611116094984,0.125));
#3329=CARTESIAN_POINT('',(2.75000000372708,-0.500043184672888,0.1875));
#3330=CARTESIAN_POINT('',(2.75038611646419,-2.73611116094984,0.1875));
#3331=CARTESIAN_POINT('',(2.75000000372708,-0.500043184672888,0.125));
#3332=CARTESIAN_POINT('Origin',(3.,-0.500000015957149,0.125));
#3333=CARTESIAN_POINT('',(2.93262470513686,-0.259250001124117,0.125));
#3334=CARTESIAN_POINT('Origin',(3.,-0.500000015957149,0.125));
#3335=CARTESIAN_POINT('',(2.93262470513686,-0.259250001124117,0.1875));
#3336=CARTESIAN_POINT('Origin',(3.,-0.500000015957149,0.1875));
#3337=CARTESIAN_POINT('',(2.93262470513686,-0.259250001124117,0.125));
#3338=CARTESIAN_POINT('Origin',(3.5910661165738,-0.0749813344059419,0.125));
#3339=CARTESIAN_POINT('',(3.5910661165738,-0.0749813344059415,0.125));
#3340=CARTESIAN_POINT('',(3.5910661165738,-0.0749813344059419,0.125));
#3341=CARTESIAN_POINT('',(3.5910661165738,-0.0749813344059415,0.1875));
#3342=CARTESIAN_POINT('',(3.5910661165738,-0.0749813344059419,0.1875));
#3343=CARTESIAN_POINT('',(3.5910661165738,-0.0749813344059415,0.125));
#3344=CARTESIAN_POINT('Origin',(3.70000002234001,-0.300000009574289,0.125));
#3345=CARTESIAN_POINT('',(3.79669796381057,-0.0694582387054177,0.125));
#3346=CARTESIAN_POINT('Origin',(3.70000002234001,-0.300000009574289,0.125));
#3347=CARTESIAN_POINT('',(3.79669796381057,-0.0694582387054177,0.1875));
#3348=CARTESIAN_POINT('Origin',(3.70000002234001,-0.300000009574289,0.1875));
#3349=CARTESIAN_POINT('',(3.79669796381057,-0.0694582387054177,0.125));
#3350=CARTESIAN_POINT('Origin',(4.55974241506807,-0.257243245584532,0.125));
#3351=CARTESIAN_POINT('',(4.55974241506807,-0.257243245584532,0.125));
#3352=CARTESIAN_POINT('',(4.55974241506807,-0.257243245584532,0.125));
#3353=CARTESIAN_POINT('',(4.55974241506807,-0.257243245584532,0.1875));
#3354=CARTESIAN_POINT('',(4.55974241506807,-0.257243245584532,0.1875));
#3355=CARTESIAN_POINT('',(4.55974241506807,-0.257243245584532,0.125));
#3356=CARTESIAN_POINT('Origin',(4.50000004787145,-0.500000015957149,0.125));
#3357=CARTESIAN_POINT('',(4.7500000472372,-0.500017823946912,0.125));
#3358=CARTESIAN_POINT('Origin',(4.50000004787145,-0.500000015957149,0.125));
#3359=CARTESIAN_POINT('',(4.7500000472372,-0.500017823946912,0.1875));
#3360=CARTESIAN_POINT('Origin',(4.50000004787145,-0.500000015957149,0.1875));
#3361=CARTESIAN_POINT('',(4.7500000472372,-0.500017823946912,0.125));
#3362=CARTESIAN_POINT('Origin',(4.74984041288441,-2.74106741051214,0.125));
#3363=CARTESIAN_POINT('',(4.74984041288441,-2.74106741051214,0.125));
#3364=CARTESIAN_POINT('',(4.74984041288441,-2.74106741051214,0.125));
#3365=CARTESIAN_POINT('',(4.74984041288441,-2.74106741051214,0.1875));
#3366=CARTESIAN_POINT('',(4.74984041288441,-2.74106741051214,0.1875));
#3367=CARTESIAN_POINT('',(4.74984041288441,-2.74106741051214,0.125));
#3368=CARTESIAN_POINT('Origin',(4.50000004787145,-2.75000004787145,0.125));
#3369=CARTESIAN_POINT('',(4.50000004787145,-3.00000009574289,0.125));
#3370=CARTESIAN_POINT('Origin',(4.50000004787145,-2.75000004787145,0.125));
#3371=CARTESIAN_POINT('',(4.50000004787145,-3.00000009574289,0.1875));
#3372=CARTESIAN_POINT('Origin',(4.50000004787145,-2.75000004787145,0.1875));
#3373=CARTESIAN_POINT('',(4.50000004787145,-3.00000009574289,0.125));
#3374=CARTESIAN_POINT('Origin',(3.,-3.00000009574289,0.125));
#3375=CARTESIAN_POINT('',(3.,-3.00000009574289,0.125));
#3376=CARTESIAN_POINT('',(3.,-3.00000009574289,0.125));
#3377=CARTESIAN_POINT('',(3.,-3.00000009574289,0.1875));
#3378=CARTESIAN_POINT('',(3.,-3.00000009574289,0.1875));
#3379=CARTESIAN_POINT('',(3.,-3.00000009574289,0.125));
#3380=CARTESIAN_POINT('Origin',(3.00000001595715,-2.75000004787145,0.125));
#3381=CARTESIAN_POINT('Origin',(3.00000001595715,-2.75000004787145,0.125));
#3382=CARTESIAN_POINT('Origin',(3.00000001595715,-2.75000004787145,0.1875));
#3383=CARTESIAN_POINT('Origin',(3.75000002393572,-1.52500005265859,0.1875));
#3384=CARTESIAN_POINT('Origin',(3.75000002393572,-1.52500005265859,0.125));
#3385=CARTESIAN_POINT('',(0.,0.,0.));
#3386=CARTESIAN_POINT('Origin',(0.700000022340009,-0.300000009574289,0.0625));
#3387=CARTESIAN_POINT('',(0.789000022340009,-0.300000009574289,0.125));
#3388=CARTESIAN_POINT('Origin',(0.700000022340009,-0.300000009574289,0.125));
#3389=CARTESIAN_POINT('',(0.789000022340009,-0.300000009574289,0.0625));
#3390=CARTESIAN_POINT('',(0.789000022340009,-0.300000009574289,0.0625));
#3391=CARTESIAN_POINT('Origin',(0.700000022340009,-0.300000009574289,0.0625));
#3392=CARTESIAN_POINT('Origin',(0.,-0.500000015957149,0.0625));
#3393=CARTESIAN_POINT('',(0.089,-0.500000015957149,0.125));
#3394=CARTESIAN_POINT('Origin',(0.,-0.500000015957149,0.125));
#3395=CARTESIAN_POINT('',(0.089,-0.500000015957149,0.0625));
#3396=CARTESIAN_POINT('',(0.089,-0.500000015957149,0.0625));
#3397=CARTESIAN_POINT('Origin',(0.,-0.500000015957149,0.0625));
#3398=CARTESIAN_POINT('Origin',(0.500000015957149,-2.75000004787145,0.0625));
#3399=CARTESIAN_POINT('',(0.589000015957149,-2.75000004787145,0.125));
#3400=CARTESIAN_POINT('Origin',(0.500000015957149,-2.75000004787145,0.125));
#3401=CARTESIAN_POINT('',(0.589000015957149,-2.75000004787145,0.0625));
#3402=CARTESIAN_POINT('',(0.589000015957149,-2.75000004787145,0.0625));
#3403=CARTESIAN_POINT('Origin',(0.500000015957149,-2.75000004787145,0.0625));
#3404=CARTESIAN_POINT('Origin',(1.50000004787145,-0.500000015957149,0.0625));
#3405=CARTESIAN_POINT('',(1.58900004787145,-0.500000015957149,0.125));
#3406=CARTESIAN_POINT('Origin',(1.50000004787145,-0.500000015957149,0.125));
#3407=CARTESIAN_POINT('',(1.58900004787145,-0.500000015957149,0.0625));
#3408=CARTESIAN_POINT('',(1.58900004787145,-0.500000015957149,0.0625));
#3409=CARTESIAN_POINT('Origin',(1.50000004787145,-0.500000015957149,0.0625));
#3410=CARTESIAN_POINT('Origin',(0.700000022340009,-0.300000009574289,0.0625));
#3411=CARTESIAN_POINT('',(0.796697963810574,-0.0694582387054177,0.0625));
#3412=CARTESIAN_POINT('',(0.591066116573798,-0.0749813344059419,0.0625));
#3413=CARTESIAN_POINT('Origin',(0.700000022340009,-0.300000009574289,0.0625));
#3414=CARTESIAN_POINT('',(0.591066116573798,-0.0749813344059419,0.125));
#3415=CARTESIAN_POINT('',(0.591066116573798,-0.0749813344059419,0.0625));
#3416=CARTESIAN_POINT('',(0.796697963810574,-0.0694582387054177,0.125));
#3417=CARTESIAN_POINT('Origin',(0.700000022340009,-0.300000009574289,0.125));
#3418=CARTESIAN_POINT('',(0.796697963810574,-0.0694582387054177,0.0625));
#3419=CARTESIAN_POINT('Origin',(1.55974241506807,-0.257243245584532,0.0625));
#3420=CARTESIAN_POINT('',(1.55974241506807,-0.257243245584532,0.0625));
#3421=CARTESIAN_POINT('',(0.796697963810574,-0.0694582387054177,0.0625));
#3422=CARTESIAN_POINT('',(1.55974241506807,-0.257243245584532,0.125));
#3423=CARTESIAN_POINT('',(0.796697963810574,-0.0694582387054177,0.125));
#3424=CARTESIAN_POINT('',(1.55974241506807,-0.257243245584532,0.0625));
#3425=CARTESIAN_POINT('Origin',(1.50000004787145,-0.500000015957149,0.0625));
#3426=CARTESIAN_POINT('',(1.72300370722119,-0.613001643895094,0.0625));
#3427=CARTESIAN_POINT('Origin',(1.50000004787145,-0.500000015957149,0.0625));
#3428=CARTESIAN_POINT('',(1.72300370722119,-0.613001643895094,0.125));
#3429=CARTESIAN_POINT('Origin',(1.50000004787145,-0.500000015957149,0.125));
#3430=CARTESIAN_POINT('',(1.72300370722119,-0.613001643895094,0.0625));
#3431=CARTESIAN_POINT('Origin',(0.72846626315775,-2.85150459895205,0.0625));
#3432=CARTESIAN_POINT('',(0.72846626315775,-2.85150459895205,0.0625));
#3433=CARTESIAN_POINT('',(1.72300370722119,-0.613001643895094,0.0625));
#3434=CARTESIAN_POINT('',(0.72846626315775,-2.85150459895205,0.125));
#3435=CARTESIAN_POINT('',(1.72300370722119,-0.613001643895094,0.125));
#3436=CARTESIAN_POINT('',(0.72846626315775,-2.85150459895205,0.0625));
#3437=CARTESIAN_POINT('Origin',(0.500000015957149,-2.75000004787145,0.0625));
#3438=CARTESIAN_POINT('',(0.255944546071725,-2.80419347569259,0.0625));
#3439=CARTESIAN_POINT('Origin',(0.500000015957149,-2.75000004787145,0.0625));
#3440=CARTESIAN_POINT('',(0.255944546071725,-2.80419347569259,0.125));
#3441=CARTESIAN_POINT('Origin',(0.500000015957149,-2.75000004787145,0.125));
#3442=CARTESIAN_POINT('',(0.255944546071725,-2.80419347569259,0.0625));
#3443=CARTESIAN_POINT('Origin',(-0.24074643179562,-0.567388112663279,0.0625));
#3444=CARTESIAN_POINT('',(-0.24074643179562,-0.567388112663279,0.0625));
#3445=CARTESIAN_POINT('',(-0.24074643179562,-0.567388112663279,0.0625));
#3446=CARTESIAN_POINT('',(-0.24074643179562,-0.567388112663279,0.125));
#3447=CARTESIAN_POINT('',(-0.24074643179562,-0.567388112663279,0.125));
#3448=CARTESIAN_POINT('',(-0.24074643179562,-0.567388112663279,0.0625));
#3449=CARTESIAN_POINT('Origin',(0.,-0.500000015957149,0.0625));
#3450=CARTESIAN_POINT('',(-0.0673752948631371,-0.259250001124117,0.0625));
#3451=CARTESIAN_POINT('Origin',(0.,-0.500000015957149,0.0625));
#3452=CARTESIAN_POINT('',(-0.0673752948631371,-0.259250001124117,0.125));
#3453=CARTESIAN_POINT('Origin',(0.,-0.500000015957149,0.125));
#3454=CARTESIAN_POINT('',(-0.0673752948631371,-0.259250001124117,0.0625));
#3455=CARTESIAN_POINT('Origin',(0.591066116573798,-0.0749813344059419,0.0625));
#3456=CARTESIAN_POINT('',(0.591066116573798,-0.0749813344059419,0.0625));
#3457=CARTESIAN_POINT('',(0.591066116573798,-0.0749813344059419,0.125));
#3458=CARTESIAN_POINT('Origin',(0.750000023935723,-1.52500002872287,0.125));
#3459=CARTESIAN_POINT('Origin',(0.750000023935723,-1.52500002872287,0.0625));
#3460=CARTESIAN_POINT('Origin',(0.536000023935724,0.588388339669744,0.0625));
#3461=CARTESIAN_POINT('',(0.698793299089198,-0.295823722090327,0.0625));
#3462=CARTESIAN_POINT('',(0.700000022340009,-0.300000009574289,0.0625));
#3463=CARTESIAN_POINT('Origin',(0.,-0.500000015957149,0.0625));
#3464=CARTESIAN_POINT('',(0.701009577403132,-0.296004252510291,0.0625));
#3465=CARTESIAN_POINT('Origin',(1.50000004787145,-0.500000015957149,0.0625));
#3466=CARTESIAN_POINT('Origin',(0.500000015957149,-2.75000004787145,0.0625));
#3467=CARTESIAN_POINT('Origin',(0.536000023935724,0.588388339669744,0.));
#3468=CARTESIAN_POINT('',(0.700000022340009,-0.300000009574289,0.));
#3469=CARTESIAN_POINT('',(0.698793299089198,-0.295823722090327,0.));
#3470=CARTESIAN_POINT('Origin',(0.,-0.500000015957149,0.));
#3471=CARTESIAN_POINT('',(0.701009577403132,-0.296004252510291,0.));
#3472=CARTESIAN_POINT('Origin',(0.500000015957149,-2.75000004787145,0.));
#3473=CARTESIAN_POINT('Origin',(1.50000004787145,-0.500000015957149,0.));
#3474=CARTESIAN_POINT('Origin',(0.500000015957149,-2.75000004787145,0.0625));
#3475=CARTESIAN_POINT('',(0.698793299089198,-0.295823722090327,0.0625));
#3476=CARTESIAN_POINT('',(0.701009577403132,-0.296004252510291,0.0625));
#3477=CARTESIAN_POINT('Origin',(0.,-0.500000015957149,0.0625));
#3478=CARTESIAN_POINT('',(0.700000022340009,-0.300000009574289,0.0625));
#3479=CARTESIAN_POINT('Origin',(1.50000004787145,-0.500000015957149,0.0625));
#3480=CARTESIAN_POINT('',(0.,0.,0.));
#3481=CARTESIAN_POINT('',(0.,0.,0.));
#3482=CARTESIAN_POINT('',(-2.8,0.,0.));
#3483=UNCERTAINTY_MEASURE_WITH_UNIT(LENGTH_MEASURE(0.000393700787401575),
#3494,'DISTANCE_ACCURACY_VALUE',
'Maximum model space distance between geometric entities at asserted c
onnectivities');
#3484=UNCERTAINTY_MEASURE_WITH_UNIT(LENGTH_MEASURE(0.000393700787401575),
#3494,'DISTANCE_ACCURACY_VALUE',
'Maximum model space distance between geometric entities at asserted c
onnectivities');
#3485=UNCERTAINTY_MEASURE_WITH_UNIT(LENGTH_MEASURE(0.000393700787401575),
#3494,'DISTANCE_ACCURACY_VALUE',
'Maximum model space distance between geometric entities at asserted c
onnectivities');
#3486=UNCERTAINTY_MEASURE_WITH_UNIT(LENGTH_MEASURE(0.000393700787401575),
#3494,'DISTANCE_ACCURACY_VALUE',
'Maximum model space distance between geometric entities at asserted c
onnectivities');
#3487=UNCERTAINTY_MEASURE_WITH_UNIT(LENGTH_MEASURE(0.000393700787401575),
#3494,'DISTANCE_ACCURACY_VALUE',
'Maximum model space distance between geometric entities at asserted c
onnectivities');
#3488=(
GEOMETRIC_REPRESENTATION_CONTEXT(3)
GLOBAL_UNCERTAINTY_ASSIGNED_CONTEXT((#3483))
GLOBAL_UNIT_ASSIGNED_CONTEXT((#3494,#3498,#3499))
REPRESENTATION_CONTEXT('','3D')
);
#3489=(
GEOMETRIC_REPRESENTATION_CONTEXT(3)
GLOBAL_UNCERTAINTY_ASSIGNED_CONTEXT((#3484))
GLOBAL_UNIT_ASSIGNED_CONTEXT((#3494,#3498,#3499))
REPRESENTATION_CONTEXT('','3D')
);
#3490=(
GEOMETRIC_REPRESENTATION_CONTEXT(3)
GLOBAL_UNCERTAINTY_ASSIGNED_CONTEXT((#3485))
GLOBAL_UNIT_ASSIGNED_CONTEXT((#3494,#3498,#3499))
REPRESENTATION_CONTEXT('','3D')
);
#3491=(
GEOMETRIC_REPRESENTATION_CONTEXT(3)
GLOBAL_UNCERTAINTY_ASSIGNED_CONTEXT((#3486))
GLOBAL_UNIT_ASSIGNED_CONTEXT((#3494,#3498,#3499))
REPRESENTATION_CONTEXT('','3D')
);
#3492=(
GEOMETRIC_REPRESENTATION_CONTEXT(3)
GLOBAL_UNCERTAINTY_ASSIGNED_CONTEXT((#3487))
GLOBAL_UNIT_ASSIGNED_CONTEXT((#3494,#3498,#3499))
REPRESENTATION_CONTEXT('','3D')
);
#3493=DIMENSIONAL_EXPONENTS(1.,0.,0.,0.,0.,0.,0.);
#3494=(
CONVERSION_BASED_UNIT('inch',#3497)
LENGTH_UNIT()
NAMED_UNIT(#3493)
);
#3495=(
LENGTH_UNIT()
NAMED_UNIT(*)
SI_UNIT(.MILLI.,.METRE.)
);
#3496=(
LENGTH_UNIT()
NAMED_UNIT(*)
SI_UNIT($,.METRE.)
);
#3497=LENGTH_MEASURE_WITH_UNIT(LENGTH_MEASURE(25.4),#3495);
#3498=(
NAMED_UNIT(*)
PLANE_ANGLE_UNIT()
SI_UNIT($,.RADIAN.)
);
#3499=(
NAMED_UNIT(*)
SI_UNIT($,.STERADIAN.)
SOLID_ANGLE_UNIT()
);
#3500=SHAPE_DEFINITION_REPRESENTATION(#3504,#3511);
#3501=SHAPE_DEFINITION_REPRESENTATION(#3505,#3512);
#3502=SHAPE_DEFINITION_REPRESENTATION(#3506,#3513);
#3503=SHAPE_DEFINITION_REPRESENTATION(#3507,#3514);
#3504=PRODUCT_DEFINITION_SHAPE('',$,#3516);
#3505=PRODUCT_DEFINITION_SHAPE('',$,#3517);
#3506=PRODUCT_DEFINITION_SHAPE('',$,#3518);
#3507=PRODUCT_DEFINITION_SHAPE('',$,#3519);
#3508=PRODUCT_DEFINITION_SHAPE($,$,#20);
#3509=PRODUCT_DEFINITION_SHAPE($,$,#21);
#3510=PRODUCT_DEFINITION_SHAPE($,$,#22);
#3511=SHAPE_REPRESENTATION('',(#2055,#2301,#2302,#2303),#3488);
#3512=SHAPE_REPRESENTATION('',(#2056),#3489);
#3513=SHAPE_REPRESENTATION('',(#2215),#3490);
#3514=SHAPE_REPRESENTATION('',(#2259),#3491);
#3515=PRODUCT_DEFINITION_CONTEXT('part definition',#3529,'design');
#3516=PRODUCT_DEFINITION('Plate2','Plate2 v11',#3520,#3515);
#3517=PRODUCT_DEFINITION('Component3','Component3',#3521,#3515);
#3518=PRODUCT_DEFINITION('Component4','Component4',#3522,#3515);
#3519=PRODUCT_DEFINITION('Component5','Component5',#3523,#3515);
#3520=PRODUCT_DEFINITION_FORMATION('',$,#3531);
#3521=PRODUCT_DEFINITION_FORMATION('',$,#3532);
#3522=PRODUCT_DEFINITION_FORMATION('',$,#3533);
#3523=PRODUCT_DEFINITION_FORMATION('',$,#3534);
#3524=PRODUCT_RELATED_PRODUCT_CATEGORY('Plate2 v11','Plate2 v11',(#3531));
#3525=PRODUCT_RELATED_PRODUCT_CATEGORY('Component3','Component3',(#3532));
#3526=PRODUCT_RELATED_PRODUCT_CATEGORY('Component4','Component4',(#3533));
#3527=PRODUCT_RELATED_PRODUCT_CATEGORY('Component5','Component5',(#3534));
#3528=APPLICATION_PROTOCOL_DEFINITION('international standard',
'automotive_design',2009,#3529);
#3529=APPLICATION_CONTEXT(
'Core Data for Automotive Mechanical Design Process');
#3530=PRODUCT_CONTEXT('part definition',#3529,'mechanical');
#3531=PRODUCT('Plate2','Plate2 v11',$,(#3530));
#3532=PRODUCT('Component3','Component3',$,(#3530));
#3533=PRODUCT('Component4','Component4',$,(#3530));
#3534=PRODUCT('Component5','Component5',$,(#3530));
#3535=PRESENTATION_STYLE_ASSIGNMENT((#3536));
#3536=SURFACE_STYLE_USAGE(.BOTH.,#3537);
#3537=SURFACE_SIDE_STYLE('',(#3538));
#3538=SURFACE_STYLE_FILL_AREA(#3539);
#3539=FILL_AREA_STYLE('Steel - Satin',(#3540));
#3540=FILL_AREA_STYLE_COLOUR('Steel - Satin',#3541);
#3541=COLOUR_RGB('Steel - Satin',0.627450980392157,0.627450980392157,0.627450980392157);
ENDSEC;
END-ISO-10303-21;
