ISO-10303-21;
HEADER;
/* Generated by software containing ST-Developer
 * from STEP Tools, Inc. (www.steptools.com) 
 */

FILE_DESCRIPTION(
/* description */ (''),
/* implementation_level */ '2;1');

FILE_NAME(
/* name */ 'IntakePanel.step',
/* time_stamp */ '2026-04-16T17:24:19-04:00',
/* author */ (''),
/* organization */ (''),
/* preprocessor_version */ 'ST-DEVELOPER v20.1',
/* originating_system */ 'Autodesk Translation Framework v14.24.0.0',
/* authorisation */ '');

FILE_SCHEMA (('AUTOMOTIVE_DESIGN { 1 0 10303 214 3 1 1 }'));
ENDSEC;

DATA;
#10=MECHANICAL_DESIGN_GEOMETRIC_PRESENTATION_REPRESENTATION('',(#13),#11914);
#11=SHAPE_REPRESENTATION_RELATIONSHIP('SRR','None',#11924,#12);
#12=ADVANCED_BREP_SHAPE_REPRESENTATION('',(#14),#11913);
#13=STYLED_ITEM('',(#11933),#14);
#14=MANIFOLD_SOLID_BREP('f2',#6742);
#15=CYLINDRICAL_SURFACE('',#7007,2.5);
#16=CYLINDRICAL_SURFACE('',#7227,0.136);
#17=CYLINDRICAL_SURFACE('',#7228,0.136);
#18=CYLINDRICAL_SURFACE('',#7231,0.136);
#19=CYLINDRICAL_SURFACE('',#7233,0.136);
#20=CYLINDRICAL_SURFACE('',#7234,0.136);
#21=CYLINDRICAL_SURFACE('',#7236,0.136);
#22=CYLINDRICAL_SURFACE('',#7237,0.136);
#23=CYLINDRICAL_SURFACE('',#7239,0.136);
#24=CYLINDRICAL_SURFACE('',#7241,0.068);
#25=CYLINDRICAL_SURFACE('',#7242,0.068);
#26=CYLINDRICAL_SURFACE('',#7243,0.0679999999999993);
#27=CYLINDRICAL_SURFACE('',#7244,0.0680000000000002);
#28=CYLINDRICAL_SURFACE('',#7245,0.0679999999999996);
#29=CYLINDRICAL_SURFACE('',#7246,0.0679999999999993);
#30=CYLINDRICAL_SURFACE('',#7247,0.0680000000000002);
#31=CYLINDRICAL_SURFACE('',#7248,0.0679999999999996);
#32=CYLINDRICAL_SURFACE('',#7249,0.0679999999999993);
#33=CYLINDRICAL_SURFACE('',#7250,0.0680000000000002);
#34=CYLINDRICAL_SURFACE('',#7251,0.0679999999999996);
#35=CYLINDRICAL_SURFACE('',#7252,0.0679999999999993);
#36=CYLINDRICAL_SURFACE('',#7253,0.0680000000000002);
#37=CYLINDRICAL_SURFACE('',#7254,0.0679999999999996);
#38=CYLINDRICAL_SURFACE('',#7255,0.0679999999999993);
#39=CYLINDRICAL_SURFACE('',#7256,0.0680000000000002);
#40=CYLINDRICAL_SURFACE('',#7257,0.0679999999999996);
#41=CYLINDRICAL_SURFACE('',#7258,0.0679999999999993);
#42=CYLINDRICAL_SURFACE('',#7259,0.0680000000000002);
#43=CYLINDRICAL_SURFACE('',#7260,0.0679999999999996);
#44=CYLINDRICAL_SURFACE('',#7261,0.0679999999999993);
#45=CYLINDRICAL_SURFACE('',#7262,0.0680000000000002);
#46=CYLINDRICAL_SURFACE('',#7263,0.0679999999999996);
#47=CYLINDRICAL_SURFACE('',#7264,0.0679999999999993);
#48=CYLINDRICAL_SURFACE('',#7265,0.0680000000000002);
#49=CYLINDRICAL_SURFACE('',#7266,0.0679999999999996);
#50=CYLINDRICAL_SURFACE('',#7267,0.0679999999999993);
#51=CYLINDRICAL_SURFACE('',#7268,0.0680000000000002);
#52=CYLINDRICAL_SURFACE('',#7269,0.0679999999999996);
#53=CYLINDRICAL_SURFACE('',#7270,0.0679999999999993);
#54=CYLINDRICAL_SURFACE('',#7271,0.0680000000000002);
#55=CYLINDRICAL_SURFACE('',#7272,0.0679999999999996);
#56=CYLINDRICAL_SURFACE('',#7273,0.0679999999999993);
#57=CYLINDRICAL_SURFACE('',#7274,0.0680000000000002);
#58=CYLINDRICAL_SURFACE('',#7275,0.0679999999999996);
#59=CYLINDRICAL_SURFACE('',#7276,0.0679999999999993);
#60=CYLINDRICAL_SURFACE('',#7277,0.0680000000000002);
#61=CYLINDRICAL_SURFACE('',#7278,0.0679999999999996);
#62=CYLINDRICAL_SURFACE('',#7279,0.0679999999999993);
#63=CYLINDRICAL_SURFACE('',#7280,0.0680000000000002);
#64=CYLINDRICAL_SURFACE('',#7281,0.0679999999999996);
#65=CYLINDRICAL_SURFACE('',#7282,0.0679999999999993);
#66=CYLINDRICAL_SURFACE('',#7283,0.0680000000000002);
#67=CYLINDRICAL_SURFACE('',#7284,0.0679999999999996);
#68=CYLINDRICAL_SURFACE('',#7285,0.0679999999999993);
#69=CYLINDRICAL_SURFACE('',#7286,0.0680000000000002);
#70=CYLINDRICAL_SURFACE('',#7287,0.0679999999999996);
#71=CYLINDRICAL_SURFACE('',#7288,0.0679999999999993);
#72=CYLINDRICAL_SURFACE('',#7289,0.0680000000000002);
#73=CYLINDRICAL_SURFACE('',#7290,0.0679999999999996);
#74=CYLINDRICAL_SURFACE('',#7291,0.0679999999999993);
#75=CYLINDRICAL_SURFACE('',#7292,0.0680000000000002);
#76=CYLINDRICAL_SURFACE('',#7293,0.0679999999999996);
#77=CYLINDRICAL_SURFACE('',#7294,0.0679999999999993);
#78=CYLINDRICAL_SURFACE('',#7295,0.0680000000000002);
#79=CYLINDRICAL_SURFACE('',#7296,0.0679999999999996);
#80=CYLINDRICAL_SURFACE('',#7297,0.0679999999999993);
#81=CYLINDRICAL_SURFACE('',#7298,0.0680000000000002);
#82=CYLINDRICAL_SURFACE('',#7299,0.0679999999999996);
#83=CYLINDRICAL_SURFACE('',#7300,0.0679999999999993);
#84=CYLINDRICAL_SURFACE('',#7301,0.0680000000000002);
#85=CYLINDRICAL_SURFACE('',#7302,0.0679999999999996);
#86=CYLINDRICAL_SURFACE('',#7303,0.0679999999999993);
#87=CYLINDRICAL_SURFACE('',#7304,0.0680000000000002);
#88=CYLINDRICAL_SURFACE('',#7305,0.0679999999999996);
#89=CYLINDRICAL_SURFACE('',#7306,0.0679999999999993);
#90=CYLINDRICAL_SURFACE('',#7307,0.0680000000000002);
#91=CYLINDRICAL_SURFACE('',#7308,0.0679999999999996);
#92=CYLINDRICAL_SURFACE('',#7309,0.0679999999999993);
#93=CYLINDRICAL_SURFACE('',#7310,0.0680000000000002);
#94=CYLINDRICAL_SURFACE('',#7311,0.0679999999999996);
#95=CYLINDRICAL_SURFACE('',#7312,0.0679999999999993);
#96=CYLINDRICAL_SURFACE('',#7313,0.0680000000000002);
#97=CYLINDRICAL_SURFACE('',#7314,0.0679999999999996);
#98=CYLINDRICAL_SURFACE('',#7315,0.0679999999999993);
#99=CYLINDRICAL_SURFACE('',#7316,0.0680000000000002);
#100=CYLINDRICAL_SURFACE('',#7317,0.0679999999999996);
#101=CYLINDRICAL_SURFACE('',#7318,0.0679999999999993);
#102=CYLINDRICAL_SURFACE('',#7319,0.0680000000000002);
#103=CYLINDRICAL_SURFACE('',#7320,0.0679999999999996);
#104=CYLINDRICAL_SURFACE('',#7321,0.0679999999999993);
#105=CYLINDRICAL_SURFACE('',#7322,0.0680000000000002);
#106=CYLINDRICAL_SURFACE('',#7323,0.0679999999999996);
#107=CYLINDRICAL_SURFACE('',#7324,0.0679999999999993);
#108=CYLINDRICAL_SURFACE('',#7325,0.0680000000000002);
#109=CYLINDRICAL_SURFACE('',#7326,0.0679999999999996);
#110=CYLINDRICAL_SURFACE('',#7327,0.0679999999999993);
#111=CYLINDRICAL_SURFACE('',#7328,0.0680000000000002);
#112=CYLINDRICAL_SURFACE('',#7329,0.0679999999999996);
#113=CYLINDRICAL_SURFACE('',#7330,0.0679999999999993);
#114=CYLINDRICAL_SURFACE('',#7331,0.0680000000000002);
#115=CYLINDRICAL_SURFACE('',#7332,0.0679999999999996);
#116=CYLINDRICAL_SURFACE('',#7333,0.0679999999999993);
#117=CYLINDRICAL_SURFACE('',#7334,0.0680000000000002);
#118=CYLINDRICAL_SURFACE('',#7335,0.0679999999999996);
#119=CYLINDRICAL_SURFACE('',#7336,0.0679999999999993);
#120=CYLINDRICAL_SURFACE('',#7337,0.0680000000000002);
#121=CYLINDRICAL_SURFACE('',#7338,0.0679999999999996);
#122=CYLINDRICAL_SURFACE('',#7339,0.0679999999999993);
#123=CYLINDRICAL_SURFACE('',#7340,0.0680000000000002);
#124=CYLINDRICAL_SURFACE('',#7341,0.0679999999999996);
#125=CYLINDRICAL_SURFACE('',#7342,0.0679999999999993);
#126=CYLINDRICAL_SURFACE('',#7343,0.0680000000000002);
#127=CYLINDRICAL_SURFACE('',#7344,0.0679999999999996);
#128=CYLINDRICAL_SURFACE('',#7345,0.068);
#129=CYLINDRICAL_SURFACE('',#7346,0.068);
#130=CYLINDRICAL_SURFACE('',#7347,0.0680000000000007);
#131=CYLINDRICAL_SURFACE('',#7348,0.068);
#132=CYLINDRICAL_SURFACE('',#7349,0.0680000000000007);
#133=CYLINDRICAL_SURFACE('',#7350,0.068);
#134=CYLINDRICAL_SURFACE('',#7351,0.0680000000000007);
#135=CYLINDRICAL_SURFACE('',#7352,0.068);
#136=CYLINDRICAL_SURFACE('',#7353,0.0680000000000007);
#137=CYLINDRICAL_SURFACE('',#7354,0.068);
#138=CYLINDRICAL_SURFACE('',#7355,0.0680000000000007);
#139=CYLINDRICAL_SURFACE('',#7356,0.068);
#140=CYLINDRICAL_SURFACE('',#7357,0.0680000000000007);
#141=CYLINDRICAL_SURFACE('',#7358,0.068);
#142=CYLINDRICAL_SURFACE('',#7359,0.0680000000000007);
#143=CYLINDRICAL_SURFACE('',#7360,0.068);
#144=CYLINDRICAL_SURFACE('',#7361,0.0680000000000007);
#145=CYLINDRICAL_SURFACE('',#7362,0.068);
#146=CYLINDRICAL_SURFACE('',#7363,0.0680000000000007);
#147=CYLINDRICAL_SURFACE('',#7364,0.068);
#148=CYLINDRICAL_SURFACE('',#7365,0.0680000000000007);
#149=CYLINDRICAL_SURFACE('',#7366,0.068);
#150=CYLINDRICAL_SURFACE('',#7367,0.0680000000000007);
#151=CYLINDRICAL_SURFACE('',#7368,0.068);
#152=CYLINDRICAL_SURFACE('',#7369,0.0680000000000007);
#153=CYLINDRICAL_SURFACE('',#7370,0.068);
#154=CYLINDRICAL_SURFACE('',#7371,0.0680000000000007);
#155=CYLINDRICAL_SURFACE('',#7372,0.068);
#156=CYLINDRICAL_SURFACE('',#7373,0.0680000000000007);
#157=CYLINDRICAL_SURFACE('',#7374,0.068);
#158=CYLINDRICAL_SURFACE('',#7375,0.0680000000000007);
#159=CYLINDRICAL_SURFACE('',#7376,0.068);
#160=CYLINDRICAL_SURFACE('',#7377,0.0680000000000007);
#161=CYLINDRICAL_SURFACE('',#7378,0.068);
#162=CYLINDRICAL_SURFACE('',#7379,0.0680000000000007);
#163=CYLINDRICAL_SURFACE('',#7380,0.068);
#164=CYLINDRICAL_SURFACE('',#7381,0.0680000000000007);
#165=CYLINDRICAL_SURFACE('',#7382,0.068);
#166=CYLINDRICAL_SURFACE('',#7383,0.0680000000000007);
#167=CYLINDRICAL_SURFACE('',#7384,0.068);
#168=CYLINDRICAL_SURFACE('',#7385,0.0680000000000007);
#169=CYLINDRICAL_SURFACE('',#7386,0.068);
#170=CYLINDRICAL_SURFACE('',#7387,0.0680000000000007);
#171=CYLINDRICAL_SURFACE('',#7388,0.068);
#172=CYLINDRICAL_SURFACE('',#7389,0.0680000000000007);
#173=CYLINDRICAL_SURFACE('',#7390,0.068);
#174=CYLINDRICAL_SURFACE('',#7391,0.0680000000000007);
#175=CYLINDRICAL_SURFACE('',#7392,0.068);
#176=CYLINDRICAL_SURFACE('',#7393,0.0680000000000007);
#177=CYLINDRICAL_SURFACE('',#7394,0.068);
#178=CYLINDRICAL_SURFACE('',#7395,0.0680000000000007);
#179=CYLINDRICAL_SURFACE('',#7396,0.068);
#180=CYLINDRICAL_SURFACE('',#7397,0.0680000000000007);
#181=CYLINDRICAL_SURFACE('',#7398,0.068);
#182=CYLINDRICAL_SURFACE('',#7399,0.0680000000000007);
#183=CYLINDRICAL_SURFACE('',#7400,0.068);
#184=CYLINDRICAL_SURFACE('',#7401,0.0680000000000007);
#185=CYLINDRICAL_SURFACE('',#7402,0.068);
#186=CYLINDRICAL_SURFACE('',#7403,0.0680000000000007);
#187=CYLINDRICAL_SURFACE('',#7404,0.068);
#188=CYLINDRICAL_SURFACE('',#7405,0.0680000000000007);
#189=CYLINDRICAL_SURFACE('',#7406,0.068);
#190=CYLINDRICAL_SURFACE('',#7407,0.0680000000000007);
#191=CYLINDRICAL_SURFACE('',#7408,0.068);
#192=CYLINDRICAL_SURFACE('',#7409,0.0680000000000007);
#193=CYLINDRICAL_SURFACE('',#7410,0.068);
#194=CYLINDRICAL_SURFACE('',#7411,0.0680000000000007);
#195=CYLINDRICAL_SURFACE('',#7412,0.068);
#196=CYLINDRICAL_SURFACE('',#7413,0.0680000000000007);
#197=CYLINDRICAL_SURFACE('',#7414,0.0679999999999993);
#198=CYLINDRICAL_SURFACE('',#7415,0.0679999999999993);
#199=CYLINDRICAL_SURFACE('',#7416,0.0679999999999993);
#200=CYLINDRICAL_SURFACE('',#7417,0.0679999999999993);
#201=CYLINDRICAL_SURFACE('',#7418,0.0679999999999993);
#202=CYLINDRICAL_SURFACE('',#7419,0.0679999999999993);
#203=CYLINDRICAL_SURFACE('',#7420,0.0679999999999993);
#204=CYLINDRICAL_SURFACE('',#7421,0.0679999999999993);
#205=CYLINDRICAL_SURFACE('',#7422,0.0679999999999993);
#206=CYLINDRICAL_SURFACE('',#7423,0.0679999999999993);
#207=CYLINDRICAL_SURFACE('',#7424,0.0679999999999993);
#208=CYLINDRICAL_SURFACE('',#7425,0.0679999999999993);
#209=CYLINDRICAL_SURFACE('',#7426,0.0679999999999993);
#210=CYLINDRICAL_SURFACE('',#7427,0.0679999999999993);
#211=CYLINDRICAL_SURFACE('',#7428,0.0679999999999993);
#212=CYLINDRICAL_SURFACE('',#7429,0.0679999999999993);
#213=CYLINDRICAL_SURFACE('',#7430,0.0679999999999993);
#214=CYLINDRICAL_SURFACE('',#7431,0.0679999999999993);
#215=CYLINDRICAL_SURFACE('',#7432,0.0679999999999993);
#216=CYLINDRICAL_SURFACE('',#7433,0.0679999999999993);
#217=CYLINDRICAL_SURFACE('',#7434,0.0679999999999993);
#218=CYLINDRICAL_SURFACE('',#7435,0.0679999999999993);
#219=CYLINDRICAL_SURFACE('',#7436,0.0679999999999993);
#220=CYLINDRICAL_SURFACE('',#7437,0.0679999999999993);
#221=CYLINDRICAL_SURFACE('',#7438,0.0679999999999993);
#222=CYLINDRICAL_SURFACE('',#7439,0.0679999999999993);
#223=CYLINDRICAL_SURFACE('',#7440,0.0679999999999993);
#224=CYLINDRICAL_SURFACE('',#7441,0.0679999999999993);
#225=CYLINDRICAL_SURFACE('',#7442,0.0679999999999993);
#226=CYLINDRICAL_SURFACE('',#7443,0.0679999999999993);
#227=CYLINDRICAL_SURFACE('',#7444,0.0679999999999993);
#228=CYLINDRICAL_SURFACE('',#7445,0.0679999999999993);
#229=CYLINDRICAL_SURFACE('',#7446,0.0679999999999993);
#230=CYLINDRICAL_SURFACE('',#7447,0.0679999999999993);
#231=CYLINDRICAL_SURFACE('',#7448,0.0679999999999993);
#232=CIRCLE('',#6788,2.5);
#233=CIRCLE('',#6789,0.136);
#234=CIRCLE('',#6790,0.136);
#235=CIRCLE('',#6791,0.136);
#236=CIRCLE('',#6792,0.136);
#237=CIRCLE('',#6793,0.136);
#238=CIRCLE('',#6794,0.136);
#239=CIRCLE('',#6795,0.136);
#240=CIRCLE('',#6796,0.136);
#241=CIRCLE('',#6797,0.068);
#242=CIRCLE('',#6798,0.068);
#243=CIRCLE('',#6799,0.0679999999999993);
#244=CIRCLE('',#6800,0.0680000000000002);
#245=CIRCLE('',#6801,0.0679999999999996);
#246=CIRCLE('',#6802,0.0679999999999993);
#247=CIRCLE('',#6803,0.0680000000000002);
#248=CIRCLE('',#6804,0.0679999999999996);
#249=CIRCLE('',#6805,0.0679999999999993);
#250=CIRCLE('',#6806,0.0680000000000002);
#251=CIRCLE('',#6807,0.0679999999999996);
#252=CIRCLE('',#6808,0.0679999999999993);
#253=CIRCLE('',#6809,0.0680000000000002);
#254=CIRCLE('',#6810,0.0679999999999996);
#255=CIRCLE('',#6811,0.0679999999999993);
#256=CIRCLE('',#6812,0.0680000000000002);
#257=CIRCLE('',#6813,0.0679999999999996);
#258=CIRCLE('',#6814,0.0679999999999993);
#259=CIRCLE('',#6815,0.0680000000000002);
#260=CIRCLE('',#6816,0.0679999999999996);
#261=CIRCLE('',#6817,0.0679999999999993);
#262=CIRCLE('',#6818,0.0680000000000002);
#263=CIRCLE('',#6819,0.0679999999999996);
#264=CIRCLE('',#6820,0.0679999999999993);
#265=CIRCLE('',#6821,0.0680000000000002);
#266=CIRCLE('',#6822,0.0679999999999996);
#267=CIRCLE('',#6823,0.0679999999999993);
#268=CIRCLE('',#6824,0.0680000000000002);
#269=CIRCLE('',#6825,0.0679999999999996);
#270=CIRCLE('',#6826,0.0679999999999993);
#271=CIRCLE('',#6827,0.0680000000000002);
#272=CIRCLE('',#6828,0.0679999999999996);
#273=CIRCLE('',#6829,0.0679999999999993);
#274=CIRCLE('',#6830,0.0680000000000002);
#275=CIRCLE('',#6831,0.0679999999999996);
#276=CIRCLE('',#6832,0.0679999999999993);
#277=CIRCLE('',#6833,0.0680000000000002);
#278=CIRCLE('',#6834,0.0679999999999996);
#279=CIRCLE('',#6835,0.0679999999999993);
#280=CIRCLE('',#6836,0.0680000000000002);
#281=CIRCLE('',#6837,0.0679999999999996);
#282=CIRCLE('',#6838,0.0679999999999993);
#283=CIRCLE('',#6839,0.0680000000000002);
#284=CIRCLE('',#6840,0.0679999999999996);
#285=CIRCLE('',#6841,0.0679999999999993);
#286=CIRCLE('',#6842,0.0680000000000002);
#287=CIRCLE('',#6843,0.0679999999999996);
#288=CIRCLE('',#6844,0.0679999999999993);
#289=CIRCLE('',#6845,0.0680000000000002);
#290=CIRCLE('',#6846,0.0679999999999996);
#291=CIRCLE('',#6847,0.0679999999999993);
#292=CIRCLE('',#6848,0.0680000000000002);
#293=CIRCLE('',#6849,0.0679999999999996);
#294=CIRCLE('',#6850,0.0679999999999993);
#295=CIRCLE('',#6851,0.0680000000000002);
#296=CIRCLE('',#6852,0.0679999999999996);
#297=CIRCLE('',#6853,0.0679999999999993);
#298=CIRCLE('',#6854,0.0680000000000002);
#299=CIRCLE('',#6855,0.0679999999999996);
#300=CIRCLE('',#6856,0.0679999999999993);
#301=CIRCLE('',#6857,0.0680000000000002);
#302=CIRCLE('',#6858,0.0679999999999996);
#303=CIRCLE('',#6859,0.0679999999999993);
#304=CIRCLE('',#6860,0.0680000000000002);
#305=CIRCLE('',#6861,0.0679999999999996);
#306=CIRCLE('',#6862,0.0679999999999993);
#307=CIRCLE('',#6863,0.0680000000000002);
#308=CIRCLE('',#6864,0.0679999999999996);
#309=CIRCLE('',#6865,0.0679999999999993);
#310=CIRCLE('',#6866,0.0680000000000002);
#311=CIRCLE('',#6867,0.0679999999999996);
#312=CIRCLE('',#6868,0.0679999999999993);
#313=CIRCLE('',#6869,0.0680000000000002);
#314=CIRCLE('',#6870,0.0679999999999996);
#315=CIRCLE('',#6871,0.0679999999999993);
#316=CIRCLE('',#6872,0.0680000000000002);
#317=CIRCLE('',#6873,0.0679999999999996);
#318=CIRCLE('',#6874,0.0679999999999993);
#319=CIRCLE('',#6875,0.0680000000000002);
#320=CIRCLE('',#6876,0.0679999999999996);
#321=CIRCLE('',#6877,0.0679999999999993);
#322=CIRCLE('',#6878,0.0680000000000002);
#323=CIRCLE('',#6879,0.0679999999999996);
#324=CIRCLE('',#6880,0.0679999999999993);
#325=CIRCLE('',#6881,0.0680000000000002);
#326=CIRCLE('',#6882,0.0679999999999996);
#327=CIRCLE('',#6883,0.0679999999999993);
#328=CIRCLE('',#6884,0.0680000000000002);
#329=CIRCLE('',#6885,0.0679999999999996);
#330=CIRCLE('',#6886,0.0679999999999993);
#331=CIRCLE('',#6887,0.0680000000000002);
#332=CIRCLE('',#6888,0.0679999999999996);
#333=CIRCLE('',#6889,0.0679999999999993);
#334=CIRCLE('',#6890,0.0680000000000002);
#335=CIRCLE('',#6891,0.0679999999999996);
#336=CIRCLE('',#6892,0.0679999999999993);
#337=CIRCLE('',#6893,0.0680000000000002);
#338=CIRCLE('',#6894,0.0679999999999996);
#339=CIRCLE('',#6895,0.0679999999999993);
#340=CIRCLE('',#6896,0.0680000000000002);
#341=CIRCLE('',#6897,0.0679999999999996);
#342=CIRCLE('',#6898,0.0679999999999993);
#343=CIRCLE('',#6899,0.0680000000000002);
#344=CIRCLE('',#6900,0.0679999999999996);
#345=CIRCLE('',#6901,0.068);
#346=CIRCLE('',#6902,0.068);
#347=CIRCLE('',#6903,0.0680000000000007);
#348=CIRCLE('',#6904,0.068);
#349=CIRCLE('',#6905,0.0680000000000007);
#350=CIRCLE('',#6906,0.068);
#351=CIRCLE('',#6907,0.0680000000000007);
#352=CIRCLE('',#6908,0.068);
#353=CIRCLE('',#6909,0.0680000000000007);
#354=CIRCLE('',#6910,0.068);
#355=CIRCLE('',#6911,0.0680000000000007);
#356=CIRCLE('',#6912,0.068);
#357=CIRCLE('',#6913,0.0680000000000007);
#358=CIRCLE('',#6914,0.068);
#359=CIRCLE('',#6915,0.0680000000000007);
#360=CIRCLE('',#6916,0.068);
#361=CIRCLE('',#6917,0.0680000000000007);
#362=CIRCLE('',#6918,0.068);
#363=CIRCLE('',#6919,0.0680000000000007);
#364=CIRCLE('',#6920,0.068);
#365=CIRCLE('',#6921,0.0680000000000007);
#366=CIRCLE('',#6922,0.068);
#367=CIRCLE('',#6923,0.0680000000000007);
#368=CIRCLE('',#6924,0.068);
#369=CIRCLE('',#6925,0.0680000000000007);
#370=CIRCLE('',#6926,0.068);
#371=CIRCLE('',#6927,0.0680000000000007);
#372=CIRCLE('',#6928,0.068);
#373=CIRCLE('',#6929,0.0680000000000007);
#374=CIRCLE('',#6930,0.068);
#375=CIRCLE('',#6931,0.0680000000000007);
#376=CIRCLE('',#6932,0.068);
#377=CIRCLE('',#6933,0.0680000000000007);
#378=CIRCLE('',#6934,0.068);
#379=CIRCLE('',#6935,0.0680000000000007);
#380=CIRCLE('',#6936,0.068);
#381=CIRCLE('',#6937,0.0680000000000007);
#382=CIRCLE('',#6938,0.068);
#383=CIRCLE('',#6939,0.0680000000000007);
#384=CIRCLE('',#6940,0.068);
#385=CIRCLE('',#6941,0.0680000000000007);
#386=CIRCLE('',#6942,0.068);
#387=CIRCLE('',#6943,0.0680000000000007);
#388=CIRCLE('',#6944,0.068);
#389=CIRCLE('',#6945,0.0680000000000007);
#390=CIRCLE('',#6946,0.068);
#391=CIRCLE('',#6947,0.0680000000000007);
#392=CIRCLE('',#6948,0.068);
#393=CIRCLE('',#6949,0.0680000000000007);
#394=CIRCLE('',#6950,0.068);
#395=CIRCLE('',#6951,0.0680000000000007);
#396=CIRCLE('',#6952,0.068);
#397=CIRCLE('',#6953,0.0680000000000007);
#398=CIRCLE('',#6954,0.068);
#399=CIRCLE('',#6955,0.0680000000000007);
#400=CIRCLE('',#6956,0.068);
#401=CIRCLE('',#6957,0.0680000000000007);
#402=CIRCLE('',#6958,0.068);
#403=CIRCLE('',#6959,0.0680000000000007);
#404=CIRCLE('',#6960,0.068);
#405=CIRCLE('',#6961,0.0680000000000007);
#406=CIRCLE('',#6962,0.068);
#407=CIRCLE('',#6963,0.0680000000000007);
#408=CIRCLE('',#6964,0.068);
#409=CIRCLE('',#6965,0.0680000000000007);
#410=CIRCLE('',#6966,0.068);
#411=CIRCLE('',#6967,0.0680000000000007);
#412=CIRCLE('',#6968,0.068);
#413=CIRCLE('',#6969,0.0680000000000007);
#414=CIRCLE('',#6970,0.0679999999999993);
#415=CIRCLE('',#6971,0.0679999999999993);
#416=CIRCLE('',#6972,0.0679999999999993);
#417=CIRCLE('',#6973,0.0679999999999993);
#418=CIRCLE('',#6974,0.0679999999999993);
#419=CIRCLE('',#6975,0.0679999999999993);
#420=CIRCLE('',#6976,0.0679999999999993);
#421=CIRCLE('',#6977,0.0679999999999993);
#422=CIRCLE('',#6978,0.0679999999999993);
#423=CIRCLE('',#6979,0.0679999999999993);
#424=CIRCLE('',#6980,0.0679999999999993);
#425=CIRCLE('',#6981,0.0679999999999993);
#426=CIRCLE('',#6982,0.0679999999999993);
#427=CIRCLE('',#6983,0.0679999999999993);
#428=CIRCLE('',#6984,0.0679999999999993);
#429=CIRCLE('',#6985,0.0679999999999993);
#430=CIRCLE('',#6986,0.0679999999999993);
#431=CIRCLE('',#6987,0.0679999999999993);
#432=CIRCLE('',#6988,0.0679999999999993);
#433=CIRCLE('',#6989,0.0679999999999993);
#434=CIRCLE('',#6990,0.0679999999999993);
#435=CIRCLE('',#6991,0.0679999999999993);
#436=CIRCLE('',#6992,0.0679999999999993);
#437=CIRCLE('',#6993,0.0679999999999993);
#438=CIRCLE('',#6994,0.0679999999999993);
#439=CIRCLE('',#6995,0.0679999999999993);
#440=CIRCLE('',#6996,0.0679999999999993);
#441=CIRCLE('',#6997,0.0679999999999993);
#442=CIRCLE('',#6998,0.0679999999999993);
#443=CIRCLE('',#6999,0.0679999999999993);
#444=CIRCLE('',#7000,0.0679999999999993);
#445=CIRCLE('',#7001,0.0679999999999993);
#446=CIRCLE('',#7002,0.0679999999999993);
#447=CIRCLE('',#7003,0.0679999999999993);
#448=CIRCLE('',#7004,0.0679999999999993);
#449=CIRCLE('',#7008,2.5);
#450=CIRCLE('',#7011,0.136);
#451=CIRCLE('',#7012,0.136);
#452=CIRCLE('',#7013,0.136);
#453=CIRCLE('',#7014,0.136);
#454=CIRCLE('',#7015,0.136);
#455=CIRCLE('',#7016,0.136);
#456=CIRCLE('',#7017,0.136);
#457=CIRCLE('',#7018,0.136);
#458=CIRCLE('',#7019,0.0679999999999993);
#459=CIRCLE('',#7020,0.0679999999999993);
#460=CIRCLE('',#7021,0.0679999999999993);
#461=CIRCLE('',#7022,0.0679999999999993);
#462=CIRCLE('',#7023,0.0679999999999993);
#463=CIRCLE('',#7024,0.0679999999999993);
#464=CIRCLE('',#7025,0.0679999999999993);
#465=CIRCLE('',#7026,0.0679999999999993);
#466=CIRCLE('',#7027,0.0679999999999993);
#467=CIRCLE('',#7028,0.0679999999999993);
#468=CIRCLE('',#7029,0.0679999999999993);
#469=CIRCLE('',#7030,0.0679999999999993);
#470=CIRCLE('',#7031,0.0679999999999993);
#471=CIRCLE('',#7032,0.0679999999999993);
#472=CIRCLE('',#7033,0.0679999999999993);
#473=CIRCLE('',#7034,0.0679999999999993);
#474=CIRCLE('',#7035,0.0679999999999993);
#475=CIRCLE('',#7036,0.0679999999999993);
#476=CIRCLE('',#7037,0.0679999999999993);
#477=CIRCLE('',#7038,0.0679999999999993);
#478=CIRCLE('',#7039,0.0679999999999993);
#479=CIRCLE('',#7040,0.0679999999999993);
#480=CIRCLE('',#7041,0.0679999999999993);
#481=CIRCLE('',#7042,0.0679999999999993);
#482=CIRCLE('',#7043,0.0679999999999993);
#483=CIRCLE('',#7044,0.0679999999999993);
#484=CIRCLE('',#7045,0.0679999999999993);
#485=CIRCLE('',#7046,0.0679999999999993);
#486=CIRCLE('',#7047,0.0679999999999993);
#487=CIRCLE('',#7048,0.0679999999999993);
#488=CIRCLE('',#7049,0.0679999999999993);
#489=CIRCLE('',#7050,0.0679999999999993);
#490=CIRCLE('',#7051,0.0679999999999993);
#491=CIRCLE('',#7052,0.0679999999999993);
#492=CIRCLE('',#7053,0.0679999999999993);
#493=CIRCLE('',#7054,0.0680000000000007);
#494=CIRCLE('',#7055,0.068);
#495=CIRCLE('',#7056,0.0680000000000007);
#496=CIRCLE('',#7057,0.068);
#497=CIRCLE('',#7058,0.0680000000000007);
#498=CIRCLE('',#7059,0.068);
#499=CIRCLE('',#7060,0.0680000000000007);
#500=CIRCLE('',#7061,0.068);
#501=CIRCLE('',#7062,0.0680000000000007);
#502=CIRCLE('',#7063,0.068);
#503=CIRCLE('',#7064,0.0680000000000007);
#504=CIRCLE('',#7065,0.068);
#505=CIRCLE('',#7066,0.0680000000000007);
#506=CIRCLE('',#7067,0.068);
#507=CIRCLE('',#7068,0.0680000000000007);
#508=CIRCLE('',#7069,0.068);
#509=CIRCLE('',#7070,0.0680000000000007);
#510=CIRCLE('',#7071,0.068);
#511=CIRCLE('',#7072,0.0680000000000007);
#512=CIRCLE('',#7073,0.068);
#513=CIRCLE('',#7074,0.0680000000000007);
#514=CIRCLE('',#7075,0.068);
#515=CIRCLE('',#7076,0.0680000000000007);
#516=CIRCLE('',#7077,0.068);
#517=CIRCLE('',#7078,0.0680000000000007);
#518=CIRCLE('',#7079,0.068);
#519=CIRCLE('',#7080,0.0680000000000007);
#520=CIRCLE('',#7081,0.068);
#521=CIRCLE('',#7082,0.0680000000000007);
#522=CIRCLE('',#7083,0.068);
#523=CIRCLE('',#7084,0.0680000000000007);
#524=CIRCLE('',#7085,0.068);
#525=CIRCLE('',#7086,0.0680000000000007);
#526=CIRCLE('',#7087,0.068);
#527=CIRCLE('',#7088,0.0680000000000007);
#528=CIRCLE('',#7089,0.068);
#529=CIRCLE('',#7090,0.0680000000000007);
#530=CIRCLE('',#7091,0.068);
#531=CIRCLE('',#7092,0.0680000000000007);
#532=CIRCLE('',#7093,0.068);
#533=CIRCLE('',#7094,0.0680000000000007);
#534=CIRCLE('',#7095,0.068);
#535=CIRCLE('',#7096,0.0680000000000007);
#536=CIRCLE('',#7097,0.068);
#537=CIRCLE('',#7098,0.0680000000000007);
#538=CIRCLE('',#7099,0.068);
#539=CIRCLE('',#7100,0.0680000000000007);
#540=CIRCLE('',#7101,0.068);
#541=CIRCLE('',#7102,0.0680000000000007);
#542=CIRCLE('',#7103,0.068);
#543=CIRCLE('',#7104,0.0680000000000007);
#544=CIRCLE('',#7105,0.068);
#545=CIRCLE('',#7106,0.0680000000000007);
#546=CIRCLE('',#7107,0.068);
#547=CIRCLE('',#7108,0.0680000000000007);
#548=CIRCLE('',#7109,0.068);
#549=CIRCLE('',#7110,0.0680000000000007);
#550=CIRCLE('',#7111,0.068);
#551=CIRCLE('',#7112,0.0680000000000007);
#552=CIRCLE('',#7113,0.068);
#553=CIRCLE('',#7114,0.0680000000000007);
#554=CIRCLE('',#7115,0.068);
#555=CIRCLE('',#7116,0.0680000000000007);
#556=CIRCLE('',#7117,0.068);
#557=CIRCLE('',#7118,0.0680000000000007);
#558=CIRCLE('',#7119,0.068);
#559=CIRCLE('',#7120,0.0680000000000007);
#560=CIRCLE('',#7121,0.068);
#561=CIRCLE('',#7122,0.068);
#562=CIRCLE('',#7123,0.0679999999999996);
#563=CIRCLE('',#7124,0.0680000000000002);
#564=CIRCLE('',#7125,0.0679999999999993);
#565=CIRCLE('',#7126,0.0679999999999996);
#566=CIRCLE('',#7127,0.0680000000000002);
#567=CIRCLE('',#7128,0.0679999999999993);
#568=CIRCLE('',#7129,0.0679999999999996);
#569=CIRCLE('',#7130,0.0680000000000002);
#570=CIRCLE('',#7131,0.0679999999999993);
#571=CIRCLE('',#7132,0.0679999999999996);
#572=CIRCLE('',#7133,0.0680000000000002);
#573=CIRCLE('',#7134,0.0679999999999993);
#574=CIRCLE('',#7135,0.0679999999999996);
#575=CIRCLE('',#7136,0.0680000000000002);
#576=CIRCLE('',#7137,0.0679999999999993);
#577=CIRCLE('',#7138,0.0679999999999996);
#578=CIRCLE('',#7139,0.0680000000000002);
#579=CIRCLE('',#7140,0.0679999999999993);
#580=CIRCLE('',#7141,0.0679999999999996);
#581=CIRCLE('',#7142,0.0680000000000002);
#582=CIRCLE('',#7143,0.0679999999999993);
#583=CIRCLE('',#7144,0.0679999999999996);
#584=CIRCLE('',#7145,0.0680000000000002);
#585=CIRCLE('',#7146,0.0679999999999993);
#586=CIRCLE('',#7147,0.0679999999999996);
#587=CIRCLE('',#7148,0.0680000000000002);
#588=CIRCLE('',#7149,0.0679999999999993);
#589=CIRCLE('',#7150,0.0679999999999996);
#590=CIRCLE('',#7151,0.0680000000000002);
#591=CIRCLE('',#7152,0.0679999999999993);
#592=CIRCLE('',#7153,0.0679999999999996);
#593=CIRCLE('',#7154,0.0680000000000002);
#594=CIRCLE('',#7155,0.0679999999999993);
#595=CIRCLE('',#7156,0.0679999999999996);
#596=CIRCLE('',#7157,0.0680000000000002);
#597=CIRCLE('',#7158,0.0679999999999993);
#598=CIRCLE('',#7159,0.0679999999999996);
#599=CIRCLE('',#7160,0.0680000000000002);
#600=CIRCLE('',#7161,0.0679999999999993);
#601=CIRCLE('',#7162,0.0679999999999996);
#602=CIRCLE('',#7163,0.0680000000000002);
#603=CIRCLE('',#7164,0.0679999999999993);
#604=CIRCLE('',#7165,0.0679999999999996);
#605=CIRCLE('',#7166,0.0680000000000002);
#606=CIRCLE('',#7167,0.0679999999999993);
#607=CIRCLE('',#7168,0.0679999999999996);
#608=CIRCLE('',#7169,0.0680000000000002);
#609=CIRCLE('',#7170,0.0679999999999993);
#610=CIRCLE('',#7171,0.0679999999999996);
#611=CIRCLE('',#7172,0.0680000000000002);
#612=CIRCLE('',#7173,0.0679999999999993);
#613=CIRCLE('',#7174,0.0679999999999996);
#614=CIRCLE('',#7175,0.0680000000000002);
#615=CIRCLE('',#7176,0.0679999999999993);
#616=CIRCLE('',#7177,0.0679999999999996);
#617=CIRCLE('',#7178,0.0680000000000002);
#618=CIRCLE('',#7179,0.0679999999999993);
#619=CIRCLE('',#7180,0.0679999999999996);
#620=CIRCLE('',#7181,0.0680000000000002);
#621=CIRCLE('',#7182,0.0679999999999993);
#622=CIRCLE('',#7183,0.0679999999999996);
#623=CIRCLE('',#7184,0.0680000000000002);
#624=CIRCLE('',#7185,0.0679999999999993);
#625=CIRCLE('',#7186,0.0679999999999996);
#626=CIRCLE('',#7187,0.0680000000000002);
#627=CIRCLE('',#7188,0.0679999999999993);
#628=CIRCLE('',#7189,0.0679999999999996);
#629=CIRCLE('',#7190,0.0680000000000002);
#630=CIRCLE('',#7191,0.0679999999999993);
#631=CIRCLE('',#7192,0.0679999999999996);
#632=CIRCLE('',#7193,0.0680000000000002);
#633=CIRCLE('',#7194,0.0679999999999993);
#634=CIRCLE('',#7195,0.0679999999999996);
#635=CIRCLE('',#7196,0.0680000000000002);
#636=CIRCLE('',#7197,0.0679999999999993);
#637=CIRCLE('',#7198,0.0679999999999996);
#638=CIRCLE('',#7199,0.0680000000000002);
#639=CIRCLE('',#7200,0.0679999999999993);
#640=CIRCLE('',#7201,0.0679999999999996);
#641=CIRCLE('',#7202,0.0680000000000002);
#642=CIRCLE('',#7203,0.0679999999999993);
#643=CIRCLE('',#7204,0.0679999999999996);
#644=CIRCLE('',#7205,0.0680000000000002);
#645=CIRCLE('',#7206,0.0679999999999993);
#646=CIRCLE('',#7207,0.0679999999999996);
#647=CIRCLE('',#7208,0.0680000000000002);
#648=CIRCLE('',#7209,0.0679999999999993);
#649=CIRCLE('',#7210,0.0679999999999996);
#650=CIRCLE('',#7211,0.0680000000000002);
#651=CIRCLE('',#7212,0.0679999999999993);
#652=CIRCLE('',#7213,0.0679999999999996);
#653=CIRCLE('',#7214,0.0680000000000002);
#654=CIRCLE('',#7215,0.0679999999999993);
#655=CIRCLE('',#7216,0.0679999999999996);
#656=CIRCLE('',#7217,0.0680000000000002);
#657=CIRCLE('',#7218,0.0679999999999993);
#658=CIRCLE('',#7219,0.0679999999999996);
#659=CIRCLE('',#7220,0.0680000000000002);
#660=CIRCLE('',#7221,0.0679999999999993);
#661=CIRCLE('',#7222,0.0679999999999996);
#662=CIRCLE('',#7223,0.0680000000000002);
#663=CIRCLE('',#7224,0.0679999999999993);
#664=CIRCLE('',#7225,0.068);
#665=CIRCLE('',#7226,0.068);
#666=FACE_BOUND('',#1458,.T.);
#667=FACE_BOUND('',#1459,.T.);
#668=FACE_BOUND('',#1522,.T.);
#669=FACE_BOUND('',#1523,.T.);
#670=FACE_BOUND('',#1524,.T.);
#671=FACE_BOUND('',#1525,.T.);
#672=FACE_BOUND('',#1526,.T.);
#673=FACE_BOUND('',#1527,.T.);
#674=FACE_BOUND('',#1528,.T.);
#675=FACE_BOUND('',#1529,.T.);
#676=FACE_BOUND('',#1530,.T.);
#677=FACE_BOUND('',#1531,.T.);
#678=FACE_BOUND('',#1532,.T.);
#679=FACE_BOUND('',#1533,.T.);
#680=FACE_BOUND('',#1534,.T.);
#681=FACE_BOUND('',#1535,.T.);
#682=FACE_BOUND('',#1536,.T.);
#683=FACE_BOUND('',#1537,.T.);
#684=FACE_BOUND('',#1538,.T.);
#685=FACE_BOUND('',#1539,.T.);
#686=FACE_BOUND('',#1540,.T.);
#687=FACE_BOUND('',#1541,.T.);
#688=FACE_BOUND('',#1542,.T.);
#689=FACE_BOUND('',#1543,.T.);
#690=FACE_BOUND('',#1544,.T.);
#691=FACE_BOUND('',#1545,.T.);
#692=FACE_BOUND('',#1546,.T.);
#693=FACE_BOUND('',#1547,.T.);
#694=FACE_BOUND('',#1548,.T.);
#695=FACE_BOUND('',#1549,.T.);
#696=FACE_BOUND('',#1550,.T.);
#697=FACE_BOUND('',#1551,.T.);
#698=FACE_BOUND('',#1552,.T.);
#699=FACE_BOUND('',#1553,.T.);
#700=FACE_BOUND('',#1554,.T.);
#701=FACE_BOUND('',#1555,.T.);
#702=FACE_BOUND('',#1556,.T.);
#703=FACE_BOUND('',#1557,.T.);
#704=FACE_BOUND('',#1558,.T.);
#705=FACE_BOUND('',#1559,.T.);
#706=FACE_BOUND('',#1560,.T.);
#707=FACE_BOUND('',#1561,.T.);
#708=FACE_BOUND('',#1562,.T.);
#709=FACE_BOUND('',#1563,.T.);
#710=FACE_BOUND('',#1564,.T.);
#711=FACE_BOUND('',#1565,.T.);
#712=FACE_BOUND('',#1566,.T.);
#713=FACE_BOUND('',#1567,.T.);
#714=FACE_BOUND('',#1568,.T.);
#715=FACE_BOUND('',#1569,.T.);
#716=FACE_BOUND('',#1570,.T.);
#717=FACE_BOUND('',#1571,.T.);
#718=FACE_BOUND('',#1572,.T.);
#719=FACE_BOUND('',#1573,.T.);
#720=FACE_BOUND('',#1574,.T.);
#721=FACE_BOUND('',#1575,.T.);
#722=FACE_BOUND('',#1576,.T.);
#723=FACE_BOUND('',#1577,.T.);
#724=FACE_BOUND('',#1578,.T.);
#725=FACE_BOUND('',#1579,.T.);
#726=FACE_BOUND('',#1580,.T.);
#727=FACE_BOUND('',#1581,.T.);
#728=FACE_BOUND('',#1582,.T.);
#729=FACE_BOUND('',#1583,.T.);
#730=FACE_BOUND('',#1584,.T.);
#731=FACE_BOUND('',#1585,.T.);
#732=FACE_BOUND('',#1586,.T.);
#733=FACE_BOUND('',#1587,.T.);
#734=FACE_BOUND('',#1588,.T.);
#735=FACE_BOUND('',#1589,.T.);
#736=FACE_BOUND('',#1590,.T.);
#737=FACE_BOUND('',#1591,.T.);
#738=FACE_BOUND('',#1592,.T.);
#739=FACE_BOUND('',#1593,.T.);
#740=FACE_BOUND('',#1594,.T.);
#741=FACE_BOUND('',#1595,.T.);
#742=FACE_BOUND('',#1596,.T.);
#743=FACE_BOUND('',#1597,.T.);
#744=FACE_BOUND('',#1598,.T.);
#745=FACE_BOUND('',#1599,.T.);
#746=FACE_BOUND('',#1600,.T.);
#747=FACE_BOUND('',#1601,.T.);
#748=FACE_BOUND('',#1602,.T.);
#749=FACE_BOUND('',#1603,.T.);
#750=FACE_BOUND('',#1604,.T.);
#751=FACE_BOUND('',#1605,.T.);
#752=FACE_BOUND('',#1606,.T.);
#753=FACE_BOUND('',#1607,.T.);
#754=FACE_BOUND('',#1608,.T.);
#755=FACE_BOUND('',#1609,.T.);
#756=FACE_BOUND('',#1610,.T.);
#757=FACE_BOUND('',#1611,.T.);
#758=FACE_BOUND('',#1612,.T.);
#759=FACE_BOUND('',#1613,.T.);
#760=FACE_BOUND('',#1614,.T.);
#761=FACE_BOUND('',#1615,.T.);
#762=FACE_BOUND('',#1616,.T.);
#763=FACE_BOUND('',#1617,.T.);
#764=FACE_BOUND('',#1618,.T.);
#765=FACE_BOUND('',#1619,.T.);
#766=FACE_BOUND('',#1620,.T.);
#767=FACE_BOUND('',#1621,.T.);
#768=FACE_BOUND('',#1622,.T.);
#769=FACE_BOUND('',#1623,.T.);
#770=FACE_BOUND('',#1624,.T.);
#771=FACE_BOUND('',#1625,.T.);
#772=FACE_BOUND('',#1626,.T.);
#773=FACE_BOUND('',#1627,.T.);
#774=FACE_BOUND('',#1628,.T.);
#775=FACE_BOUND('',#1629,.T.);
#776=FACE_BOUND('',#1630,.T.);
#777=FACE_BOUND('',#1631,.T.);
#778=FACE_BOUND('',#1632,.T.);
#779=FACE_BOUND('',#1633,.T.);
#780=FACE_BOUND('',#1634,.T.);
#781=FACE_BOUND('',#1635,.T.);
#782=FACE_BOUND('',#1636,.T.);
#783=FACE_BOUND('',#1637,.T.);
#784=FACE_BOUND('',#1638,.T.);
#785=FACE_BOUND('',#1639,.T.);
#786=FACE_BOUND('',#1640,.T.);
#787=FACE_BOUND('',#1641,.T.);
#788=FACE_BOUND('',#1642,.T.);
#789=FACE_BOUND('',#1643,.T.);
#790=FACE_BOUND('',#1644,.T.);
#791=FACE_BOUND('',#1645,.T.);
#792=FACE_BOUND('',#1646,.T.);
#793=FACE_BOUND('',#1647,.T.);
#794=FACE_BOUND('',#1648,.T.);
#795=FACE_BOUND('',#1649,.T.);
#796=FACE_BOUND('',#1650,.T.);
#797=FACE_BOUND('',#1651,.T.);
#798=FACE_BOUND('',#1652,.T.);
#799=FACE_BOUND('',#1653,.T.);
#800=FACE_BOUND('',#1654,.T.);
#801=FACE_BOUND('',#1655,.T.);
#802=FACE_BOUND('',#1656,.T.);
#803=FACE_BOUND('',#1657,.T.);
#804=FACE_BOUND('',#1658,.T.);
#805=FACE_BOUND('',#1659,.T.);
#806=FACE_BOUND('',#1660,.T.);
#807=FACE_BOUND('',#1661,.T.);
#808=FACE_BOUND('',#1662,.T.);
#809=FACE_BOUND('',#1663,.T.);
#810=FACE_BOUND('',#1664,.T.);
#811=FACE_BOUND('',#1665,.T.);
#812=FACE_BOUND('',#1666,.T.);
#813=FACE_BOUND('',#1667,.T.);
#814=FACE_BOUND('',#1668,.T.);
#815=FACE_BOUND('',#1669,.T.);
#816=FACE_BOUND('',#1670,.T.);
#817=FACE_BOUND('',#1671,.T.);
#818=FACE_BOUND('',#1672,.T.);
#819=FACE_BOUND('',#1673,.T.);
#820=FACE_BOUND('',#1674,.T.);
#821=FACE_BOUND('',#1675,.T.);
#822=FACE_BOUND('',#1676,.T.);
#823=FACE_BOUND('',#1677,.T.);
#824=FACE_BOUND('',#1678,.T.);
#825=FACE_BOUND('',#1679,.T.);
#826=FACE_BOUND('',#1680,.T.);
#827=FACE_BOUND('',#1681,.T.);
#828=FACE_BOUND('',#1682,.T.);
#829=FACE_BOUND('',#1683,.T.);
#830=FACE_BOUND('',#1684,.T.);
#831=FACE_BOUND('',#1685,.T.);
#832=FACE_BOUND('',#1686,.T.);
#833=FACE_BOUND('',#1687,.T.);
#834=FACE_BOUND('',#1688,.T.);
#835=FACE_BOUND('',#1689,.T.);
#836=FACE_BOUND('',#1690,.T.);
#837=FACE_BOUND('',#1691,.T.);
#838=FACE_BOUND('',#1692,.T.);
#839=FACE_BOUND('',#1693,.T.);
#840=FACE_BOUND('',#1694,.T.);
#841=FACE_BOUND('',#1695,.T.);
#842=FACE_BOUND('',#1696,.T.);
#843=FACE_BOUND('',#1697,.T.);
#844=FACE_BOUND('',#1698,.T.);
#845=FACE_BOUND('',#1699,.T.);
#846=FACE_BOUND('',#1700,.T.);
#847=FACE_BOUND('',#1701,.T.);
#848=FACE_BOUND('',#1702,.T.);
#849=FACE_BOUND('',#1703,.T.);
#850=FACE_BOUND('',#1704,.T.);
#851=FACE_BOUND('',#1705,.T.);
#852=FACE_BOUND('',#1706,.T.);
#853=FACE_BOUND('',#1707,.T.);
#854=FACE_BOUND('',#1708,.T.);
#855=FACE_BOUND('',#1709,.T.);
#856=FACE_BOUND('',#1710,.T.);
#857=FACE_BOUND('',#1711,.T.);
#858=FACE_BOUND('',#1712,.T.);
#859=FACE_BOUND('',#1713,.T.);
#860=FACE_BOUND('',#1714,.T.);
#861=FACE_BOUND('',#1715,.T.);
#862=FACE_BOUND('',#1716,.T.);
#863=FACE_BOUND('',#1717,.T.);
#864=FACE_BOUND('',#1718,.T.);
#865=FACE_BOUND('',#1719,.T.);
#866=FACE_BOUND('',#1720,.T.);
#867=FACE_BOUND('',#1721,.T.);
#868=FACE_BOUND('',#1722,.T.);
#869=FACE_BOUND('',#1723,.T.);
#870=FACE_BOUND('',#1724,.T.);
#871=FACE_BOUND('',#1725,.T.);
#872=FACE_BOUND('',#1726,.T.);
#873=FACE_BOUND('',#1727,.T.);
#874=FACE_BOUND('',#1728,.T.);
#875=FACE_BOUND('',#1729,.T.);
#876=FACE_BOUND('',#1730,.T.);
#877=FACE_BOUND('',#1736,.T.);
#878=FACE_BOUND('',#1737,.T.);
#879=FACE_BOUND('',#1738,.T.);
#880=FACE_BOUND('',#1739,.T.);
#881=FACE_BOUND('',#1740,.T.);
#882=FACE_BOUND('',#1741,.T.);
#883=FACE_BOUND('',#1742,.T.);
#884=FACE_BOUND('',#1743,.T.);
#885=FACE_BOUND('',#1744,.T.);
#886=FACE_BOUND('',#1745,.T.);
#887=FACE_BOUND('',#1746,.T.);
#888=FACE_BOUND('',#1747,.T.);
#889=FACE_BOUND('',#1748,.T.);
#890=FACE_BOUND('',#1749,.T.);
#891=FACE_BOUND('',#1750,.T.);
#892=FACE_BOUND('',#1751,.T.);
#893=FACE_BOUND('',#1752,.T.);
#894=FACE_BOUND('',#1753,.T.);
#895=FACE_BOUND('',#1754,.T.);
#896=FACE_BOUND('',#1755,.T.);
#897=FACE_BOUND('',#1756,.T.);
#898=FACE_BOUND('',#1757,.T.);
#899=FACE_BOUND('',#1758,.T.);
#900=FACE_BOUND('',#1759,.T.);
#901=FACE_BOUND('',#1760,.T.);
#902=FACE_BOUND('',#1761,.T.);
#903=FACE_BOUND('',#1762,.T.);
#904=FACE_BOUND('',#1763,.T.);
#905=FACE_BOUND('',#1764,.T.);
#906=FACE_BOUND('',#1765,.T.);
#907=FACE_BOUND('',#1766,.T.);
#908=FACE_BOUND('',#1767,.T.);
#909=FACE_BOUND('',#1768,.T.);
#910=FACE_BOUND('',#1769,.T.);
#911=FACE_BOUND('',#1770,.T.);
#912=FACE_BOUND('',#1771,.T.);
#913=FACE_BOUND('',#1772,.T.);
#914=FACE_BOUND('',#1773,.T.);
#915=FACE_BOUND('',#1774,.T.);
#916=FACE_BOUND('',#1775,.T.);
#917=FACE_BOUND('',#1776,.T.);
#918=FACE_BOUND('',#1777,.T.);
#919=FACE_BOUND('',#1778,.T.);
#920=FACE_BOUND('',#1779,.T.);
#921=FACE_BOUND('',#1780,.T.);
#922=FACE_BOUND('',#1781,.T.);
#923=FACE_BOUND('',#1782,.T.);
#924=FACE_BOUND('',#1783,.T.);
#925=FACE_BOUND('',#1784,.T.);
#926=FACE_BOUND('',#1785,.T.);
#927=FACE_BOUND('',#1786,.T.);
#928=FACE_BOUND('',#1787,.T.);
#929=FACE_BOUND('',#1788,.T.);
#930=FACE_BOUND('',#1789,.T.);
#931=FACE_BOUND('',#1790,.T.);
#932=FACE_BOUND('',#1791,.T.);
#933=FACE_BOUND('',#1792,.T.);
#934=FACE_BOUND('',#1793,.T.);
#935=FACE_BOUND('',#1794,.T.);
#936=FACE_BOUND('',#1795,.T.);
#937=FACE_BOUND('',#1796,.T.);
#938=FACE_BOUND('',#1797,.T.);
#939=FACE_BOUND('',#1798,.T.);
#940=FACE_BOUND('',#1799,.T.);
#941=FACE_BOUND('',#1800,.T.);
#942=FACE_BOUND('',#1801,.T.);
#943=FACE_BOUND('',#1802,.T.);
#944=FACE_BOUND('',#1803,.T.);
#945=FACE_BOUND('',#1804,.T.);
#946=FACE_BOUND('',#1805,.T.);
#947=FACE_BOUND('',#1806,.T.);
#948=FACE_BOUND('',#1807,.T.);
#949=FACE_BOUND('',#1808,.T.);
#950=FACE_BOUND('',#1809,.T.);
#951=FACE_BOUND('',#1810,.T.);
#952=FACE_BOUND('',#1811,.T.);
#953=FACE_BOUND('',#1812,.T.);
#954=FACE_BOUND('',#1813,.T.);
#955=FACE_BOUND('',#1814,.T.);
#956=FACE_BOUND('',#1815,.T.);
#957=FACE_BOUND('',#1816,.T.);
#958=FACE_BOUND('',#1817,.T.);
#959=FACE_BOUND('',#1818,.T.);
#960=FACE_BOUND('',#1819,.T.);
#961=FACE_BOUND('',#1820,.T.);
#962=FACE_BOUND('',#1821,.T.);
#963=FACE_BOUND('',#1822,.T.);
#964=FACE_BOUND('',#1823,.T.);
#965=FACE_BOUND('',#1824,.T.);
#966=FACE_BOUND('',#1825,.T.);
#967=FACE_BOUND('',#1826,.T.);
#968=FACE_BOUND('',#1827,.T.);
#969=FACE_BOUND('',#1828,.T.);
#970=FACE_BOUND('',#1829,.T.);
#971=FACE_BOUND('',#1830,.T.);
#972=FACE_BOUND('',#1831,.T.);
#973=FACE_BOUND('',#1832,.T.);
#974=FACE_BOUND('',#1833,.T.);
#975=FACE_BOUND('',#1834,.T.);
#976=FACE_BOUND('',#1835,.T.);
#977=FACE_BOUND('',#1836,.T.);
#978=FACE_BOUND('',#1837,.T.);
#979=FACE_BOUND('',#1838,.T.);
#980=FACE_BOUND('',#1839,.T.);
#981=FACE_BOUND('',#1840,.T.);
#982=FACE_BOUND('',#1841,.T.);
#983=FACE_BOUND('',#1842,.T.);
#984=FACE_BOUND('',#1843,.T.);
#985=FACE_BOUND('',#1844,.T.);
#986=FACE_BOUND('',#1845,.T.);
#987=FACE_BOUND('',#1846,.T.);
#988=FACE_BOUND('',#1847,.T.);
#989=FACE_BOUND('',#1848,.T.);
#990=FACE_BOUND('',#1849,.T.);
#991=FACE_BOUND('',#1850,.T.);
#992=FACE_BOUND('',#1851,.T.);
#993=FACE_BOUND('',#1852,.T.);
#994=FACE_BOUND('',#1853,.T.);
#995=FACE_BOUND('',#1854,.T.);
#996=FACE_BOUND('',#1855,.T.);
#997=FACE_BOUND('',#1856,.T.);
#998=FACE_BOUND('',#1857,.T.);
#999=FACE_BOUND('',#1858,.T.);
#1000=FACE_BOUND('',#1859,.T.);
#1001=FACE_BOUND('',#1860,.T.);
#1002=FACE_BOUND('',#1861,.T.);
#1003=FACE_BOUND('',#1862,.T.);
#1004=FACE_BOUND('',#1863,.T.);
#1005=FACE_BOUND('',#1864,.T.);
#1006=FACE_BOUND('',#1865,.T.);
#1007=FACE_BOUND('',#1866,.T.);
#1008=FACE_BOUND('',#1867,.T.);
#1009=FACE_BOUND('',#1868,.T.);
#1010=FACE_BOUND('',#1869,.T.);
#1011=FACE_BOUND('',#1870,.T.);
#1012=FACE_BOUND('',#1871,.T.);
#1013=FACE_BOUND('',#1872,.T.);
#1014=FACE_BOUND('',#1873,.T.);
#1015=FACE_BOUND('',#1874,.T.);
#1016=FACE_BOUND('',#1875,.T.);
#1017=FACE_BOUND('',#1876,.T.);
#1018=FACE_BOUND('',#1877,.T.);
#1019=FACE_BOUND('',#1878,.T.);
#1020=FACE_BOUND('',#1879,.T.);
#1021=FACE_BOUND('',#1880,.T.);
#1022=FACE_BOUND('',#1881,.T.);
#1023=FACE_BOUND('',#1882,.T.);
#1024=FACE_BOUND('',#1883,.T.);
#1025=FACE_BOUND('',#1884,.T.);
#1026=FACE_BOUND('',#1885,.T.);
#1027=FACE_BOUND('',#1886,.T.);
#1028=FACE_BOUND('',#1887,.T.);
#1029=FACE_BOUND('',#1888,.T.);
#1030=FACE_BOUND('',#1889,.T.);
#1031=FACE_BOUND('',#1890,.T.);
#1032=FACE_BOUND('',#1891,.T.);
#1033=FACE_BOUND('',#1892,.T.);
#1034=FACE_BOUND('',#1893,.T.);
#1035=FACE_BOUND('',#1894,.T.);
#1036=FACE_BOUND('',#1895,.T.);
#1037=FACE_BOUND('',#1896,.T.);
#1038=FACE_BOUND('',#1897,.T.);
#1039=FACE_BOUND('',#1898,.T.);
#1040=FACE_BOUND('',#1899,.T.);
#1041=FACE_BOUND('',#1900,.T.);
#1042=FACE_BOUND('',#1901,.T.);
#1043=FACE_BOUND('',#1902,.T.);
#1044=FACE_BOUND('',#1903,.T.);
#1045=FACE_BOUND('',#1904,.T.);
#1046=FACE_BOUND('',#1905,.T.);
#1047=FACE_BOUND('',#1906,.T.);
#1048=FACE_BOUND('',#1907,.T.);
#1049=FACE_BOUND('',#1908,.T.);
#1050=FACE_BOUND('',#1909,.T.);
#1051=FACE_BOUND('',#1910,.T.);
#1052=FACE_BOUND('',#1911,.T.);
#1053=FACE_BOUND('',#1912,.T.);
#1054=FACE_BOUND('',#1913,.T.);
#1055=FACE_BOUND('',#1914,.T.);
#1056=FACE_BOUND('',#1915,.T.);
#1057=FACE_BOUND('',#1916,.T.);
#1058=FACE_BOUND('',#1917,.T.);
#1059=FACE_BOUND('',#1918,.T.);
#1060=FACE_BOUND('',#1919,.T.);
#1061=FACE_BOUND('',#1920,.T.);
#1062=FACE_BOUND('',#1921,.T.);
#1063=FACE_BOUND('',#1922,.T.);
#1064=FACE_BOUND('',#1923,.T.);
#1065=FACE_BOUND('',#1924,.T.);
#1066=FACE_BOUND('',#1925,.T.);
#1067=FACE_BOUND('',#1926,.T.);
#1068=FACE_BOUND('',#1927,.T.);
#1069=FACE_BOUND('',#1928,.T.);
#1070=FACE_BOUND('',#1929,.T.);
#1071=FACE_BOUND('',#1930,.T.);
#1072=FACE_BOUND('',#1931,.T.);
#1073=FACE_BOUND('',#1932,.T.);
#1074=FACE_BOUND('',#1933,.T.);
#1075=FACE_BOUND('',#1934,.T.);
#1076=FACE_BOUND('',#1935,.T.);
#1077=FACE_BOUND('',#1936,.T.);
#1078=FACE_BOUND('',#1937,.T.);
#1079=FACE_BOUND('',#1938,.T.);
#1080=FACE_BOUND('',#1939,.T.);
#1081=FACE_BOUND('',#1940,.T.);
#1082=FACE_BOUND('',#1941,.T.);
#1083=FACE_BOUND('',#1942,.T.);
#1084=FACE_BOUND('',#1943,.T.);
#1085=PLANE('',#6756);
#1086=PLANE('',#6757);
#1087=PLANE('',#6758);
#1088=PLANE('',#6759);
#1089=PLANE('',#6760);
#1090=PLANE('',#6761);
#1091=PLANE('',#6762);
#1092=PLANE('',#6763);
#1093=PLANE('',#6764);
#1094=PLANE('',#6765);
#1095=PLANE('',#6766);
#1096=PLANE('',#6767);
#1097=PLANE('',#6768);
#1098=PLANE('',#6769);
#1099=PLANE('',#6770);
#1100=PLANE('',#6771);
#1101=PLANE('',#6772);
#1102=PLANE('',#6773);
#1103=PLANE('',#6774);
#1104=PLANE('',#6775);
#1105=PLANE('',#6776);
#1106=PLANE('',#6777);
#1107=PLANE('',#6778);
#1108=PLANE('',#6779);
#1109=PLANE('',#6780);
#1110=PLANE('',#6781);
#1111=PLANE('',#6782);
#1112=PLANE('',#6783);
#1113=PLANE('',#6784);
#1114=PLANE('',#6785);
#1115=PLANE('',#6786);
#1116=PLANE('',#6787);
#1117=PLANE('',#7005);
#1118=PLANE('',#7006);
#1119=PLANE('',#7009);
#1120=PLANE('',#7010);
#1121=PLANE('',#7229);
#1122=PLANE('',#7230);
#1123=PLANE('',#7232);
#1124=PLANE('',#7235);
#1125=PLANE('',#7238);
#1126=PLANE('',#7240);
#1127=PLANE('',#7449);
#1128=PLANE('',#7450);
#1129=FACE_OUTER_BOUND('',#1439,.T.);
#1130=FACE_OUTER_BOUND('',#1440,.T.);
#1131=FACE_OUTER_BOUND('',#1441,.T.);
#1132=FACE_OUTER_BOUND('',#1442,.T.);
#1133=FACE_OUTER_BOUND('',#1443,.T.);
#1134=FACE_OUTER_BOUND('',#1444,.T.);
#1135=FACE_OUTER_BOUND('',#1445,.T.);
#1136=FACE_OUTER_BOUND('',#1446,.T.);
#1137=FACE_OUTER_BOUND('',#1447,.T.);
#1138=FACE_OUTER_BOUND('',#1448,.T.);
#1139=FACE_OUTER_BOUND('',#1449,.T.);
#1140=FACE_OUTER_BOUND('',#1450,.T.);
#1141=FACE_OUTER_BOUND('',#1451,.T.);
#1142=FACE_OUTER_BOUND('',#1452,.T.);
#1143=FACE_OUTER_BOUND('',#1453,.T.);
#1144=FACE_OUTER_BOUND('',#1454,.T.);
#1145=FACE_OUTER_BOUND('',#1455,.T.);
#1146=FACE_OUTER_BOUND('',#1456,.T.);
#1147=FACE_OUTER_BOUND('',#1457,.T.);
#1148=FACE_OUTER_BOUND('',#1460,.T.);
#1149=FACE_OUTER_BOUND('',#1461,.T.);
#1150=FACE_OUTER_BOUND('',#1462,.T.);
#1151=FACE_OUTER_BOUND('',#1463,.T.);
#1152=FACE_OUTER_BOUND('',#1464,.T.);
#1153=FACE_OUTER_BOUND('',#1465,.T.);
#1154=FACE_OUTER_BOUND('',#1466,.T.);
#1155=FACE_OUTER_BOUND('',#1467,.T.);
#1156=FACE_OUTER_BOUND('',#1468,.T.);
#1157=FACE_OUTER_BOUND('',#1469,.T.);
#1158=FACE_OUTER_BOUND('',#1470,.T.);
#1159=FACE_OUTER_BOUND('',#1471,.T.);
#1160=FACE_OUTER_BOUND('',#1472,.T.);
#1161=FACE_OUTER_BOUND('',#1473,.T.);
#1162=FACE_OUTER_BOUND('',#1474,.T.);
#1163=FACE_OUTER_BOUND('',#1475,.T.);
#1164=FACE_OUTER_BOUND('',#1476,.T.);
#1165=FACE_OUTER_BOUND('',#1477,.T.);
#1166=FACE_OUTER_BOUND('',#1478,.T.);
#1167=FACE_OUTER_BOUND('',#1479,.T.);
#1168=FACE_OUTER_BOUND('',#1480,.T.);
#1169=FACE_OUTER_BOUND('',#1481,.T.);
#1170=FACE_OUTER_BOUND('',#1482,.T.);
#1171=FACE_OUTER_BOUND('',#1483,.T.);
#1172=FACE_OUTER_BOUND('',#1484,.T.);
#1173=FACE_OUTER_BOUND('',#1485,.T.);
#1174=FACE_OUTER_BOUND('',#1486,.T.);
#1175=FACE_OUTER_BOUND('',#1487,.T.);
#1176=FACE_OUTER_BOUND('',#1488,.T.);
#1177=FACE_OUTER_BOUND('',#1489,.T.);
#1178=FACE_OUTER_BOUND('',#1490,.T.);
#1179=FACE_OUTER_BOUND('',#1491,.T.);
#1180=FACE_OUTER_BOUND('',#1492,.T.);
#1181=FACE_OUTER_BOUND('',#1493,.T.);
#1182=FACE_OUTER_BOUND('',#1494,.T.);
#1183=FACE_OUTER_BOUND('',#1495,.T.);
#1184=FACE_OUTER_BOUND('',#1496,.T.);
#1185=FACE_OUTER_BOUND('',#1497,.T.);
#1186=FACE_OUTER_BOUND('',#1498,.T.);
#1187=FACE_OUTER_BOUND('',#1499,.T.);
#1188=FACE_OUTER_BOUND('',#1500,.T.);
#1189=FACE_OUTER_BOUND('',#1501,.T.);
#1190=FACE_OUTER_BOUND('',#1502,.T.);
#1191=FACE_OUTER_BOUND('',#1503,.T.);
#1192=FACE_OUTER_BOUND('',#1504,.T.);
#1193=FACE_OUTER_BOUND('',#1505,.T.);
#1194=FACE_OUTER_BOUND('',#1506,.T.);
#1195=FACE_OUTER_BOUND('',#1507,.T.);
#1196=FACE_OUTER_BOUND('',#1508,.T.);
#1197=FACE_OUTER_BOUND('',#1509,.T.);
#1198=FACE_OUTER_BOUND('',#1510,.T.);
#1199=FACE_OUTER_BOUND('',#1511,.T.);
#1200=FACE_OUTER_BOUND('',#1512,.T.);
#1201=FACE_OUTER_BOUND('',#1513,.T.);
#1202=FACE_OUTER_BOUND('',#1514,.T.);
#1203=FACE_OUTER_BOUND('',#1515,.T.);
#1204=FACE_OUTER_BOUND('',#1516,.T.);
#1205=FACE_OUTER_BOUND('',#1517,.T.);
#1206=FACE_OUTER_BOUND('',#1518,.T.);
#1207=FACE_OUTER_BOUND('',#1519,.T.);
#1208=FACE_OUTER_BOUND('',#1520,.T.);
#1209=FACE_OUTER_BOUND('',#1521,.T.);
#1210=FACE_OUTER_BOUND('',#1731,.T.);
#1211=FACE_OUTER_BOUND('',#1732,.T.);
#1212=FACE_OUTER_BOUND('',#1733,.T.);
#1213=FACE_OUTER_BOUND('',#1734,.T.);
#1214=FACE_OUTER_BOUND('',#1735,.T.);
#1215=FACE_OUTER_BOUND('',#1944,.T.);
#1216=FACE_OUTER_BOUND('',#1945,.T.);
#1217=FACE_OUTER_BOUND('',#1946,.T.);
#1218=FACE_OUTER_BOUND('',#1947,.T.);
#1219=FACE_OUTER_BOUND('',#1948,.T.);
#1220=FACE_OUTER_BOUND('',#1949,.T.);
#1221=FACE_OUTER_BOUND('',#1950,.T.);
#1222=FACE_OUTER_BOUND('',#1951,.T.);
#1223=FACE_OUTER_BOUND('',#1952,.T.);
#1224=FACE_OUTER_BOUND('',#1953,.T.);
#1225=FACE_OUTER_BOUND('',#1954,.T.);
#1226=FACE_OUTER_BOUND('',#1955,.T.);
#1227=FACE_OUTER_BOUND('',#1956,.T.);
#1228=FACE_OUTER_BOUND('',#1957,.T.);
#1229=FACE_OUTER_BOUND('',#1958,.T.);
#1230=FACE_OUTER_BOUND('',#1959,.T.);
#1231=FACE_OUTER_BOUND('',#1960,.T.);
#1232=FACE_OUTER_BOUND('',#1961,.T.);
#1233=FACE_OUTER_BOUND('',#1962,.T.);
#1234=FACE_OUTER_BOUND('',#1963,.T.);
#1235=FACE_OUTER_BOUND('',#1964,.T.);
#1236=FACE_OUTER_BOUND('',#1965,.T.);
#1237=FACE_OUTER_BOUND('',#1966,.T.);
#1238=FACE_OUTER_BOUND('',#1967,.T.);
#1239=FACE_OUTER_BOUND('',#1968,.T.);
#1240=FACE_OUTER_BOUND('',#1969,.T.);
#1241=FACE_OUTER_BOUND('',#1970,.T.);
#1242=FACE_OUTER_BOUND('',#1971,.T.);
#1243=FACE_OUTER_BOUND('',#1972,.T.);
#1244=FACE_OUTER_BOUND('',#1973,.T.);
#1245=FACE_OUTER_BOUND('',#1974,.T.);
#1246=FACE_OUTER_BOUND('',#1975,.T.);
#1247=FACE_OUTER_BOUND('',#1976,.T.);
#1248=FACE_OUTER_BOUND('',#1977,.T.);
#1249=FACE_OUTER_BOUND('',#1978,.T.);
#1250=FACE_OUTER_BOUND('',#1979,.T.);
#1251=FACE_OUTER_BOUND('',#1980,.T.);
#1252=FACE_OUTER_BOUND('',#1981,.T.);
#1253=FACE_OUTER_BOUND('',#1982,.T.);
#1254=FACE_OUTER_BOUND('',#1983,.T.);
#1255=FACE_OUTER_BOUND('',#1984,.T.);
#1256=FACE_OUTER_BOUND('',#1985,.T.);
#1257=FACE_OUTER_BOUND('',#1986,.T.);
#1258=FACE_OUTER_BOUND('',#1987,.T.);
#1259=FACE_OUTER_BOUND('',#1988,.T.);
#1260=FACE_OUTER_BOUND('',#1989,.T.);
#1261=FACE_OUTER_BOUND('',#1990,.T.);
#1262=FACE_OUTER_BOUND('',#1991,.T.);
#1263=FACE_OUTER_BOUND('',#1992,.T.);
#1264=FACE_OUTER_BOUND('',#1993,.T.);
#1265=FACE_OUTER_BOUND('',#1994,.T.);
#1266=FACE_OUTER_BOUND('',#1995,.T.);
#1267=FACE_OUTER_BOUND('',#1996,.T.);
#1268=FACE_OUTER_BOUND('',#1997,.T.);
#1269=FACE_OUTER_BOUND('',#1998,.T.);
#1270=FACE_OUTER_BOUND('',#1999,.T.);
#1271=FACE_OUTER_BOUND('',#2000,.T.);
#1272=FACE_OUTER_BOUND('',#2001,.T.);
#1273=FACE_OUTER_BOUND('',#2002,.T.);
#1274=FACE_OUTER_BOUND('',#2003,.T.);
#1275=FACE_OUTER_BOUND('',#2004,.T.);
#1276=FACE_OUTER_BOUND('',#2005,.T.);
#1277=FACE_OUTER_BOUND('',#2006,.T.);
#1278=FACE_OUTER_BOUND('',#2007,.T.);
#1279=FACE_OUTER_BOUND('',#2008,.T.);
#1280=FACE_OUTER_BOUND('',#2009,.T.);
#1281=FACE_OUTER_BOUND('',#2010,.T.);
#1282=FACE_OUTER_BOUND('',#2011,.T.);
#1283=FACE_OUTER_BOUND('',#2012,.T.);
#1284=FACE_OUTER_BOUND('',#2013,.T.);
#1285=FACE_OUTER_BOUND('',#2014,.T.);
#1286=FACE_OUTER_BOUND('',#2015,.T.);
#1287=FACE_OUTER_BOUND('',#2016,.T.);
#1288=FACE_OUTER_BOUND('',#2017,.T.);
#1289=FACE_OUTER_BOUND('',#2018,.T.);
#1290=FACE_OUTER_BOUND('',#2019,.T.);
#1291=FACE_OUTER_BOUND('',#2020,.T.);
#1292=FACE_OUTER_BOUND('',#2021,.T.);
#1293=FACE_OUTER_BOUND('',#2022,.T.);
#1294=FACE_OUTER_BOUND('',#2023,.T.);
#1295=FACE_OUTER_BOUND('',#2024,.T.);
#1296=FACE_OUTER_BOUND('',#2025,.T.);
#1297=FACE_OUTER_BOUND('',#2026,.T.);
#1298=FACE_OUTER_BOUND('',#2027,.T.);
#1299=FACE_OUTER_BOUND('',#2028,.T.);
#1300=FACE_OUTER_BOUND('',#2029,.T.);
#1301=FACE_OUTER_BOUND('',#2030,.T.);
#1302=FACE_OUTER_BOUND('',#2031,.T.);
#1303=FACE_OUTER_BOUND('',#2032,.T.);
#1304=FACE_OUTER_BOUND('',#2033,.T.);
#1305=FACE_OUTER_BOUND('',#2034,.T.);
#1306=FACE_OUTER_BOUND('',#2035,.T.);
#1307=FACE_OUTER_BOUND('',#2036,.T.);
#1308=FACE_OUTER_BOUND('',#2037,.T.);
#1309=FACE_OUTER_BOUND('',#2038,.T.);
#1310=FACE_OUTER_BOUND('',#2039,.T.);
#1311=FACE_OUTER_BOUND('',#2040,.T.);
#1312=FACE_OUTER_BOUND('',#2041,.T.);
#1313=FACE_OUTER_BOUND('',#2042,.T.);
#1314=FACE_OUTER_BOUND('',#2043,.T.);
#1315=FACE_OUTER_BOUND('',#2044,.T.);
#1316=FACE_OUTER_BOUND('',#2045,.T.);
#1317=FACE_OUTER_BOUND('',#2046,.T.);
#1318=FACE_OUTER_BOUND('',#2047,.T.);
#1319=FACE_OUTER_BOUND('',#2048,.T.);
#1320=FACE_OUTER_BOUND('',#2049,.T.);
#1321=FACE_OUTER_BOUND('',#2050,.T.);
#1322=FACE_OUTER_BOUND('',#2051,.T.);
#1323=FACE_OUTER_BOUND('',#2052,.T.);
#1324=FACE_OUTER_BOUND('',#2053,.T.);
#1325=FACE_OUTER_BOUND('',#2054,.T.);
#1326=FACE_OUTER_BOUND('',#2055,.T.);
#1327=FACE_OUTER_BOUND('',#2056,.T.);
#1328=FACE_OUTER_BOUND('',#2057,.T.);
#1329=FACE_OUTER_BOUND('',#2058,.T.);
#1330=FACE_OUTER_BOUND('',#2059,.T.);
#1331=FACE_OUTER_BOUND('',#2060,.T.);
#1332=FACE_OUTER_BOUND('',#2061,.T.);
#1333=FACE_OUTER_BOUND('',#2062,.T.);
#1334=FACE_OUTER_BOUND('',#2063,.T.);
#1335=FACE_OUTER_BOUND('',#2064,.T.);
#1336=FACE_OUTER_BOUND('',#2065,.T.);
#1337=FACE_OUTER_BOUND('',#2066,.T.);
#1338=FACE_OUTER_BOUND('',#2067,.T.);
#1339=FACE_OUTER_BOUND('',#2068,.T.);
#1340=FACE_OUTER_BOUND('',#2069,.T.);
#1341=FACE_OUTER_BOUND('',#2070,.T.);
#1342=FACE_OUTER_BOUND('',#2071,.T.);
#1343=FACE_OUTER_BOUND('',#2072,.T.);
#1344=FACE_OUTER_BOUND('',#2073,.T.);
#1345=FACE_OUTER_BOUND('',#2074,.T.);
#1346=FACE_OUTER_BOUND('',#2075,.T.);
#1347=FACE_OUTER_BOUND('',#2076,.T.);
#1348=FACE_OUTER_BOUND('',#2077,.T.);
#1349=FACE_OUTER_BOUND('',#2078,.T.);
#1350=FACE_OUTER_BOUND('',#2079,.T.);
#1351=FACE_OUTER_BOUND('',#2080,.T.);
#1352=FACE_OUTER_BOUND('',#2081,.T.);
#1353=FACE_OUTER_BOUND('',#2082,.T.);
#1354=FACE_OUTER_BOUND('',#2083,.T.);
#1355=FACE_OUTER_BOUND('',#2084,.T.);
#1356=FACE_OUTER_BOUND('',#2085,.T.);
#1357=FACE_OUTER_BOUND('',#2086,.T.);
#1358=FACE_OUTER_BOUND('',#2087,.T.);
#1359=FACE_OUTER_BOUND('',#2088,.T.);
#1360=FACE_OUTER_BOUND('',#2089,.T.);
#1361=FACE_OUTER_BOUND('',#2090,.T.);
#1362=FACE_OUTER_BOUND('',#2091,.T.);
#1363=FACE_OUTER_BOUND('',#2092,.T.);
#1364=FACE_OUTER_BOUND('',#2093,.T.);
#1365=FACE_OUTER_BOUND('',#2094,.T.);
#1366=FACE_OUTER_BOUND('',#2095,.T.);
#1367=FACE_OUTER_BOUND('',#2096,.T.);
#1368=FACE_OUTER_BOUND('',#2097,.T.);
#1369=FACE_OUTER_BOUND('',#2098,.T.);
#1370=FACE_OUTER_BOUND('',#2099,.T.);
#1371=FACE_OUTER_BOUND('',#2100,.T.);
#1372=FACE_OUTER_BOUND('',#2101,.T.);
#1373=FACE_OUTER_BOUND('',#2102,.T.);
#1374=FACE_OUTER_BOUND('',#2103,.T.);
#1375=FACE_OUTER_BOUND('',#2104,.T.);
#1376=FACE_OUTER_BOUND('',#2105,.T.);
#1377=FACE_OUTER_BOUND('',#2106,.T.);
#1378=FACE_OUTER_BOUND('',#2107,.T.);
#1379=FACE_OUTER_BOUND('',#2108,.T.);
#1380=FACE_OUTER_BOUND('',#2109,.T.);
#1381=FACE_OUTER_BOUND('',#2110,.T.);
#1382=FACE_OUTER_BOUND('',#2111,.T.);
#1383=FACE_OUTER_BOUND('',#2112,.T.);
#1384=FACE_OUTER_BOUND('',#2113,.T.);
#1385=FACE_OUTER_BOUND('',#2114,.T.);
#1386=FACE_OUTER_BOUND('',#2115,.T.);
#1387=FACE_OUTER_BOUND('',#2116,.T.);
#1388=FACE_OUTER_BOUND('',#2117,.T.);
#1389=FACE_OUTER_BOUND('',#2118,.T.);
#1390=FACE_OUTER_BOUND('',#2119,.T.);
#1391=FACE_OUTER_BOUND('',#2120,.T.);
#1392=FACE_OUTER_BOUND('',#2121,.T.);
#1393=FACE_OUTER_BOUND('',#2122,.T.);
#1394=FACE_OUTER_BOUND('',#2123,.T.);
#1395=FACE_OUTER_BOUND('',#2124,.T.);
#1396=FACE_OUTER_BOUND('',#2125,.T.);
#1397=FACE_OUTER_BOUND('',#2126,.T.);
#1398=FACE_OUTER_BOUND('',#2127,.T.);
#1399=FACE_OUTER_BOUND('',#2128,.T.);
#1400=FACE_OUTER_BOUND('',#2129,.T.);
#1401=FACE_OUTER_BOUND('',#2130,.T.);
#1402=FACE_OUTER_BOUND('',#2131,.T.);
#1403=FACE_OUTER_BOUND('',#2132,.T.);
#1404=FACE_OUTER_BOUND('',#2133,.T.);
#1405=FACE_OUTER_BOUND('',#2134,.T.);
#1406=FACE_OUTER_BOUND('',#2135,.T.);
#1407=FACE_OUTER_BOUND('',#2136,.T.);
#1408=FACE_OUTER_BOUND('',#2137,.T.);
#1409=FACE_OUTER_BOUND('',#2138,.T.);
#1410=FACE_OUTER_BOUND('',#2139,.T.);
#1411=FACE_OUTER_BOUND('',#2140,.T.);
#1412=FACE_OUTER_BOUND('',#2141,.T.);
#1413=FACE_OUTER_BOUND('',#2142,.T.);
#1414=FACE_OUTER_BOUND('',#2143,.T.);
#1415=FACE_OUTER_BOUND('',#2144,.T.);
#1416=FACE_OUTER_BOUND('',#2145,.T.);
#1417=FACE_OUTER_BOUND('',#2146,.T.);
#1418=FACE_OUTER_BOUND('',#2147,.T.);
#1419=FACE_OUTER_BOUND('',#2148,.T.);
#1420=FACE_OUTER_BOUND('',#2149,.T.);
#1421=FACE_OUTER_BOUND('',#2150,.T.);
#1422=FACE_OUTER_BOUND('',#2151,.T.);
#1423=FACE_OUTER_BOUND('',#2152,.T.);
#1424=FACE_OUTER_BOUND('',#2153,.T.);
#1425=FACE_OUTER_BOUND('',#2154,.T.);
#1426=FACE_OUTER_BOUND('',#2155,.T.);
#1427=FACE_OUTER_BOUND('',#2156,.T.);
#1428=FACE_OUTER_BOUND('',#2157,.T.);
#1429=FACE_OUTER_BOUND('',#2158,.T.);
#1430=FACE_OUTER_BOUND('',#2159,.T.);
#1431=FACE_OUTER_BOUND('',#2160,.T.);
#1432=FACE_OUTER_BOUND('',#2161,.T.);
#1433=FACE_OUTER_BOUND('',#2162,.T.);
#1434=FACE_OUTER_BOUND('',#2163,.T.);
#1435=FACE_OUTER_BOUND('',#2164,.T.);
#1436=FACE_OUTER_BOUND('',#2165,.T.);
#1437=FACE_OUTER_BOUND('',#2166,.T.);
#1438=FACE_OUTER_BOUND('',#2167,.T.);
#1439=EDGE_LOOP('',(#4553,#4554,#4555,#4556));
#1440=EDGE_LOOP('',(#4557,#4558,#4559,#4560));
#1441=EDGE_LOOP('',(#4561,#4562,#4563,#4564));
#1442=EDGE_LOOP('',(#4565,#4566,#4567,#4568));
#1443=EDGE_LOOP('',(#4569,#4570,#4571,#4572));
#1444=EDGE_LOOP('',(#4573,#4574,#4575,#4576));
#1445=EDGE_LOOP('',(#4577,#4578,#4579,#4580));
#1446=EDGE_LOOP('',(#4581,#4582,#4583,#4584));
#1447=EDGE_LOOP('',(#4585,#4586,#4587,#4588));
#1448=EDGE_LOOP('',(#4589,#4590,#4591,#4592));
#1449=EDGE_LOOP('',(#4593,#4594,#4595,#4596));
#1450=EDGE_LOOP('',(#4597,#4598,#4599,#4600));
#1451=EDGE_LOOP('',(#4601,#4602,#4603,#4604));
#1452=EDGE_LOOP('',(#4605,#4606,#4607,#4608));
#1453=EDGE_LOOP('',(#4609,#4610,#4611,#4612));
#1454=EDGE_LOOP('',(#4613,#4614,#4615,#4616));
#1455=EDGE_LOOP('',(#4617,#4618,#4619,#4620));
#1456=EDGE_LOOP('',(#4621,#4622,#4623,#4624));
#1457=EDGE_LOOP('',(#4625,#4626,#4627,#4628,#4629,#4630,#4631,#4632,#4633,
#4634,#4635,#4636,#4637,#4638,#4639,#4640,#4641,#4642,#4643,#4644,#4645,
#4646,#4647,#4648,#4649,#4650,#4651,#4652,#4653,#4654,#4655,#4656,#4657,
#4658,#4659,#4660,#4661,#4662,#4663,#4664,#4665,#4666,#4667,#4668,#4669,
#4670,#4671,#4672,#4673,#4674,#4675,#4676,#4677,#4678,#4679,#4680,#4681,
#4682,#4683,#4684,#4685,#4686,#4687,#4688,#4689,#4690,#4691));
#1458=EDGE_LOOP('',(#4692,#4693,#4694,#4695,#4696));
#1459=EDGE_LOOP('',(#4697,#4698,#4699,#4700,#4701,#4702,#4703));
#1460=EDGE_LOOP('',(#4704,#4705,#4706,#4707));
#1461=EDGE_LOOP('',(#4708,#4709,#4710,#4711));
#1462=EDGE_LOOP('',(#4712,#4713,#4714,#4715));
#1463=EDGE_LOOP('',(#4716,#4717,#4718,#4719));
#1464=EDGE_LOOP('',(#4720,#4721,#4722,#4723));
#1465=EDGE_LOOP('',(#4724,#4725,#4726,#4727));
#1466=EDGE_LOOP('',(#4728,#4729,#4730,#4731));
#1467=EDGE_LOOP('',(#4732,#4733,#4734,#4735));
#1468=EDGE_LOOP('',(#4736,#4737,#4738,#4739));
#1469=EDGE_LOOP('',(#4740,#4741,#4742,#4743));
#1470=EDGE_LOOP('',(#4744,#4745,#4746,#4747));
#1471=EDGE_LOOP('',(#4748,#4749,#4750,#4751));
#1472=EDGE_LOOP('',(#4752,#4753,#4754,#4755));
#1473=EDGE_LOOP('',(#4756,#4757,#4758,#4759));
#1474=EDGE_LOOP('',(#4760,#4761,#4762,#4763));
#1475=EDGE_LOOP('',(#4764,#4765,#4766,#4767));
#1476=EDGE_LOOP('',(#4768,#4769,#4770,#4771));
#1477=EDGE_LOOP('',(#4772,#4773,#4774,#4775));
#1478=EDGE_LOOP('',(#4776,#4777,#4778,#4779));
#1479=EDGE_LOOP('',(#4780,#4781,#4782,#4783));
#1480=EDGE_LOOP('',(#4784,#4785,#4786,#4787));
#1481=EDGE_LOOP('',(#4788,#4789,#4790,#4791));
#1482=EDGE_LOOP('',(#4792,#4793,#4794,#4795));
#1483=EDGE_LOOP('',(#4796,#4797,#4798,#4799));
#1484=EDGE_LOOP('',(#4800,#4801,#4802,#4803));
#1485=EDGE_LOOP('',(#4804,#4805,#4806,#4807));
#1486=EDGE_LOOP('',(#4808,#4809,#4810,#4811));
#1487=EDGE_LOOP('',(#4812,#4813,#4814,#4815));
#1488=EDGE_LOOP('',(#4816,#4817,#4818,#4819));
#1489=EDGE_LOOP('',(#4820,#4821,#4822,#4823));
#1490=EDGE_LOOP('',(#4824,#4825,#4826,#4827));
#1491=EDGE_LOOP('',(#4828,#4829,#4830,#4831));
#1492=EDGE_LOOP('',(#4832,#4833,#4834,#4835));
#1493=EDGE_LOOP('',(#4836,#4837,#4838,#4839));
#1494=EDGE_LOOP('',(#4840,#4841,#4842,#4843));
#1495=EDGE_LOOP('',(#4844,#4845,#4846,#4847));
#1496=EDGE_LOOP('',(#4848,#4849,#4850,#4851));
#1497=EDGE_LOOP('',(#4852,#4853,#4854,#4855));
#1498=EDGE_LOOP('',(#4856,#4857,#4858,#4859));
#1499=EDGE_LOOP('',(#4860,#4861,#4862,#4863));
#1500=EDGE_LOOP('',(#4864,#4865,#4866,#4867));
#1501=EDGE_LOOP('',(#4868,#4869,#4870,#4871));
#1502=EDGE_LOOP('',(#4872,#4873,#4874,#4875));
#1503=EDGE_LOOP('',(#4876,#4877,#4878,#4879));
#1504=EDGE_LOOP('',(#4880,#4881,#4882,#4883));
#1505=EDGE_LOOP('',(#4884,#4885,#4886,#4887));
#1506=EDGE_LOOP('',(#4888,#4889,#4890,#4891));
#1507=EDGE_LOOP('',(#4892,#4893,#4894,#4895));
#1508=EDGE_LOOP('',(#4896,#4897,#4898,#4899));
#1509=EDGE_LOOP('',(#4900,#4901,#4902,#4903));
#1510=EDGE_LOOP('',(#4904,#4905,#4906,#4907));
#1511=EDGE_LOOP('',(#4908,#4909,#4910,#4911));
#1512=EDGE_LOOP('',(#4912,#4913,#4914,#4915));
#1513=EDGE_LOOP('',(#4916,#4917,#4918,#4919));
#1514=EDGE_LOOP('',(#4920,#4921,#4922,#4923));
#1515=EDGE_LOOP('',(#4924,#4925,#4926,#4927));
#1516=EDGE_LOOP('',(#4928,#4929,#4930,#4931));
#1517=EDGE_LOOP('',(#4932,#4933,#4934,#4935));
#1518=EDGE_LOOP('',(#4936,#4937,#4938,#4939));
#1519=EDGE_LOOP('',(#4940,#4941,#4942,#4943));
#1520=EDGE_LOOP('',(#4944,#4945,#4946,#4947));
#1521=EDGE_LOOP('',(#4948,#4949,#4950,#4951,#4952,#4953,#4954,#4955,#4956,
#4957,#4958,#4959,#4960,#4961,#4962,#4963,#4964,#4965));
#1522=EDGE_LOOP('',(#4966,#4967,#4968,#4969,#4970,#4971,#4972,#4973,#4974,
#4975,#4976,#4977,#4978,#4979,#4980,#4981,#4982,#4983,#4984,#4985,#4986,
#4987,#4988,#4989,#4990,#4991,#4992,#4993,#4994,#4995,#4996,#4997,#4998,
#4999,#5000,#5001,#5002,#5003,#5004,#5005,#5006,#5007,#5008,#5009,#5010,
#5011,#5012,#5013,#5014,#5015,#5016,#5017,#5018,#5019,#5020,#5021,#5022,
#5023,#5024,#5025,#5026,#5027,#5028,#5029,#5030,#5031,#5032));
#1523=EDGE_LOOP('',(#5033));
#1524=EDGE_LOOP('',(#5034));
#1525=EDGE_LOOP('',(#5035));
#1526=EDGE_LOOP('',(#5036));
#1527=EDGE_LOOP('',(#5037));
#1528=EDGE_LOOP('',(#5038));
#1529=EDGE_LOOP('',(#5039));
#1530=EDGE_LOOP('',(#5040));
#1531=EDGE_LOOP('',(#5041));
#1532=EDGE_LOOP('',(#5042));
#1533=EDGE_LOOP('',(#5043));
#1534=EDGE_LOOP('',(#5044));
#1535=EDGE_LOOP('',(#5045));
#1536=EDGE_LOOP('',(#5046));
#1537=EDGE_LOOP('',(#5047));
#1538=EDGE_LOOP('',(#5048));
#1539=EDGE_LOOP('',(#5049));
#1540=EDGE_LOOP('',(#5050));
#1541=EDGE_LOOP('',(#5051));
#1542=EDGE_LOOP('',(#5052));
#1543=EDGE_LOOP('',(#5053));
#1544=EDGE_LOOP('',(#5054));
#1545=EDGE_LOOP('',(#5055));
#1546=EDGE_LOOP('',(#5056));
#1547=EDGE_LOOP('',(#5057));
#1548=EDGE_LOOP('',(#5058));
#1549=EDGE_LOOP('',(#5059));
#1550=EDGE_LOOP('',(#5060));
#1551=EDGE_LOOP('',(#5061));
#1552=EDGE_LOOP('',(#5062));
#1553=EDGE_LOOP('',(#5063));
#1554=EDGE_LOOP('',(#5064));
#1555=EDGE_LOOP('',(#5065));
#1556=EDGE_LOOP('',(#5066));
#1557=EDGE_LOOP('',(#5067));
#1558=EDGE_LOOP('',(#5068));
#1559=EDGE_LOOP('',(#5069));
#1560=EDGE_LOOP('',(#5070));
#1561=EDGE_LOOP('',(#5071));
#1562=EDGE_LOOP('',(#5072));
#1563=EDGE_LOOP('',(#5073));
#1564=EDGE_LOOP('',(#5074));
#1565=EDGE_LOOP('',(#5075));
#1566=EDGE_LOOP('',(#5076));
#1567=EDGE_LOOP('',(#5077));
#1568=EDGE_LOOP('',(#5078));
#1569=EDGE_LOOP('',(#5079));
#1570=EDGE_LOOP('',(#5080));
#1571=EDGE_LOOP('',(#5081));
#1572=EDGE_LOOP('',(#5082));
#1573=EDGE_LOOP('',(#5083));
#1574=EDGE_LOOP('',(#5084));
#1575=EDGE_LOOP('',(#5085));
#1576=EDGE_LOOP('',(#5086));
#1577=EDGE_LOOP('',(#5087));
#1578=EDGE_LOOP('',(#5088));
#1579=EDGE_LOOP('',(#5089));
#1580=EDGE_LOOP('',(#5090));
#1581=EDGE_LOOP('',(#5091));
#1582=EDGE_LOOP('',(#5092));
#1583=EDGE_LOOP('',(#5093));
#1584=EDGE_LOOP('',(#5094));
#1585=EDGE_LOOP('',(#5095));
#1586=EDGE_LOOP('',(#5096));
#1587=EDGE_LOOP('',(#5097));
#1588=EDGE_LOOP('',(#5098));
#1589=EDGE_LOOP('',(#5099));
#1590=EDGE_LOOP('',(#5100));
#1591=EDGE_LOOP('',(#5101));
#1592=EDGE_LOOP('',(#5102));
#1593=EDGE_LOOP('',(#5103));
#1594=EDGE_LOOP('',(#5104));
#1595=EDGE_LOOP('',(#5105));
#1596=EDGE_LOOP('',(#5106));
#1597=EDGE_LOOP('',(#5107));
#1598=EDGE_LOOP('',(#5108));
#1599=EDGE_LOOP('',(#5109));
#1600=EDGE_LOOP('',(#5110));
#1601=EDGE_LOOP('',(#5111));
#1602=EDGE_LOOP('',(#5112));
#1603=EDGE_LOOP('',(#5113));
#1604=EDGE_LOOP('',(#5114));
#1605=EDGE_LOOP('',(#5115));
#1606=EDGE_LOOP('',(#5116));
#1607=EDGE_LOOP('',(#5117));
#1608=EDGE_LOOP('',(#5118));
#1609=EDGE_LOOP('',(#5119));
#1610=EDGE_LOOP('',(#5120));
#1611=EDGE_LOOP('',(#5121));
#1612=EDGE_LOOP('',(#5122));
#1613=EDGE_LOOP('',(#5123));
#1614=EDGE_LOOP('',(#5124));
#1615=EDGE_LOOP('',(#5125));
#1616=EDGE_LOOP('',(#5126));
#1617=EDGE_LOOP('',(#5127));
#1618=EDGE_LOOP('',(#5128));
#1619=EDGE_LOOP('',(#5129));
#1620=EDGE_LOOP('',(#5130));
#1621=EDGE_LOOP('',(#5131));
#1622=EDGE_LOOP('',(#5132));
#1623=EDGE_LOOP('',(#5133));
#1624=EDGE_LOOP('',(#5134));
#1625=EDGE_LOOP('',(#5135));
#1626=EDGE_LOOP('',(#5136));
#1627=EDGE_LOOP('',(#5137));
#1628=EDGE_LOOP('',(#5138));
#1629=EDGE_LOOP('',(#5139));
#1630=EDGE_LOOP('',(#5140));
#1631=EDGE_LOOP('',(#5141));
#1632=EDGE_LOOP('',(#5142));
#1633=EDGE_LOOP('',(#5143));
#1634=EDGE_LOOP('',(#5144));
#1635=EDGE_LOOP('',(#5145));
#1636=EDGE_LOOP('',(#5146));
#1637=EDGE_LOOP('',(#5147));
#1638=EDGE_LOOP('',(#5148));
#1639=EDGE_LOOP('',(#5149));
#1640=EDGE_LOOP('',(#5150));
#1641=EDGE_LOOP('',(#5151));
#1642=EDGE_LOOP('',(#5152));
#1643=EDGE_LOOP('',(#5153));
#1644=EDGE_LOOP('',(#5154));
#1645=EDGE_LOOP('',(#5155));
#1646=EDGE_LOOP('',(#5156));
#1647=EDGE_LOOP('',(#5157));
#1648=EDGE_LOOP('',(#5158));
#1649=EDGE_LOOP('',(#5159));
#1650=EDGE_LOOP('',(#5160));
#1651=EDGE_LOOP('',(#5161));
#1652=EDGE_LOOP('',(#5162));
#1653=EDGE_LOOP('',(#5163));
#1654=EDGE_LOOP('',(#5164));
#1655=EDGE_LOOP('',(#5165));
#1656=EDGE_LOOP('',(#5166));
#1657=EDGE_LOOP('',(#5167));
#1658=EDGE_LOOP('',(#5168));
#1659=EDGE_LOOP('',(#5169));
#1660=EDGE_LOOP('',(#5170));
#1661=EDGE_LOOP('',(#5171));
#1662=EDGE_LOOP('',(#5172));
#1663=EDGE_LOOP('',(#5173));
#1664=EDGE_LOOP('',(#5174));
#1665=EDGE_LOOP('',(#5175));
#1666=EDGE_LOOP('',(#5176));
#1667=EDGE_LOOP('',(#5177));
#1668=EDGE_LOOP('',(#5178));
#1669=EDGE_LOOP('',(#5179));
#1670=EDGE_LOOP('',(#5180));
#1671=EDGE_LOOP('',(#5181));
#1672=EDGE_LOOP('',(#5182));
#1673=EDGE_LOOP('',(#5183));
#1674=EDGE_LOOP('',(#5184));
#1675=EDGE_LOOP('',(#5185));
#1676=EDGE_LOOP('',(#5186));
#1677=EDGE_LOOP('',(#5187));
#1678=EDGE_LOOP('',(#5188));
#1679=EDGE_LOOP('',(#5189));
#1680=EDGE_LOOP('',(#5190));
#1681=EDGE_LOOP('',(#5191));
#1682=EDGE_LOOP('',(#5192));
#1683=EDGE_LOOP('',(#5193));
#1684=EDGE_LOOP('',(#5194));
#1685=EDGE_LOOP('',(#5195));
#1686=EDGE_LOOP('',(#5196));
#1687=EDGE_LOOP('',(#5197));
#1688=EDGE_LOOP('',(#5198));
#1689=EDGE_LOOP('',(#5199));
#1690=EDGE_LOOP('',(#5200));
#1691=EDGE_LOOP('',(#5201));
#1692=EDGE_LOOP('',(#5202));
#1693=EDGE_LOOP('',(#5203));
#1694=EDGE_LOOP('',(#5204));
#1695=EDGE_LOOP('',(#5205));
#1696=EDGE_LOOP('',(#5206));
#1697=EDGE_LOOP('',(#5207));
#1698=EDGE_LOOP('',(#5208));
#1699=EDGE_LOOP('',(#5209));
#1700=EDGE_LOOP('',(#5210));
#1701=EDGE_LOOP('',(#5211));
#1702=EDGE_LOOP('',(#5212));
#1703=EDGE_LOOP('',(#5213));
#1704=EDGE_LOOP('',(#5214));
#1705=EDGE_LOOP('',(#5215));
#1706=EDGE_LOOP('',(#5216));
#1707=EDGE_LOOP('',(#5217));
#1708=EDGE_LOOP('',(#5218));
#1709=EDGE_LOOP('',(#5219));
#1710=EDGE_LOOP('',(#5220));
#1711=EDGE_LOOP('',(#5221));
#1712=EDGE_LOOP('',(#5222));
#1713=EDGE_LOOP('',(#5223));
#1714=EDGE_LOOP('',(#5224));
#1715=EDGE_LOOP('',(#5225));
#1716=EDGE_LOOP('',(#5226));
#1717=EDGE_LOOP('',(#5227));
#1718=EDGE_LOOP('',(#5228));
#1719=EDGE_LOOP('',(#5229));
#1720=EDGE_LOOP('',(#5230));
#1721=EDGE_LOOP('',(#5231));
#1722=EDGE_LOOP('',(#5232));
#1723=EDGE_LOOP('',(#5233));
#1724=EDGE_LOOP('',(#5234));
#1725=EDGE_LOOP('',(#5235));
#1726=EDGE_LOOP('',(#5236));
#1727=EDGE_LOOP('',(#5237));
#1728=EDGE_LOOP('',(#5238));
#1729=EDGE_LOOP('',(#5239));
#1730=EDGE_LOOP('',(#5240));
#1731=EDGE_LOOP('',(#5241,#5242,#5243,#5244,#5245));
#1732=EDGE_LOOP('',(#5246,#5247,#5248,#5249));
#1733=EDGE_LOOP('',(#5250,#5251,#5252,#5253));
#1734=EDGE_LOOP('',(#5254,#5255,#5256,#5257));
#1735=EDGE_LOOP('',(#5258,#5259,#5260,#5261,#5262,#5263,#5264,#5265,#5266,
#5267,#5268,#5269,#5270,#5271,#5272,#5273,#5274,#5275));
#1736=EDGE_LOOP('',(#5276));
#1737=EDGE_LOOP('',(#5277));
#1738=EDGE_LOOP('',(#5278));
#1739=EDGE_LOOP('',(#5279));
#1740=EDGE_LOOP('',(#5280));
#1741=EDGE_LOOP('',(#5281));
#1742=EDGE_LOOP('',(#5282));
#1743=EDGE_LOOP('',(#5283));
#1744=EDGE_LOOP('',(#5284));
#1745=EDGE_LOOP('',(#5285));
#1746=EDGE_LOOP('',(#5286));
#1747=EDGE_LOOP('',(#5287));
#1748=EDGE_LOOP('',(#5288));
#1749=EDGE_LOOP('',(#5289));
#1750=EDGE_LOOP('',(#5290));
#1751=EDGE_LOOP('',(#5291));
#1752=EDGE_LOOP('',(#5292));
#1753=EDGE_LOOP('',(#5293));
#1754=EDGE_LOOP('',(#5294));
#1755=EDGE_LOOP('',(#5295));
#1756=EDGE_LOOP('',(#5296));
#1757=EDGE_LOOP('',(#5297));
#1758=EDGE_LOOP('',(#5298));
#1759=EDGE_LOOP('',(#5299));
#1760=EDGE_LOOP('',(#5300));
#1761=EDGE_LOOP('',(#5301));
#1762=EDGE_LOOP('',(#5302));
#1763=EDGE_LOOP('',(#5303));
#1764=EDGE_LOOP('',(#5304));
#1765=EDGE_LOOP('',(#5305));
#1766=EDGE_LOOP('',(#5306));
#1767=EDGE_LOOP('',(#5307));
#1768=EDGE_LOOP('',(#5308));
#1769=EDGE_LOOP('',(#5309));
#1770=EDGE_LOOP('',(#5310));
#1771=EDGE_LOOP('',(#5311));
#1772=EDGE_LOOP('',(#5312));
#1773=EDGE_LOOP('',(#5313));
#1774=EDGE_LOOP('',(#5314));
#1775=EDGE_LOOP('',(#5315));
#1776=EDGE_LOOP('',(#5316));
#1777=EDGE_LOOP('',(#5317));
#1778=EDGE_LOOP('',(#5318));
#1779=EDGE_LOOP('',(#5319));
#1780=EDGE_LOOP('',(#5320));
#1781=EDGE_LOOP('',(#5321));
#1782=EDGE_LOOP('',(#5322));
#1783=EDGE_LOOP('',(#5323));
#1784=EDGE_LOOP('',(#5324));
#1785=EDGE_LOOP('',(#5325));
#1786=EDGE_LOOP('',(#5326));
#1787=EDGE_LOOP('',(#5327));
#1788=EDGE_LOOP('',(#5328));
#1789=EDGE_LOOP('',(#5329));
#1790=EDGE_LOOP('',(#5330));
#1791=EDGE_LOOP('',(#5331));
#1792=EDGE_LOOP('',(#5332));
#1793=EDGE_LOOP('',(#5333));
#1794=EDGE_LOOP('',(#5334));
#1795=EDGE_LOOP('',(#5335));
#1796=EDGE_LOOP('',(#5336));
#1797=EDGE_LOOP('',(#5337));
#1798=EDGE_LOOP('',(#5338));
#1799=EDGE_LOOP('',(#5339));
#1800=EDGE_LOOP('',(#5340));
#1801=EDGE_LOOP('',(#5341));
#1802=EDGE_LOOP('',(#5342));
#1803=EDGE_LOOP('',(#5343));
#1804=EDGE_LOOP('',(#5344));
#1805=EDGE_LOOP('',(#5345));
#1806=EDGE_LOOP('',(#5346));
#1807=EDGE_LOOP('',(#5347));
#1808=EDGE_LOOP('',(#5348));
#1809=EDGE_LOOP('',(#5349));
#1810=EDGE_LOOP('',(#5350));
#1811=EDGE_LOOP('',(#5351));
#1812=EDGE_LOOP('',(#5352));
#1813=EDGE_LOOP('',(#5353));
#1814=EDGE_LOOP('',(#5354));
#1815=EDGE_LOOP('',(#5355));
#1816=EDGE_LOOP('',(#5356));
#1817=EDGE_LOOP('',(#5357));
#1818=EDGE_LOOP('',(#5358));
#1819=EDGE_LOOP('',(#5359));
#1820=EDGE_LOOP('',(#5360));
#1821=EDGE_LOOP('',(#5361));
#1822=EDGE_LOOP('',(#5362));
#1823=EDGE_LOOP('',(#5363));
#1824=EDGE_LOOP('',(#5364));
#1825=EDGE_LOOP('',(#5365));
#1826=EDGE_LOOP('',(#5366));
#1827=EDGE_LOOP('',(#5367));
#1828=EDGE_LOOP('',(#5368));
#1829=EDGE_LOOP('',(#5369));
#1830=EDGE_LOOP('',(#5370));
#1831=EDGE_LOOP('',(#5371));
#1832=EDGE_LOOP('',(#5372));
#1833=EDGE_LOOP('',(#5373));
#1834=EDGE_LOOP('',(#5374));
#1835=EDGE_LOOP('',(#5375));
#1836=EDGE_LOOP('',(#5376));
#1837=EDGE_LOOP('',(#5377));
#1838=EDGE_LOOP('',(#5378));
#1839=EDGE_LOOP('',(#5379));
#1840=EDGE_LOOP('',(#5380));
#1841=EDGE_LOOP('',(#5381));
#1842=EDGE_LOOP('',(#5382));
#1843=EDGE_LOOP('',(#5383));
#1844=EDGE_LOOP('',(#5384));
#1845=EDGE_LOOP('',(#5385));
#1846=EDGE_LOOP('',(#5386));
#1847=EDGE_LOOP('',(#5387));
#1848=EDGE_LOOP('',(#5388));
#1849=EDGE_LOOP('',(#5389));
#1850=EDGE_LOOP('',(#5390));
#1851=EDGE_LOOP('',(#5391));
#1852=EDGE_LOOP('',(#5392));
#1853=EDGE_LOOP('',(#5393));
#1854=EDGE_LOOP('',(#5394));
#1855=EDGE_LOOP('',(#5395));
#1856=EDGE_LOOP('',(#5396));
#1857=EDGE_LOOP('',(#5397));
#1858=EDGE_LOOP('',(#5398));
#1859=EDGE_LOOP('',(#5399));
#1860=EDGE_LOOP('',(#5400));
#1861=EDGE_LOOP('',(#5401));
#1862=EDGE_LOOP('',(#5402));
#1863=EDGE_LOOP('',(#5403));
#1864=EDGE_LOOP('',(#5404));
#1865=EDGE_LOOP('',(#5405));
#1866=EDGE_LOOP('',(#5406));
#1867=EDGE_LOOP('',(#5407));
#1868=EDGE_LOOP('',(#5408));
#1869=EDGE_LOOP('',(#5409));
#1870=EDGE_LOOP('',(#5410));
#1871=EDGE_LOOP('',(#5411));
#1872=EDGE_LOOP('',(#5412));
#1873=EDGE_LOOP('',(#5413));
#1874=EDGE_LOOP('',(#5414));
#1875=EDGE_LOOP('',(#5415));
#1876=EDGE_LOOP('',(#5416));
#1877=EDGE_LOOP('',(#5417));
#1878=EDGE_LOOP('',(#5418));
#1879=EDGE_LOOP('',(#5419));
#1880=EDGE_LOOP('',(#5420));
#1881=EDGE_LOOP('',(#5421));
#1882=EDGE_LOOP('',(#5422));
#1883=EDGE_LOOP('',(#5423));
#1884=EDGE_LOOP('',(#5424));
#1885=EDGE_LOOP('',(#5425));
#1886=EDGE_LOOP('',(#5426));
#1887=EDGE_LOOP('',(#5427));
#1888=EDGE_LOOP('',(#5428));
#1889=EDGE_LOOP('',(#5429));
#1890=EDGE_LOOP('',(#5430));
#1891=EDGE_LOOP('',(#5431));
#1892=EDGE_LOOP('',(#5432));
#1893=EDGE_LOOP('',(#5433));
#1894=EDGE_LOOP('',(#5434));
#1895=EDGE_LOOP('',(#5435));
#1896=EDGE_LOOP('',(#5436));
#1897=EDGE_LOOP('',(#5437));
#1898=EDGE_LOOP('',(#5438));
#1899=EDGE_LOOP('',(#5439));
#1900=EDGE_LOOP('',(#5440));
#1901=EDGE_LOOP('',(#5441));
#1902=EDGE_LOOP('',(#5442));
#1903=EDGE_LOOP('',(#5443));
#1904=EDGE_LOOP('',(#5444));
#1905=EDGE_LOOP('',(#5445));
#1906=EDGE_LOOP('',(#5446));
#1907=EDGE_LOOP('',(#5447));
#1908=EDGE_LOOP('',(#5448));
#1909=EDGE_LOOP('',(#5449));
#1910=EDGE_LOOP('',(#5450));
#1911=EDGE_LOOP('',(#5451));
#1912=EDGE_LOOP('',(#5452));
#1913=EDGE_LOOP('',(#5453));
#1914=EDGE_LOOP('',(#5454));
#1915=EDGE_LOOP('',(#5455));
#1916=EDGE_LOOP('',(#5456));
#1917=EDGE_LOOP('',(#5457));
#1918=EDGE_LOOP('',(#5458));
#1919=EDGE_LOOP('',(#5459));
#1920=EDGE_LOOP('',(#5460));
#1921=EDGE_LOOP('',(#5461));
#1922=EDGE_LOOP('',(#5462));
#1923=EDGE_LOOP('',(#5463));
#1924=EDGE_LOOP('',(#5464));
#1925=EDGE_LOOP('',(#5465));
#1926=EDGE_LOOP('',(#5466));
#1927=EDGE_LOOP('',(#5467));
#1928=EDGE_LOOP('',(#5468));
#1929=EDGE_LOOP('',(#5469));
#1930=EDGE_LOOP('',(#5470));
#1931=EDGE_LOOP('',(#5471));
#1932=EDGE_LOOP('',(#5472));
#1933=EDGE_LOOP('',(#5473));
#1934=EDGE_LOOP('',(#5474));
#1935=EDGE_LOOP('',(#5475));
#1936=EDGE_LOOP('',(#5476));
#1937=EDGE_LOOP('',(#5477));
#1938=EDGE_LOOP('',(#5478));
#1939=EDGE_LOOP('',(#5479));
#1940=EDGE_LOOP('',(#5480));
#1941=EDGE_LOOP('',(#5481));
#1942=EDGE_LOOP('',(#5482));
#1943=EDGE_LOOP('',(#5483));
#1944=EDGE_LOOP('',(#5484,#5485,#5486,#5487));
#1945=EDGE_LOOP('',(#5488,#5489,#5490,#5491));
#1946=EDGE_LOOP('',(#5492,#5493,#5494,#5495,#5496,#5497,#5498));
#1947=EDGE_LOOP('',(#5499,#5500,#5501,#5502));
#1948=EDGE_LOOP('',(#5503,#5504,#5505,#5506));
#1949=EDGE_LOOP('',(#5507,#5508,#5509,#5510));
#1950=EDGE_LOOP('',(#5511,#5512,#5513,#5514));
#1951=EDGE_LOOP('',(#5515,#5516,#5517,#5518));
#1952=EDGE_LOOP('',(#5519,#5520,#5521,#5522));
#1953=EDGE_LOOP('',(#5523,#5524,#5525,#5526));
#1954=EDGE_LOOP('',(#5527,#5528,#5529,#5530));
#1955=EDGE_LOOP('',(#5531,#5532,#5533,#5534));
#1956=EDGE_LOOP('',(#5535,#5536,#5537,#5538));
#1957=EDGE_LOOP('',(#5539,#5540,#5541,#5542));
#1958=EDGE_LOOP('',(#5543,#5544,#5545,#5546));
#1959=EDGE_LOOP('',(#5547,#5548,#5549,#5550));
#1960=EDGE_LOOP('',(#5551,#5552,#5553,#5554));
#1961=EDGE_LOOP('',(#5555,#5556,#5557,#5558));
#1962=EDGE_LOOP('',(#5559,#5560,#5561,#5562));
#1963=EDGE_LOOP('',(#5563,#5564,#5565,#5566));
#1964=EDGE_LOOP('',(#5567,#5568,#5569,#5570));
#1965=EDGE_LOOP('',(#5571,#5572,#5573,#5574));
#1966=EDGE_LOOP('',(#5575,#5576,#5577,#5578));
#1967=EDGE_LOOP('',(#5579,#5580,#5581,#5582));
#1968=EDGE_LOOP('',(#5583,#5584,#5585,#5586));
#1969=EDGE_LOOP('',(#5587,#5588,#5589,#5590));
#1970=EDGE_LOOP('',(#5591,#5592,#5593,#5594));
#1971=EDGE_LOOP('',(#5595,#5596,#5597,#5598));
#1972=EDGE_LOOP('',(#5599,#5600,#5601,#5602));
#1973=EDGE_LOOP('',(#5603,#5604,#5605,#5606));
#1974=EDGE_LOOP('',(#5607,#5608,#5609,#5610));
#1975=EDGE_LOOP('',(#5611,#5612,#5613,#5614));
#1976=EDGE_LOOP('',(#5615,#5616,#5617,#5618));
#1977=EDGE_LOOP('',(#5619,#5620,#5621,#5622));
#1978=EDGE_LOOP('',(#5623,#5624,#5625,#5626));
#1979=EDGE_LOOP('',(#5627,#5628,#5629,#5630));
#1980=EDGE_LOOP('',(#5631,#5632,#5633,#5634));
#1981=EDGE_LOOP('',(#5635,#5636,#5637,#5638));
#1982=EDGE_LOOP('',(#5639,#5640,#5641,#5642));
#1983=EDGE_LOOP('',(#5643,#5644,#5645,#5646));
#1984=EDGE_LOOP('',(#5647,#5648,#5649,#5650));
#1985=EDGE_LOOP('',(#5651,#5652,#5653,#5654));
#1986=EDGE_LOOP('',(#5655,#5656,#5657,#5658));
#1987=EDGE_LOOP('',(#5659,#5660,#5661,#5662));
#1988=EDGE_LOOP('',(#5663,#5664,#5665,#5666));
#1989=EDGE_LOOP('',(#5667,#5668,#5669,#5670));
#1990=EDGE_LOOP('',(#5671,#5672,#5673,#5674));
#1991=EDGE_LOOP('',(#5675,#5676,#5677,#5678));
#1992=EDGE_LOOP('',(#5679,#5680,#5681,#5682));
#1993=EDGE_LOOP('',(#5683,#5684,#5685,#5686));
#1994=EDGE_LOOP('',(#5687,#5688,#5689,#5690));
#1995=EDGE_LOOP('',(#5691,#5692,#5693,#5694));
#1996=EDGE_LOOP('',(#5695,#5696,#5697,#5698));
#1997=EDGE_LOOP('',(#5699,#5700,#5701,#5702));
#1998=EDGE_LOOP('',(#5703,#5704,#5705,#5706));
#1999=EDGE_LOOP('',(#5707,#5708,#5709,#5710));
#2000=EDGE_LOOP('',(#5711,#5712,#5713,#5714));
#2001=EDGE_LOOP('',(#5715,#5716,#5717,#5718));
#2002=EDGE_LOOP('',(#5719,#5720,#5721,#5722));
#2003=EDGE_LOOP('',(#5723,#5724,#5725,#5726));
#2004=EDGE_LOOP('',(#5727,#5728,#5729,#5730));
#2005=EDGE_LOOP('',(#5731,#5732,#5733,#5734));
#2006=EDGE_LOOP('',(#5735,#5736,#5737,#5738));
#2007=EDGE_LOOP('',(#5739,#5740,#5741,#5742));
#2008=EDGE_LOOP('',(#5743,#5744,#5745,#5746));
#2009=EDGE_LOOP('',(#5747,#5748,#5749,#5750));
#2010=EDGE_LOOP('',(#5751,#5752,#5753,#5754));
#2011=EDGE_LOOP('',(#5755,#5756,#5757,#5758));
#2012=EDGE_LOOP('',(#5759,#5760,#5761,#5762));
#2013=EDGE_LOOP('',(#5763,#5764,#5765,#5766));
#2014=EDGE_LOOP('',(#5767,#5768,#5769,#5770));
#2015=EDGE_LOOP('',(#5771,#5772,#5773,#5774));
#2016=EDGE_LOOP('',(#5775,#5776,#5777,#5778));
#2017=EDGE_LOOP('',(#5779,#5780,#5781,#5782));
#2018=EDGE_LOOP('',(#5783,#5784,#5785,#5786));
#2019=EDGE_LOOP('',(#5787,#5788,#5789,#5790));
#2020=EDGE_LOOP('',(#5791,#5792,#5793,#5794));
#2021=EDGE_LOOP('',(#5795,#5796,#5797,#5798));
#2022=EDGE_LOOP('',(#5799,#5800,#5801,#5802));
#2023=EDGE_LOOP('',(#5803,#5804,#5805,#5806));
#2024=EDGE_LOOP('',(#5807,#5808,#5809,#5810));
#2025=EDGE_LOOP('',(#5811,#5812,#5813,#5814));
#2026=EDGE_LOOP('',(#5815,#5816,#5817,#5818));
#2027=EDGE_LOOP('',(#5819,#5820,#5821,#5822));
#2028=EDGE_LOOP('',(#5823,#5824,#5825,#5826));
#2029=EDGE_LOOP('',(#5827,#5828,#5829,#5830));
#2030=EDGE_LOOP('',(#5831,#5832,#5833,#5834));
#2031=EDGE_LOOP('',(#5835,#5836,#5837,#5838));
#2032=EDGE_LOOP('',(#5839,#5840,#5841,#5842));
#2033=EDGE_LOOP('',(#5843,#5844,#5845,#5846));
#2034=EDGE_LOOP('',(#5847,#5848,#5849,#5850));
#2035=EDGE_LOOP('',(#5851,#5852,#5853,#5854));
#2036=EDGE_LOOP('',(#5855,#5856,#5857,#5858));
#2037=EDGE_LOOP('',(#5859,#5860,#5861,#5862));
#2038=EDGE_LOOP('',(#5863,#5864,#5865,#5866));
#2039=EDGE_LOOP('',(#5867,#5868,#5869,#5870));
#2040=EDGE_LOOP('',(#5871,#5872,#5873,#5874));
#2041=EDGE_LOOP('',(#5875,#5876,#5877,#5878));
#2042=EDGE_LOOP('',(#5879,#5880,#5881,#5882));
#2043=EDGE_LOOP('',(#5883,#5884,#5885,#5886));
#2044=EDGE_LOOP('',(#5887,#5888,#5889,#5890));
#2045=EDGE_LOOP('',(#5891,#5892,#5893,#5894));
#2046=EDGE_LOOP('',(#5895,#5896,#5897,#5898));
#2047=EDGE_LOOP('',(#5899,#5900,#5901,#5902));
#2048=EDGE_LOOP('',(#5903,#5904,#5905,#5906));
#2049=EDGE_LOOP('',(#5907,#5908,#5909,#5910));
#2050=EDGE_LOOP('',(#5911,#5912,#5913,#5914));
#2051=EDGE_LOOP('',(#5915,#5916,#5917,#5918));
#2052=EDGE_LOOP('',(#5919,#5920,#5921,#5922));
#2053=EDGE_LOOP('',(#5923,#5924,#5925,#5926));
#2054=EDGE_LOOP('',(#5927,#5928,#5929,#5930));
#2055=EDGE_LOOP('',(#5931,#5932,#5933,#5934));
#2056=EDGE_LOOP('',(#5935,#5936,#5937,#5938));
#2057=EDGE_LOOP('',(#5939,#5940,#5941,#5942));
#2058=EDGE_LOOP('',(#5943,#5944,#5945,#5946));
#2059=EDGE_LOOP('',(#5947,#5948,#5949,#5950));
#2060=EDGE_LOOP('',(#5951,#5952,#5953,#5954));
#2061=EDGE_LOOP('',(#5955,#5956,#5957,#5958));
#2062=EDGE_LOOP('',(#5959,#5960,#5961,#5962));
#2063=EDGE_LOOP('',(#5963,#5964,#5965,#5966));
#2064=EDGE_LOOP('',(#5967,#5968,#5969,#5970));
#2065=EDGE_LOOP('',(#5971,#5972,#5973,#5974));
#2066=EDGE_LOOP('',(#5975,#5976,#5977,#5978));
#2067=EDGE_LOOP('',(#5979,#5980,#5981,#5982));
#2068=EDGE_LOOP('',(#5983,#5984,#5985,#5986));
#2069=EDGE_LOOP('',(#5987,#5988,#5989,#5990));
#2070=EDGE_LOOP('',(#5991,#5992,#5993,#5994));
#2071=EDGE_LOOP('',(#5995,#5996,#5997,#5998));
#2072=EDGE_LOOP('',(#5999,#6000,#6001,#6002));
#2073=EDGE_LOOP('',(#6003,#6004,#6005,#6006));
#2074=EDGE_LOOP('',(#6007,#6008,#6009,#6010));
#2075=EDGE_LOOP('',(#6011,#6012,#6013,#6014));
#2076=EDGE_LOOP('',(#6015,#6016,#6017,#6018));
#2077=EDGE_LOOP('',(#6019,#6020,#6021,#6022));
#2078=EDGE_LOOP('',(#6023,#6024,#6025,#6026));
#2079=EDGE_LOOP('',(#6027,#6028,#6029,#6030));
#2080=EDGE_LOOP('',(#6031,#6032,#6033,#6034));
#2081=EDGE_LOOP('',(#6035,#6036,#6037,#6038));
#2082=EDGE_LOOP('',(#6039,#6040,#6041,#6042));
#2083=EDGE_LOOP('',(#6043,#6044,#6045,#6046));
#2084=EDGE_LOOP('',(#6047,#6048,#6049,#6050));
#2085=EDGE_LOOP('',(#6051,#6052,#6053,#6054));
#2086=EDGE_LOOP('',(#6055,#6056,#6057,#6058));
#2087=EDGE_LOOP('',(#6059,#6060,#6061,#6062));
#2088=EDGE_LOOP('',(#6063,#6064,#6065,#6066));
#2089=EDGE_LOOP('',(#6067,#6068,#6069,#6070));
#2090=EDGE_LOOP('',(#6071,#6072,#6073,#6074));
#2091=EDGE_LOOP('',(#6075,#6076,#6077,#6078));
#2092=EDGE_LOOP('',(#6079,#6080,#6081,#6082));
#2093=EDGE_LOOP('',(#6083,#6084,#6085,#6086));
#2094=EDGE_LOOP('',(#6087,#6088,#6089,#6090));
#2095=EDGE_LOOP('',(#6091,#6092,#6093,#6094));
#2096=EDGE_LOOP('',(#6095,#6096,#6097,#6098));
#2097=EDGE_LOOP('',(#6099,#6100,#6101,#6102));
#2098=EDGE_LOOP('',(#6103,#6104,#6105,#6106));
#2099=EDGE_LOOP('',(#6107,#6108,#6109,#6110));
#2100=EDGE_LOOP('',(#6111,#6112,#6113,#6114));
#2101=EDGE_LOOP('',(#6115,#6116,#6117,#6118));
#2102=EDGE_LOOP('',(#6119,#6120,#6121,#6122));
#2103=EDGE_LOOP('',(#6123,#6124,#6125,#6126));
#2104=EDGE_LOOP('',(#6127,#6128,#6129,#6130));
#2105=EDGE_LOOP('',(#6131,#6132,#6133,#6134));
#2106=EDGE_LOOP('',(#6135,#6136,#6137,#6138));
#2107=EDGE_LOOP('',(#6139,#6140,#6141,#6142));
#2108=EDGE_LOOP('',(#6143,#6144,#6145,#6146));
#2109=EDGE_LOOP('',(#6147,#6148,#6149,#6150));
#2110=EDGE_LOOP('',(#6151,#6152,#6153,#6154));
#2111=EDGE_LOOP('',(#6155,#6156,#6157,#6158));
#2112=EDGE_LOOP('',(#6159,#6160,#6161,#6162));
#2113=EDGE_LOOP('',(#6163,#6164,#6165,#6166));
#2114=EDGE_LOOP('',(#6167,#6168,#6169,#6170));
#2115=EDGE_LOOP('',(#6171,#6172,#6173,#6174));
#2116=EDGE_LOOP('',(#6175,#6176,#6177,#6178));
#2117=EDGE_LOOP('',(#6179,#6180,#6181,#6182));
#2118=EDGE_LOOP('',(#6183,#6184,#6185,#6186));
#2119=EDGE_LOOP('',(#6187,#6188,#6189,#6190));
#2120=EDGE_LOOP('',(#6191,#6192,#6193,#6194));
#2121=EDGE_LOOP('',(#6195,#6196,#6197,#6198));
#2122=EDGE_LOOP('',(#6199,#6200,#6201,#6202));
#2123=EDGE_LOOP('',(#6203,#6204,#6205,#6206));
#2124=EDGE_LOOP('',(#6207,#6208,#6209,#6210));
#2125=EDGE_LOOP('',(#6211,#6212,#6213,#6214));
#2126=EDGE_LOOP('',(#6215,#6216,#6217,#6218));
#2127=EDGE_LOOP('',(#6219,#6220,#6221,#6222));
#2128=EDGE_LOOP('',(#6223,#6224,#6225,#6226));
#2129=EDGE_LOOP('',(#6227,#6228,#6229,#6230));
#2130=EDGE_LOOP('',(#6231,#6232,#6233,#6234));
#2131=EDGE_LOOP('',(#6235,#6236,#6237,#6238));
#2132=EDGE_LOOP('',(#6239,#6240,#6241,#6242));
#2133=EDGE_LOOP('',(#6243,#6244,#6245,#6246));
#2134=EDGE_LOOP('',(#6247,#6248,#6249,#6250));
#2135=EDGE_LOOP('',(#6251,#6252,#6253,#6254));
#2136=EDGE_LOOP('',(#6255,#6256,#6257,#6258));
#2137=EDGE_LOOP('',(#6259,#6260,#6261,#6262));
#2138=EDGE_LOOP('',(#6263,#6264,#6265,#6266));
#2139=EDGE_LOOP('',(#6267,#6268,#6269,#6270));
#2140=EDGE_LOOP('',(#6271,#6272,#6273,#6274));
#2141=EDGE_LOOP('',(#6275,#6276,#6277,#6278));
#2142=EDGE_LOOP('',(#6279,#6280,#6281,#6282));
#2143=EDGE_LOOP('',(#6283,#6284,#6285,#6286));
#2144=EDGE_LOOP('',(#6287,#6288,#6289,#6290));
#2145=EDGE_LOOP('',(#6291,#6292,#6293,#6294));
#2146=EDGE_LOOP('',(#6295,#6296,#6297,#6298));
#2147=EDGE_LOOP('',(#6299,#6300,#6301,#6302));
#2148=EDGE_LOOP('',(#6303,#6304,#6305,#6306));
#2149=EDGE_LOOP('',(#6307,#6308,#6309,#6310));
#2150=EDGE_LOOP('',(#6311,#6312,#6313,#6314));
#2151=EDGE_LOOP('',(#6315,#6316,#6317,#6318));
#2152=EDGE_LOOP('',(#6319,#6320,#6321,#6322));
#2153=EDGE_LOOP('',(#6323,#6324,#6325,#6326));
#2154=EDGE_LOOP('',(#6327,#6328,#6329,#6330));
#2155=EDGE_LOOP('',(#6331,#6332,#6333,#6334));
#2156=EDGE_LOOP('',(#6335,#6336,#6337,#6338));
#2157=EDGE_LOOP('',(#6339,#6340,#6341,#6342));
#2158=EDGE_LOOP('',(#6343,#6344,#6345,#6346));
#2159=EDGE_LOOP('',(#6347,#6348,#6349,#6350));
#2160=EDGE_LOOP('',(#6351,#6352,#6353,#6354));
#2161=EDGE_LOOP('',(#6355,#6356,#6357,#6358));
#2162=EDGE_LOOP('',(#6359,#6360,#6361,#6362));
#2163=EDGE_LOOP('',(#6363,#6364,#6365,#6366));
#2164=EDGE_LOOP('',(#6367,#6368,#6369,#6370));
#2165=EDGE_LOOP('',(#6371,#6372,#6373,#6374));
#2166=EDGE_LOOP('',(#6375,#6376,#6377,#6378));
#2167=EDGE_LOOP('',(#6379,#6380,#6381,#6382));
#2168=LINE('',#9248,#2547);
#2169=LINE('',#9272,#2548);
#2170=LINE('',#9279,#2549);
#2171=LINE('',#9297,#2550);
#2172=LINE('',#9320,#2551);
#2173=LINE('',#9343,#2552);
#2174=LINE('',#9366,#2553);
#2175=LINE('',#9389,#2554);
#2176=LINE('',#9397,#2555);
#2177=LINE('',#9399,#2556);
#2178=LINE('',#9400,#2557);
#2179=LINE('',#9418,#2558);
#2180=LINE('',#9469,#2559);
#2181=LINE('',#9492,#2560);
#2182=LINE('',#9515,#2561);
#2183=LINE('',#9538,#2562);
#2184=LINE('',#9561,#2563);
#2185=LINE('',#9569,#2564);
#2186=LINE('',#9571,#2565);
#2187=LINE('',#9572,#2566);
#2188=LINE('',#9610,#2567);
#2189=LINE('',#9660,#2568);
#2190=LINE('',#9662,#2569);
#2191=LINE('',#9688,#2570);
#2192=LINE('',#9690,#2571);
#2193=LINE('',#9692,#2572);
#2194=LINE('',#9694,#2573);
#2195=LINE('',#9696,#2574);
#2196=LINE('',#9710,#2575);
#2197=LINE('',#9730,#2576);
#2198=LINE('',#9732,#2577);
#2199=LINE('',#9734,#2578);
#2200=LINE('',#9766,#2579);
#2201=LINE('',#9768,#2580);
#2202=LINE('',#9770,#2581);
#2203=LINE('',#9790,#2582);
#2204=LINE('',#9792,#2583);
#2205=LINE('',#9794,#2584);
#2206=LINE('',#9796,#2585);
#2207=LINE('',#9816,#2586);
#2208=LINE('',#9818,#2587);
#2209=LINE('',#9820,#2588);
#2210=LINE('',#9821,#2589);
#2211=LINE('',#9824,#2590);
#2212=LINE('',#9826,#2591);
#2213=LINE('',#9839,#2592);
#2214=LINE('',#9842,#2593);
#2215=LINE('',#9844,#2594);
#2216=LINE('',#9869,#2595);
#2217=LINE('',#9872,#2596);
#2218=LINE('',#9874,#2597);
#2219=LINE('',#9875,#2598);
#2220=LINE('',#9879,#2599);
#2221=LINE('',#9880,#2600);
#2222=LINE('',#9881,#2601);
#2223=LINE('',#9898,#2602);
#2224=LINE('',#9915,#2603);
#2225=LINE('',#9932,#2604);
#2226=LINE('',#9949,#2605);
#2227=LINE('',#9952,#2606);
#2228=LINE('',#9953,#2607);
#2229=LINE('',#9955,#2608);
#2230=LINE('',#9959,#2609);
#2231=LINE('',#9960,#2610);
#2232=LINE('',#9961,#2611);
#2233=LINE('',#9978,#2612);
#2234=LINE('',#9995,#2613);
#2235=LINE('',#9998,#2614);
#2236=LINE('',#9999,#2615);
#2237=LINE('',#10001,#2616);
#2238=LINE('',#10018,#2617);
#2239=LINE('',#10035,#2618);
#2240=LINE('',#10052,#2619);
#2241=LINE('',#10069,#2620);
#2242=LINE('',#10086,#2621);
#2243=LINE('',#10103,#2622);
#2244=LINE('',#10121,#2623);
#2245=LINE('',#10123,#2624);
#2246=LINE('',#10124,#2625);
#2247=LINE('',#10127,#2626);
#2248=LINE('',#10128,#2627);
#2249=LINE('',#10130,#2628);
#2250=LINE('',#10140,#2629);
#2251=LINE('',#10141,#2630);
#2252=LINE('',#10145,#2631);
#2253=LINE('',#10146,#2632);
#2254=LINE('',#10147,#2633);
#2255=LINE('',#10164,#2634);
#2256=LINE('',#10181,#2635);
#2257=LINE('',#10190,#2636);
#2258=LINE('',#10193,#2637);
#2259=LINE('',#10194,#2638);
#2260=LINE('',#10197,#2639);
#2261=LINE('',#10198,#2640);
#2262=LINE('',#10201,#2641);
#2263=LINE('',#10202,#2642);
#2264=LINE('',#10219,#2643);
#2265=LINE('',#10236,#2644);
#2266=LINE('',#10253,#2645);
#2267=LINE('',#10255,#2646);
#2268=LINE('',#10258,#2647);
#2269=LINE('',#10259,#2648);
#2270=LINE('',#10276,#2649);
#2271=LINE('',#10293,#2650);
#2272=LINE('',#10310,#2651);
#2273=LINE('',#10327,#2652);
#2274=LINE('',#10330,#2653);
#2275=LINE('',#10331,#2654);
#2276=LINE('',#10334,#2655);
#2277=LINE('',#10335,#2656);
#2278=LINE('',#10338,#2657);
#2279=LINE('',#10339,#2658);
#2280=LINE('',#10341,#2659);
#2281=LINE('',#10358,#2660);
#2282=LINE('',#10362,#2661);
#2283=LINE('',#10363,#2662);
#2284=LINE('',#10364,#2663);
#2285=LINE('',#10381,#2664);
#2286=LINE('',#10398,#2665);
#2287=LINE('',#10415,#2666);
#2288=LINE('',#10432,#2667);
#2289=LINE('',#10449,#2668);
#2290=LINE('',#10452,#2669);
#2291=LINE('',#10453,#2670);
#2292=LINE('',#10456,#2671);
#2293=LINE('',#10457,#2672);
#2294=LINE('',#10460,#2673);
#2295=LINE('',#10461,#2674);
#2296=LINE('',#10478,#2675);
#2297=LINE('',#10495,#2676);
#2298=LINE('',#10527,#2677);
#2299=LINE('',#10544,#2678);
#2300=LINE('',#10547,#2679);
#2301=LINE('',#10548,#2680);
#2302=LINE('',#10550,#2681);
#2303=LINE('',#10554,#2682);
#2304=LINE('',#10558,#2683);
#2305=LINE('',#10562,#2684);
#2306=LINE('',#10566,#2685);
#2307=LINE('',#10570,#2686);
#2308=LINE('',#10574,#2687);
#2309=LINE('',#10578,#2688);
#2310=LINE('',#10582,#2689);
#2311=LINE('',#10586,#2690);
#2312=LINE('',#11008,#2691);
#2313=LINE('',#11009,#2692);
#2314=LINE('',#11010,#2693);
#2315=LINE('',#11014,#2694);
#2316=LINE('',#11017,#2695);
#2317=LINE('',#11018,#2696);
#2318=LINE('',#11023,#2697);
#2319=LINE('',#11027,#2698);
#2320=LINE('',#11031,#2699);
#2321=LINE('',#11035,#2700);
#2322=LINE('',#11039,#2701);
#2323=LINE('',#11043,#2702);
#2324=LINE('',#11047,#2703);
#2325=LINE('',#11466,#2704);
#2326=LINE('',#11468,#2705);
#2327=LINE('',#11469,#2706);
#2328=LINE('',#11473,#2707);
#2329=LINE('',#11475,#2708);
#2330=LINE('',#11477,#2709);
#2331=LINE('',#11479,#2710);
#2332=LINE('',#11480,#2711);
#2333=LINE('',#11482,#2712);
#2334=LINE('',#11484,#2713);
#2335=LINE('',#11486,#2714);
#2336=LINE('',#11487,#2715);
#2337=LINE('',#11490,#2716);
#2338=LINE('',#11491,#2717);
#2339=LINE('',#11494,#2718);
#2340=LINE('',#11496,#2719);
#2341=LINE('',#11498,#2720);
#2342=LINE('',#11500,#2721);
#2343=LINE('',#11502,#2722);
#2344=LINE('',#11504,#2723);
#2345=LINE('',#11506,#2724);
#2346=LINE('',#11508,#2725);
#2347=LINE('',#11510,#2726);
#2348=LINE('',#11512,#2727);
#2349=LINE('',#11514,#2728);
#2350=LINE('',#11516,#2729);
#2351=LINE('',#11518,#2730);
#2352=LINE('',#11520,#2731);
#2353=LINE('',#11522,#2732);
#2354=LINE('',#11524,#2733);
#2355=LINE('',#11526,#2734);
#2356=LINE('',#11528,#2735);
#2357=LINE('',#11530,#2736);
#2358=LINE('',#11532,#2737);
#2359=LINE('',#11534,#2738);
#2360=LINE('',#11536,#2739);
#2361=LINE('',#11538,#2740);
#2362=LINE('',#11540,#2741);
#2363=LINE('',#11542,#2742);
#2364=LINE('',#11544,#2743);
#2365=LINE('',#11546,#2744);
#2366=LINE('',#11548,#2745);
#2367=LINE('',#11550,#2746);
#2368=LINE('',#11552,#2747);
#2369=LINE('',#11554,#2748);
#2370=LINE('',#11556,#2749);
#2371=LINE('',#11558,#2750);
#2372=LINE('',#11560,#2751);
#2373=LINE('',#11562,#2752);
#2374=LINE('',#11564,#2753);
#2375=LINE('',#11566,#2754);
#2376=LINE('',#11568,#2755);
#2377=LINE('',#11570,#2756);
#2378=LINE('',#11572,#2757);
#2379=LINE('',#11574,#2758);
#2380=LINE('',#11576,#2759);
#2381=LINE('',#11578,#2760);
#2382=LINE('',#11580,#2761);
#2383=LINE('',#11582,#2762);
#2384=LINE('',#11584,#2763);
#2385=LINE('',#11586,#2764);
#2386=LINE('',#11588,#2765);
#2387=LINE('',#11590,#2766);
#2388=LINE('',#11592,#2767);
#2389=LINE('',#11594,#2768);
#2390=LINE('',#11596,#2769);
#2391=LINE('',#11598,#2770);
#2392=LINE('',#11600,#2771);
#2393=LINE('',#11602,#2772);
#2394=LINE('',#11604,#2773);
#2395=LINE('',#11606,#2774);
#2396=LINE('',#11608,#2775);
#2397=LINE('',#11610,#2776);
#2398=LINE('',#11612,#2777);
#2399=LINE('',#11614,#2778);
#2400=LINE('',#11616,#2779);
#2401=LINE('',#11618,#2780);
#2402=LINE('',#11620,#2781);
#2403=LINE('',#11622,#2782);
#2404=LINE('',#11624,#2783);
#2405=LINE('',#11626,#2784);
#2406=LINE('',#11628,#2785);
#2407=LINE('',#11630,#2786);
#2408=LINE('',#11632,#2787);
#2409=LINE('',#11634,#2788);
#2410=LINE('',#11636,#2789);
#2411=LINE('',#11638,#2790);
#2412=LINE('',#11640,#2791);
#2413=LINE('',#11642,#2792);
#2414=LINE('',#11644,#2793);
#2415=LINE('',#11646,#2794);
#2416=LINE('',#11648,#2795);
#2417=LINE('',#11650,#2796);
#2418=LINE('',#11652,#2797);
#2419=LINE('',#11654,#2798);
#2420=LINE('',#11656,#2799);
#2421=LINE('',#11658,#2800);
#2422=LINE('',#11660,#2801);
#2423=LINE('',#11662,#2802);
#2424=LINE('',#11664,#2803);
#2425=LINE('',#11666,#2804);
#2426=LINE('',#11668,#2805);
#2427=LINE('',#11670,#2806);
#2428=LINE('',#11672,#2807);
#2429=LINE('',#11674,#2808);
#2430=LINE('',#11676,#2809);
#2431=LINE('',#11678,#2810);
#2432=LINE('',#11680,#2811);
#2433=LINE('',#11682,#2812);
#2434=LINE('',#11684,#2813);
#2435=LINE('',#11686,#2814);
#2436=LINE('',#11688,#2815);
#2437=LINE('',#11690,#2816);
#2438=LINE('',#11692,#2817);
#2439=LINE('',#11694,#2818);
#2440=LINE('',#11696,#2819);
#2441=LINE('',#11698,#2820);
#2442=LINE('',#11700,#2821);
#2443=LINE('',#11702,#2822);
#2444=LINE('',#11704,#2823);
#2445=LINE('',#11706,#2824);
#2446=LINE('',#11708,#2825);
#2447=LINE('',#11710,#2826);
#2448=LINE('',#11712,#2827);
#2449=LINE('',#11714,#2828);
#2450=LINE('',#11716,#2829);
#2451=LINE('',#11718,#2830);
#2452=LINE('',#11720,#2831);
#2453=LINE('',#11722,#2832);
#2454=LINE('',#11724,#2833);
#2455=LINE('',#11726,#2834);
#2456=LINE('',#11728,#2835);
#2457=LINE('',#11730,#2836);
#2458=LINE('',#11732,#2837);
#2459=LINE('',#11734,#2838);
#2460=LINE('',#11736,#2839);
#2461=LINE('',#11738,#2840);
#2462=LINE('',#11740,#2841);
#2463=LINE('',#11742,#2842);
#2464=LINE('',#11744,#2843);
#2465=LINE('',#11746,#2844);
#2466=LINE('',#11748,#2845);
#2467=LINE('',#11750,#2846);
#2468=LINE('',#11752,#2847);
#2469=LINE('',#11754,#2848);
#2470=LINE('',#11756,#2849);
#2471=LINE('',#11758,#2850);
#2472=LINE('',#11760,#2851);
#2473=LINE('',#11762,#2852);
#2474=LINE('',#11764,#2853);
#2475=LINE('',#11766,#2854);
#2476=LINE('',#11768,#2855);
#2477=LINE('',#11770,#2856);
#2478=LINE('',#11772,#2857);
#2479=LINE('',#11774,#2858);
#2480=LINE('',#11776,#2859);
#2481=LINE('',#11778,#2860);
#2482=LINE('',#11780,#2861);
#2483=LINE('',#11782,#2862);
#2484=LINE('',#11784,#2863);
#2485=LINE('',#11786,#2864);
#2486=LINE('',#11788,#2865);
#2487=LINE('',#11790,#2866);
#2488=LINE('',#11792,#2867);
#2489=LINE('',#11794,#2868);
#2490=LINE('',#11796,#2869);
#2491=LINE('',#11798,#2870);
#2492=LINE('',#11800,#2871);
#2493=LINE('',#11802,#2872);
#2494=LINE('',#11804,#2873);
#2495=LINE('',#11806,#2874);
#2496=LINE('',#11808,#2875);
#2497=LINE('',#11810,#2876);
#2498=LINE('',#11812,#2877);
#2499=LINE('',#11814,#2878);
#2500=LINE('',#11816,#2879);
#2501=LINE('',#11818,#2880);
#2502=LINE('',#11820,#2881);
#2503=LINE('',#11822,#2882);
#2504=LINE('',#11824,#2883);
#2505=LINE('',#11826,#2884);
#2506=LINE('',#11828,#2885);
#2507=LINE('',#11830,#2886);
#2508=LINE('',#11832,#2887);
#2509=LINE('',#11834,#2888);
#2510=LINE('',#11836,#2889);
#2511=LINE('',#11838,#2890);
#2512=LINE('',#11840,#2891);
#2513=LINE('',#11842,#2892);
#2514=LINE('',#11844,#2893);
#2515=LINE('',#11846,#2894);
#2516=LINE('',#11848,#2895);
#2517=LINE('',#11850,#2896);
#2518=LINE('',#11852,#2897);
#2519=LINE('',#11854,#2898);
#2520=LINE('',#11856,#2899);
#2521=LINE('',#11858,#2900);
#2522=LINE('',#11860,#2901);
#2523=LINE('',#11862,#2902);
#2524=LINE('',#11864,#2903);
#2525=LINE('',#11866,#2904);
#2526=LINE('',#11868,#2905);
#2527=LINE('',#11870,#2906);
#2528=LINE('',#11872,#2907);
#2529=LINE('',#11874,#2908);
#2530=LINE('',#11876,#2909);
#2531=LINE('',#11878,#2910);
#2532=LINE('',#11880,#2911);
#2533=LINE('',#11882,#2912);
#2534=LINE('',#11884,#2913);
#2535=LINE('',#11886,#2914);
#2536=LINE('',#11888,#2915);
#2537=LINE('',#11890,#2916);
#2538=LINE('',#11892,#2917);
#2539=LINE('',#11894,#2918);
#2540=LINE('',#11896,#2919);
#2541=LINE('',#11898,#2920);
#2542=LINE('',#11900,#2921);
#2543=LINE('',#11902,#2922);
#2544=LINE('',#11904,#2923);
#2545=LINE('',#11906,#2924);
#2546=LINE('',#11908,#2925);
#2547=VECTOR('',#7453,0.393700787401575);
#2548=VECTOR('',#7454,0.393700787401575);
#2549=VECTOR('',#7455,0.393700787401575);
#2550=VECTOR('',#7456,0.393700787401575);
#2551=VECTOR('',#7457,0.393700787401575);
#2552=VECTOR('',#7458,0.393700787401575);
#2553=VECTOR('',#7459,0.393700787401575);
#2554=VECTOR('',#7460,0.393700787401575);
#2555=VECTOR('',#7463,0.393700787401575);
#2556=VECTOR('',#7464,0.393700787401575);
#2557=VECTOR('',#7465,0.393700787401575);
#2558=VECTOR('',#7466,0.393700787401575);
#2559=VECTOR('',#7467,0.393700787401575);
#2560=VECTOR('',#7468,0.393700787401575);
#2561=VECTOR('',#7469,0.393700787401575);
#2562=VECTOR('',#7470,0.393700787401575);
#2563=VECTOR('',#7471,0.393700787401575);
#2564=VECTOR('',#7474,0.393700787401575);
#2565=VECTOR('',#7475,0.393700787401575);
#2566=VECTOR('',#7476,0.393700787401575);
#2567=VECTOR('',#7477,0.393700787401575);
#2568=VECTOR('',#7480,0.393700787401575);
#2569=VECTOR('',#7481,0.393700787401575);
#2570=VECTOR('',#7482,0.393700787401575);
#2571=VECTOR('',#7483,0.393700787401575);
#2572=VECTOR('',#7484,0.393700787401575);
#2573=VECTOR('',#7485,0.393700787401575);
#2574=VECTOR('',#7486,0.393700787401575);
#2575=VECTOR('',#7487,0.393700787401575);
#2576=VECTOR('',#7488,0.393700787401575);
#2577=VECTOR('',#7489,0.393700787401575);
#2578=VECTOR('',#7490,0.393700787401575);
#2579=VECTOR('',#7491,0.393700787401575);
#2580=VECTOR('',#7492,0.393700787401575);
#2581=VECTOR('',#7493,0.393700787401575);
#2582=VECTOR('',#7494,0.393700787401575);
#2583=VECTOR('',#7495,0.393700787401575);
#2584=VECTOR('',#7496,0.393700787401575);
#2585=VECTOR('',#7497,0.393700787401575);
#2586=VECTOR('',#7498,0.393700787401575);
#2587=VECTOR('',#7499,0.393700787401575);
#2588=VECTOR('',#7500,0.393700787401575);
#2589=VECTOR('',#7501,0.393700787401575);
#2590=VECTOR('',#7502,0.393700787401575);
#2591=VECTOR('',#7503,0.393700787401575);
#2592=VECTOR('',#7504,0.393700787401575);
#2593=VECTOR('',#7505,0.393700787401575);
#2594=VECTOR('',#7506,0.393700787401575);
#2595=VECTOR('',#7507,0.393700787401575);
#2596=VECTOR('',#7510,0.393700787401575);
#2597=VECTOR('',#7511,0.393700787401575);
#2598=VECTOR('',#7512,0.393700787401575);
#2599=VECTOR('',#7515,0.393700787401575);
#2600=VECTOR('',#7516,0.393700787401575);
#2601=VECTOR('',#7517,0.393700787401575);
#2602=VECTOR('',#7518,0.393700787401575);
#2603=VECTOR('',#7519,0.393700787401575);
#2604=VECTOR('',#7520,0.393700787401575);
#2605=VECTOR('',#7521,0.393700787401575);
#2606=VECTOR('',#7524,0.393700787401575);
#2607=VECTOR('',#7525,0.393700787401575);
#2608=VECTOR('',#7528,0.393700787401575);
#2609=VECTOR('',#7531,0.393700787401575);
#2610=VECTOR('',#7532,0.393700787401575);
#2611=VECTOR('',#7533,0.393700787401575);
#2612=VECTOR('',#7534,0.393700787401575);
#2613=VECTOR('',#7535,0.393700787401575);
#2614=VECTOR('',#7538,0.393700787401575);
#2615=VECTOR('',#7539,0.393700787401575);
#2616=VECTOR('',#7542,0.393700787401575);
#2617=VECTOR('',#7543,0.393700787401575);
#2618=VECTOR('',#7544,0.393700787401575);
#2619=VECTOR('',#7545,0.393700787401575);
#2620=VECTOR('',#7546,0.393700787401575);
#2621=VECTOR('',#7547,0.393700787401575);
#2622=VECTOR('',#7548,0.393700787401575);
#2623=VECTOR('',#7551,0.393700787401575);
#2624=VECTOR('',#7552,0.393700787401575);
#2625=VECTOR('',#7553,0.393700787401575);
#2626=VECTOR('',#7556,0.393700787401575);
#2627=VECTOR('',#7557,0.393700787401575);
#2628=VECTOR('',#7560,0.393700787401575);
#2629=VECTOR('',#7563,0.393700787401575);
#2630=VECTOR('',#7564,0.393700787401575);
#2631=VECTOR('',#7567,0.393700787401575);
#2632=VECTOR('',#7568,0.393700787401575);
#2633=VECTOR('',#7569,0.393700787401575);
#2634=VECTOR('',#7570,0.393700787401575);
#2635=VECTOR('',#7571,0.393700787401575);
#2636=VECTOR('',#7574,0.393700787401575);
#2637=VECTOR('',#7577,0.393700787401575);
#2638=VECTOR('',#7578,0.393700787401575);
#2639=VECTOR('',#7581,0.393700787401575);
#2640=VECTOR('',#7582,0.393700787401575);
#2641=VECTOR('',#7585,0.393700787401575);
#2642=VECTOR('',#7586,0.393700787401575);
#2643=VECTOR('',#7587,0.393700787401575);
#2644=VECTOR('',#7588,0.393700787401575);
#2645=VECTOR('',#7589,0.393700787401575);
#2646=VECTOR('',#7592,0.393700787401575);
#2647=VECTOR('',#7595,0.393700787401575);
#2648=VECTOR('',#7596,0.393700787401575);
#2649=VECTOR('',#7597,0.393700787401575);
#2650=VECTOR('',#7598,0.393700787401575);
#2651=VECTOR('',#7599,0.393700787401575);
#2652=VECTOR('',#7600,0.393700787401575);
#2653=VECTOR('',#7603,0.393700787401575);
#2654=VECTOR('',#7604,0.393700787401575);
#2655=VECTOR('',#7607,0.393700787401575);
#2656=VECTOR('',#7608,0.393700787401575);
#2657=VECTOR('',#7611,0.393700787401575);
#2658=VECTOR('',#7612,0.393700787401575);
#2659=VECTOR('',#7615,0.393700787401575);
#2660=VECTOR('',#7616,0.393700787401575);
#2661=VECTOR('',#7619,0.393700787401575);
#2662=VECTOR('',#7620,0.393700787401575);
#2663=VECTOR('',#7621,0.393700787401575);
#2664=VECTOR('',#7622,0.393700787401575);
#2665=VECTOR('',#7623,0.393700787401575);
#2666=VECTOR('',#7624,0.393700787401575);
#2667=VECTOR('',#7625,0.393700787401575);
#2668=VECTOR('',#7626,0.393700787401575);
#2669=VECTOR('',#7629,0.393700787401575);
#2670=VECTOR('',#7630,0.393700787401575);
#2671=VECTOR('',#7633,0.393700787401575);
#2672=VECTOR('',#7634,0.393700787401575);
#2673=VECTOR('',#7637,0.393700787401575);
#2674=VECTOR('',#7638,0.393700787401575);
#2675=VECTOR('',#7639,0.393700787401575);
#2676=VECTOR('',#7640,0.393700787401575);
#2677=VECTOR('',#7641,0.393700787401575);
#2678=VECTOR('',#7642,0.393700787401575);
#2679=VECTOR('',#7645,0.393700787401575);
#2680=VECTOR('',#7646,0.393700787401575);
#2681=VECTOR('',#7649,0.393700787401575);
#2682=VECTOR('',#7652,0.393700787401575);
#2683=VECTOR('',#7655,0.393700787401575);
#2684=VECTOR('',#7658,0.393700787401575);
#2685=VECTOR('',#7661,0.393700787401575);
#2686=VECTOR('',#7664,0.393700787401575);
#2687=VECTOR('',#7667,0.393700787401575);
#2688=VECTOR('',#7670,0.393700787401575);
#2689=VECTOR('',#7673,0.393700787401575);
#2690=VECTOR('',#7676,0.393700787401575);
#2691=VECTOR('',#8099,0.393700787401575);
#2692=VECTOR('',#8100,0.393700787401575);
#2693=VECTOR('',#8101,0.393700787401575);
#2694=VECTOR('',#8106,0.393700787401575);
#2695=VECTOR('',#8109,0.393700787401575);
#2696=VECTOR('',#8110,0.393700787401575);
#2697=VECTOR('',#8115,0.393700787401575);
#2698=VECTOR('',#8118,0.393700787401575);
#2699=VECTOR('',#8121,0.393700787401575);
#2700=VECTOR('',#8124,0.393700787401575);
#2701=VECTOR('',#8127,0.393700787401575);
#2702=VECTOR('',#8130,0.393700787401575);
#2703=VECTOR('',#8133,0.393700787401575);
#2704=VECTOR('',#8554,0.393700787401575);
#2705=VECTOR('',#8557,0.393700787401575);
#2706=VECTOR('',#8558,0.393700787401575);
#2707=VECTOR('',#8565,0.393700787401575);
#2708=VECTOR('',#8568,0.393700787401575);
#2709=VECTOR('',#8571,0.393700787401575);
#2710=VECTOR('',#8574,0.393700787401575);
#2711=VECTOR('',#8575,0.393700787401575);
#2712=VECTOR('',#8578,0.393700787401575);
#2713=VECTOR('',#8581,0.393700787401575);
#2714=VECTOR('',#8584,0.393700787401575);
#2715=VECTOR('',#8585,0.393700787401575);
#2716=VECTOR('',#8590,0.393700787401575);
#2717=VECTOR('',#8591,0.393700787401575);
#2718=VECTOR('',#8596,0.068);
#2719=VECTOR('',#8599,0.068);
#2720=VECTOR('',#8602,0.0679999999999993);
#2721=VECTOR('',#8605,0.0680000000000002);
#2722=VECTOR('',#8608,0.0679999999999996);
#2723=VECTOR('',#8611,0.0679999999999993);
#2724=VECTOR('',#8614,0.0680000000000002);
#2725=VECTOR('',#8617,0.0679999999999996);
#2726=VECTOR('',#8620,0.0679999999999993);
#2727=VECTOR('',#8623,0.0680000000000002);
#2728=VECTOR('',#8626,0.0679999999999996);
#2729=VECTOR('',#8629,0.0679999999999993);
#2730=VECTOR('',#8632,0.0680000000000002);
#2731=VECTOR('',#8635,0.0679999999999996);
#2732=VECTOR('',#8638,0.0679999999999993);
#2733=VECTOR('',#8641,0.0680000000000002);
#2734=VECTOR('',#8644,0.0679999999999996);
#2735=VECTOR('',#8647,0.0679999999999993);
#2736=VECTOR('',#8650,0.0680000000000002);
#2737=VECTOR('',#8653,0.0679999999999996);
#2738=VECTOR('',#8656,0.0679999999999993);
#2739=VECTOR('',#8659,0.0680000000000002);
#2740=VECTOR('',#8662,0.0679999999999996);
#2741=VECTOR('',#8665,0.0679999999999993);
#2742=VECTOR('',#8668,0.0680000000000002);
#2743=VECTOR('',#8671,0.0679999999999996);
#2744=VECTOR('',#8674,0.0679999999999993);
#2745=VECTOR('',#8677,0.0680000000000002);
#2746=VECTOR('',#8680,0.0679999999999996);
#2747=VECTOR('',#8683,0.0679999999999993);
#2748=VECTOR('',#8686,0.0680000000000002);
#2749=VECTOR('',#8689,0.0679999999999996);
#2750=VECTOR('',#8692,0.0679999999999993);
#2751=VECTOR('',#8695,0.0680000000000002);
#2752=VECTOR('',#8698,0.0679999999999996);
#2753=VECTOR('',#8701,0.0679999999999993);
#2754=VECTOR('',#8704,0.0680000000000002);
#2755=VECTOR('',#8707,0.0679999999999996);
#2756=VECTOR('',#8710,0.0679999999999993);
#2757=VECTOR('',#8713,0.0680000000000002);
#2758=VECTOR('',#8716,0.0679999999999996);
#2759=VECTOR('',#8719,0.0679999999999993);
#2760=VECTOR('',#8722,0.0680000000000002);
#2761=VECTOR('',#8725,0.0679999999999996);
#2762=VECTOR('',#8728,0.0679999999999993);
#2763=VECTOR('',#8731,0.0680000000000002);
#2764=VECTOR('',#8734,0.0679999999999996);
#2765=VECTOR('',#8737,0.0679999999999993);
#2766=VECTOR('',#8740,0.0680000000000002);
#2767=VECTOR('',#8743,0.0679999999999996);
#2768=VECTOR('',#8746,0.0679999999999993);
#2769=VECTOR('',#8749,0.0680000000000002);
#2770=VECTOR('',#8752,0.0679999999999996);
#2771=VECTOR('',#8755,0.0679999999999993);
#2772=VECTOR('',#8758,0.0680000000000002);
#2773=VECTOR('',#8761,0.0679999999999996);
#2774=VECTOR('',#8764,0.0679999999999993);
#2775=VECTOR('',#8767,0.0680000000000002);
#2776=VECTOR('',#8770,0.0679999999999996);
#2777=VECTOR('',#8773,0.0679999999999993);
#2778=VECTOR('',#8776,0.0680000000000002);
#2779=VECTOR('',#8779,0.0679999999999996);
#2780=VECTOR('',#8782,0.0679999999999993);
#2781=VECTOR('',#8785,0.0680000000000002);
#2782=VECTOR('',#8788,0.0679999999999996);
#2783=VECTOR('',#8791,0.0679999999999993);
#2784=VECTOR('',#8794,0.0680000000000002);
#2785=VECTOR('',#8797,0.0679999999999996);
#2786=VECTOR('',#8800,0.0679999999999993);
#2787=VECTOR('',#8803,0.0680000000000002);
#2788=VECTOR('',#8806,0.0679999999999996);
#2789=VECTOR('',#8809,0.0679999999999993);
#2790=VECTOR('',#8812,0.0680000000000002);
#2791=VECTOR('',#8815,0.0679999999999996);
#2792=VECTOR('',#8818,0.0679999999999993);
#2793=VECTOR('',#8821,0.0680000000000002);
#2794=VECTOR('',#8824,0.0679999999999996);
#2795=VECTOR('',#8827,0.0679999999999993);
#2796=VECTOR('',#8830,0.0680000000000002);
#2797=VECTOR('',#8833,0.0679999999999996);
#2798=VECTOR('',#8836,0.0679999999999993);
#2799=VECTOR('',#8839,0.0680000000000002);
#2800=VECTOR('',#8842,0.0679999999999996);
#2801=VECTOR('',#8845,0.0679999999999993);
#2802=VECTOR('',#8848,0.0680000000000002);
#2803=VECTOR('',#8851,0.0679999999999996);
#2804=VECTOR('',#8854,0.0679999999999993);
#2805=VECTOR('',#8857,0.0680000000000002);
#2806=VECTOR('',#8860,0.0679999999999996);
#2807=VECTOR('',#8863,0.0679999999999993);
#2808=VECTOR('',#8866,0.0680000000000002);
#2809=VECTOR('',#8869,0.0679999999999996);
#2810=VECTOR('',#8872,0.0679999999999993);
#2811=VECTOR('',#8875,0.0680000000000002);
#2812=VECTOR('',#8878,0.0679999999999996);
#2813=VECTOR('',#8881,0.0679999999999993);
#2814=VECTOR('',#8884,0.0680000000000002);
#2815=VECTOR('',#8887,0.0679999999999996);
#2816=VECTOR('',#8890,0.0679999999999993);
#2817=VECTOR('',#8893,0.0680000000000002);
#2818=VECTOR('',#8896,0.0679999999999996);
#2819=VECTOR('',#8899,0.0679999999999993);
#2820=VECTOR('',#8902,0.0680000000000002);
#2821=VECTOR('',#8905,0.0679999999999996);
#2822=VECTOR('',#8908,0.068);
#2823=VECTOR('',#8911,0.068);
#2824=VECTOR('',#8914,0.0680000000000007);
#2825=VECTOR('',#8917,0.068);
#2826=VECTOR('',#8920,0.0680000000000007);
#2827=VECTOR('',#8923,0.068);
#2828=VECTOR('',#8926,0.0680000000000007);
#2829=VECTOR('',#8929,0.068);
#2830=VECTOR('',#8932,0.0680000000000007);
#2831=VECTOR('',#8935,0.068);
#2832=VECTOR('',#8938,0.0680000000000007);
#2833=VECTOR('',#8941,0.068);
#2834=VECTOR('',#8944,0.0680000000000007);
#2835=VECTOR('',#8947,0.068);
#2836=VECTOR('',#8950,0.0680000000000007);
#2837=VECTOR('',#8953,0.068);
#2838=VECTOR('',#8956,0.0680000000000007);
#2839=VECTOR('',#8959,0.068);
#2840=VECTOR('',#8962,0.0680000000000007);
#2841=VECTOR('',#8965,0.068);
#2842=VECTOR('',#8968,0.0680000000000007);
#2843=VECTOR('',#8971,0.068);
#2844=VECTOR('',#8974,0.0680000000000007);
#2845=VECTOR('',#8977,0.068);
#2846=VECTOR('',#8980,0.0680000000000007);
#2847=VECTOR('',#8983,0.068);
#2848=VECTOR('',#8986,0.0680000000000007);
#2849=VECTOR('',#8989,0.068);
#2850=VECTOR('',#8992,0.0680000000000007);
#2851=VECTOR('',#8995,0.068);
#2852=VECTOR('',#8998,0.0680000000000007);
#2853=VECTOR('',#9001,0.068);
#2854=VECTOR('',#9004,0.0680000000000007);
#2855=VECTOR('',#9007,0.068);
#2856=VECTOR('',#9010,0.0680000000000007);
#2857=VECTOR('',#9013,0.068);
#2858=VECTOR('',#9016,0.0680000000000007);
#2859=VECTOR('',#9019,0.068);
#2860=VECTOR('',#9022,0.0680000000000007);
#2861=VECTOR('',#9025,0.068);
#2862=VECTOR('',#9028,0.0680000000000007);
#2863=VECTOR('',#9031,0.068);
#2864=VECTOR('',#9034,0.0680000000000007);
#2865=VECTOR('',#9037,0.068);
#2866=VECTOR('',#9040,0.0680000000000007);
#2867=VECTOR('',#9043,0.068);
#2868=VECTOR('',#9046,0.0680000000000007);
#2869=VECTOR('',#9049,0.068);
#2870=VECTOR('',#9052,0.0680000000000007);
#2871=VECTOR('',#9055,0.068);
#2872=VECTOR('',#9058,0.0680000000000007);
#2873=VECTOR('',#9061,0.068);
#2874=VECTOR('',#9064,0.0680000000000007);
#2875=VECTOR('',#9067,0.068);
#2876=VECTOR('',#9070,0.0680000000000007);
#2877=VECTOR('',#9073,0.068);
#2878=VECTOR('',#9076,0.0680000000000007);
#2879=VECTOR('',#9079,0.068);
#2880=VECTOR('',#9082,0.0680000000000007);
#2881=VECTOR('',#9085,0.068);
#2882=VECTOR('',#9088,0.0680000000000007);
#2883=VECTOR('',#9091,0.068);
#2884=VECTOR('',#9094,0.0680000000000007);
#2885=VECTOR('',#9097,0.068);
#2886=VECTOR('',#9100,0.0680000000000007);
#2887=VECTOR('',#9103,0.068);
#2888=VECTOR('',#9106,0.0680000000000007);
#2889=VECTOR('',#9109,0.068);
#2890=VECTOR('',#9112,0.0680000000000007);
#2891=VECTOR('',#9115,0.0679999999999993);
#2892=VECTOR('',#9118,0.0679999999999993);
#2893=VECTOR('',#9121,0.0679999999999993);
#2894=VECTOR('',#9124,0.0679999999999993);
#2895=VECTOR('',#9127,0.0679999999999993);
#2896=VECTOR('',#9130,0.0679999999999993);
#2897=VECTOR('',#9133,0.0679999999999993);
#2898=VECTOR('',#9136,0.0679999999999993);
#2899=VECTOR('',#9139,0.0679999999999993);
#2900=VECTOR('',#9142,0.0679999999999993);
#2901=VECTOR('',#9145,0.0679999999999993);
#2902=VECTOR('',#9148,0.0679999999999993);
#2903=VECTOR('',#9151,0.0679999999999993);
#2904=VECTOR('',#9154,0.0679999999999993);
#2905=VECTOR('',#9157,0.0679999999999993);
#2906=VECTOR('',#9160,0.0679999999999993);
#2907=VECTOR('',#9163,0.0679999999999993);
#2908=VECTOR('',#9166,0.0679999999999993);
#2909=VECTOR('',#9169,0.0679999999999993);
#2910=VECTOR('',#9172,0.0679999999999993);
#2911=VECTOR('',#9175,0.0679999999999993);
#2912=VECTOR('',#9178,0.0679999999999993);
#2913=VECTOR('',#9181,0.0679999999999993);
#2914=VECTOR('',#9184,0.0679999999999993);
#2915=VECTOR('',#9187,0.0679999999999993);
#2916=VECTOR('',#9190,0.0679999999999993);
#2917=VECTOR('',#9193,0.0679999999999993);
#2918=VECTOR('',#9196,0.0679999999999993);
#2919=VECTOR('',#9199,0.0679999999999993);
#2920=VECTOR('',#9202,0.0679999999999993);
#2921=VECTOR('',#9205,0.0679999999999993);
#2922=VECTOR('',#9208,0.0679999999999993);
#2923=VECTOR('',#9211,0.0679999999999993);
#2924=VECTOR('',#9214,0.0679999999999993);
#2925=VECTOR('',#9217,0.0679999999999993);
#2926=B_SPLINE_CURVE_WITH_KNOTS('',3,(#9235,#9236,#9237,#9238,#9239,#9240),
 .UNSPECIFIED.,.F.,.F.,(4,2,4),(0.,0.03175,0.0635),.UNSPECIFIED.);
#2927=B_SPLINE_CURVE_WITH_KNOTS('',3,(#9242,#9243,#9244,#9245,#9246),
 .UNSPECIFIED.,.F.,.F.,(4,1,4),(0.,1.00296708207774,1.30064006622488),
 .UNSPECIFIED.);
#2928=B_SPLINE_CURVE_WITH_KNOTS('',3,(#9249,#9250,#9251,#9252,#9253),
 .UNSPECIFIED.,.F.,.F.,(4,1,4),(0.,1.00296708207774,1.30064006622488),
 .UNSPECIFIED.);
#2929=B_SPLINE_CURVE_WITH_KNOTS('',3,(#9266,#9267,#9268,#9269,#9270),
 .UNSPECIFIED.,.F.,.F.,(4,1,4),(0.,0.259874090046602,0.505974631846347),
 .UNSPECIFIED.);
#2930=B_SPLINE_CURVE_WITH_KNOTS('',3,(#9274,#9275,#9276,#9277,#9278),
 .UNSPECIFIED.,.F.,.F.,(4,1,4),(0.,0.259874090046602,0.505974631846347),
 .UNSPECIFIED.);
#2931=B_SPLINE_CURVE_WITH_KNOTS('',3,(#9291,#9292,#9293,#9294,#9295),
 .UNSPECIFIED.,.F.,.F.,(4,1,4),(0.,0.567833032550711,1.03443864064612),
 .UNSPECIFIED.);
#2932=B_SPLINE_CURVE_WITH_KNOTS('',3,(#9298,#9299,#9300,#9301,#9302),
 .UNSPECIFIED.,.F.,.F.,(4,1,4),(0.,0.567833032550711,1.03443864064612),
 .UNSPECIFIED.);
#2933=B_SPLINE_CURVE_WITH_KNOTS('',3,(#9314,#9315,#9316,#9317,#9318),
 .UNSPECIFIED.,.F.,.F.,(4,1,4),(0.,0.71617108499886,1.25218084142006),
 .UNSPECIFIED.);
#2934=B_SPLINE_CURVE_WITH_KNOTS('',3,(#9321,#9322,#9323,#9324,#9325),
 .UNSPECIFIED.,.F.,.F.,(4,1,4),(0.,0.71617108499886,1.25218084142006),
 .UNSPECIFIED.);
#2935=B_SPLINE_CURVE_WITH_KNOTS('',3,(#9337,#9338,#9339,#9340,#9341),
 .UNSPECIFIED.,.F.,.F.,(4,1,4),(0.,0.48741485043301,1.13843760497018),
 .UNSPECIFIED.);
#2936=B_SPLINE_CURVE_WITH_KNOTS('',3,(#9344,#9345,#9346,#9347,#9348),
 .UNSPECIFIED.,.F.,.F.,(4,1,4),(0.,0.48741485043301,1.13843760497018),
 .UNSPECIFIED.);
#2937=B_SPLINE_CURVE_WITH_KNOTS('',3,(#9360,#9361,#9362,#9363,#9364),
 .UNSPECIFIED.,.F.,.F.,(4,1,4),(0.,0.237594045621905,0.505653848821779),
 .UNSPECIFIED.);
#2938=B_SPLINE_CURVE_WITH_KNOTS('',3,(#9367,#9368,#9369,#9370,#9371),
 .UNSPECIFIED.,.F.,.F.,(4,1,4),(0.,0.237594045621905,0.505653848821779),
 .UNSPECIFIED.);
#2939=B_SPLINE_CURVE_WITH_KNOTS('',3,(#9383,#9384,#9385,#9386,#9387),
 .UNSPECIFIED.,.F.,.F.,(4,1,4),(0.,0.385619593488526,0.67506170560566),
 .UNSPECIFIED.);
#2940=B_SPLINE_CURVE_WITH_KNOTS('',3,(#9390,#9391,#9392,#9393,#9394),
 .UNSPECIFIED.,.F.,.F.,(4,1,4),(0.,0.385619593488526,0.67506170560566),
 .UNSPECIFIED.);
#2941=B_SPLINE_CURVE_WITH_KNOTS('',3,(#9412,#9413,#9414,#9415,#9416),
 .UNSPECIFIED.,.F.,.F.,(4,1,4),(0.,0.707630018224226,1.47523631684446),
 .UNSPECIFIED.);
#2942=B_SPLINE_CURVE_WITH_KNOTS('',3,(#9419,#9420,#9421,#9422,#9423),
 .UNSPECIFIED.,.F.,.F.,(4,1,4),(0.,0.707630018224226,1.47523631684446),
 .UNSPECIFIED.);
#2943=B_SPLINE_CURVE_WITH_KNOTS('',3,(#9436,#9437,#9438,#9439,#9440,#9441),
 .UNSPECIFIED.,.F.,.F.,(4,2,4),(-0.0635,-0.03175,0.),.UNSPECIFIED.);
#2944=B_SPLINE_CURVE_WITH_KNOTS('',3,(#9442,#9443,#9444,#9445,#9446),
 .UNSPECIFIED.,.F.,.F.,(4,1,4),(0.584438151020193,0.762160408272402,1.46805166834049),
 .UNSPECIFIED.);
#2945=B_SPLINE_CURVE_WITH_KNOTS('',3,(#9447,#9448,#9449,#9450,#9451),
 .UNSPECIFIED.,.F.,.F.,(4,1,4),(0.584438151020189,0.762160408272402,1.46805166834049),
 .UNSPECIFIED.);
#2946=B_SPLINE_CURVE_WITH_KNOTS('',3,(#9463,#9464,#9465,#9466,#9467),
 .UNSPECIFIED.,.F.,.F.,(4,1,4),(0.,1.05201089647896,2.08771045413424),
 .UNSPECIFIED.);
#2947=B_SPLINE_CURVE_WITH_KNOTS('',3,(#9470,#9471,#9472,#9473,#9474),
 .UNSPECIFIED.,.F.,.F.,(4,1,4),(0.,1.05201089647896,2.08771045413424),
 .UNSPECIFIED.);
#2948=B_SPLINE_CURVE_WITH_KNOTS('',3,(#9486,#9487,#9488,#9489,#9490),
 .UNSPECIFIED.,.F.,.F.,(4,1,4),(0.,0.80065786047363,1.67984593351066),
 .UNSPECIFIED.);
#2949=B_SPLINE_CURVE_WITH_KNOTS('',3,(#9493,#9494,#9495,#9496,#9497),
 .UNSPECIFIED.,.F.,.F.,(4,1,4),(0.,0.80065786047363,1.67984593351066),
 .UNSPECIFIED.);
#2950=B_SPLINE_CURVE_WITH_KNOTS('',3,(#9509,#9510,#9511,#9512,#9513),
 .UNSPECIFIED.,.F.,.F.,(4,1,4),(0.,0.818922521070838,1.58941590088937),
 .UNSPECIFIED.);
#2951=B_SPLINE_CURVE_WITH_KNOTS('',3,(#9516,#9517,#9518,#9519,#9520),
 .UNSPECIFIED.,.F.,.F.,(4,1,4),(0.,0.818922521070838,1.58941590088937),
 .UNSPECIFIED.);
#2952=B_SPLINE_CURVE_WITH_KNOTS('',3,(#9532,#9533,#9534,#9535,#9536),
 .UNSPECIFIED.,.F.,.F.,(4,1,4),(0.,0.71872453204344,1.4847546756517),
 .UNSPECIFIED.);
#2953=B_SPLINE_CURVE_WITH_KNOTS('',3,(#9539,#9540,#9541,#9542,#9543),
 .UNSPECIFIED.,.F.,.F.,(4,1,4),(0.,0.71872453204344,1.4847546756517),
 .UNSPECIFIED.);
#2954=B_SPLINE_CURVE_WITH_KNOTS('',3,(#9555,#9556,#9557,#9558,#9559),
 .UNSPECIFIED.,.F.,.F.,(4,1,4),(0.,0.772808649270766,1.50666284596758),
 .UNSPECIFIED.);
#2955=B_SPLINE_CURVE_WITH_KNOTS('',3,(#9562,#9563,#9564,#9565,#9566),
 .UNSPECIFIED.,.F.,.F.,(4,1,4),(0.,0.772808649270766,1.50666284596758),
 .UNSPECIFIED.);
#2956=B_SPLINE_CURVE_WITH_KNOTS('',3,(#9583,#9584,#9585,#9586,#9587),
 .UNSPECIFIED.,.F.,.F.,(4,1,4),(0.,0.296119231373969,0.687530641078023),
 .UNSPECIFIED.);
#2957=B_SPLINE_CURVE_WITH_KNOTS('',3,(#9588,#9589,#9590,#9591,#9592),
 .UNSPECIFIED.,.F.,.F.,(4,1,4),(0.,0.296119231373969,0.687530641078023),
 .UNSPECIFIED.);
#2958=B_SPLINE_CURVE_WITH_KNOTS('',3,(#9604,#9605,#9606,#9607,#9608),
 .UNSPECIFIED.,.F.,.F.,(4,1,4),(0.,0.589887912315865,0.850205198697516),
 .UNSPECIFIED.);
#2959=B_SPLINE_CURVE_WITH_KNOTS('',3,(#9611,#9612,#9613,#9614,#9615),
 .UNSPECIFIED.,.F.,.F.,(4,1,4),(0.,0.589887912315865,0.850205198697516),
 .UNSPECIFIED.);
#2960=B_SPLINE_CURVE_WITH_KNOTS('',3,(#9618,#9619,#9620,#9621,#9622),
 .UNSPECIFIED.,.F.,.F.,(4,1,4),(0.,0.529109629305882,1.06208932202612),
 .UNSPECIFIED.);
#2961=B_SPLINE_CURVE_WITH_KNOTS('',3,(#9624,#9625,#9626,#9627,#9628),
 .UNSPECIFIED.,.F.,.F.,(4,1,4),(0.,0.710043227231542,1.37884786536175),
 .UNSPECIFIED.);
#2962=B_SPLINE_CURVE_WITH_KNOTS('',3,(#9630,#9631,#9632,#9633,#9634),
 .UNSPECIFIED.,.F.,.F.,(4,1,4),(0.,0.411400365594907,0.856155416607994),
 .UNSPECIFIED.);
#2963=B_SPLINE_CURVE_WITH_KNOTS('',3,(#9636,#9637,#9638,#9639,#9640),
 .UNSPECIFIED.,.F.,.F.,(4,1,4),(0.,0.409259635138128,0.805463459708589),
 .UNSPECIFIED.);
#2964=B_SPLINE_CURVE_WITH_KNOTS('',3,(#9642,#9643,#9644,#9645,#9646),
 .UNSPECIFIED.,.F.,.F.,(4,1,4),(0.,0.365890119148305,0.74283178001565),
 .UNSPECIFIED.);
#2965=B_SPLINE_CURVE_WITH_KNOTS('',3,(#9648,#9649,#9650,#9651,#9652),
 .UNSPECIFIED.,.F.,.F.,(4,1,4),(0.,0.346732012971916,0.704581949318119),
 .UNSPECIFIED.);
#2966=B_SPLINE_CURVE_WITH_KNOTS('',3,(#9654,#9655,#9656,#9657,#9658),
 .UNSPECIFIED.,.F.,.F.,(4,1,4),(0.,0.489050104423309,0.886389723453954),
 .UNSPECIFIED.);
#2967=B_SPLINE_CURVE_WITH_KNOTS('',3,(#9664,#9665,#9666,#9667,#9668),
 .UNSPECIFIED.,.F.,.F.,(4,1,4),(0.,0.45456573800559,0.842425999921268),
 .UNSPECIFIED.);
#2968=B_SPLINE_CURVE_WITH_KNOTS('',3,(#9670,#9671,#9672,#9673,#9674),
 .UNSPECIFIED.,.F.,.F.,(4,1,4),(0.,0.145497439592288,0.350005147028831),
 .UNSPECIFIED.);
#2969=B_SPLINE_CURVE_WITH_KNOTS('',3,(#9676,#9677,#9678,#9679,#9680),
 .UNSPECIFIED.,.F.,.F.,(4,1,4),(0.,0.312507574401999,0.539336992251019),
 .UNSPECIFIED.);
#2970=B_SPLINE_CURVE_WITH_KNOTS('',3,(#9682,#9683,#9684,#9685,#9686),
 .UNSPECIFIED.,.F.,.F.,(4,1,4),(0.,0.406635153242439,0.834274871146701),
 .UNSPECIFIED.);
#2971=B_SPLINE_CURVE_WITH_KNOTS('',3,(#9698,#9699,#9700,#9701,#9702),
 .UNSPECIFIED.,.F.,.F.,(4,1,4),(0.,0.182109412423807,0.393595551682471),
 .UNSPECIFIED.);
#2972=B_SPLINE_CURVE_WITH_KNOTS('',3,(#9704,#9705,#9706,#9707,#9708),
 .UNSPECIFIED.,.F.,.F.,(4,1,4),(0.,0.222676309751575,0.370686190864099),
 .UNSPECIFIED.);
#2973=B_SPLINE_CURVE_WITH_KNOTS('',3,(#9712,#9713,#9714,#9715,#9716),
 .UNSPECIFIED.,.F.,.F.,(4,1,4),(0.,0.542450308753518,1.03558322325935),
 .UNSPECIFIED.);
#2974=B_SPLINE_CURVE_WITH_KNOTS('',3,(#9718,#9719,#9720,#9721,#9722),
 .UNSPECIFIED.,.F.,.F.,(4,1,4),(0.,0.422826612137849,0.901490130403881),
 .UNSPECIFIED.);
#2975=B_SPLINE_CURVE_WITH_KNOTS('',3,(#9724,#9725,#9726,#9727,#9728),
 .UNSPECIFIED.,.F.,.F.,(4,1,4),(0.,0.665528928839319,1.15688780364724),
 .UNSPECIFIED.);
#2976=B_SPLINE_CURVE_WITH_KNOTS('',3,(#9736,#9737,#9738,#9739,#9740),
 .UNSPECIFIED.,.F.,.F.,(4,1,4),(0.,0.271861940129701,0.673366782721002),
 .UNSPECIFIED.);
#2977=B_SPLINE_CURVE_WITH_KNOTS('',3,(#9742,#9743,#9744,#9745,#9746),
 .UNSPECIFIED.,.F.,.F.,(4,1,4),(0.,0.275380983839803,0.504884698910087),
 .UNSPECIFIED.);
#2978=B_SPLINE_CURVE_WITH_KNOTS('',3,(#9748,#9749,#9750,#9751,#9752),
 .UNSPECIFIED.,.F.,.F.,(4,1,4),(0.,0.215479748893581,0.447109021032151),
 .UNSPECIFIED.);
#2979=B_SPLINE_CURVE_WITH_KNOTS('',3,(#9754,#9755,#9756,#9757,#9758),
 .UNSPECIFIED.,.F.,.F.,(4,1,4),(0.,0.201086152445866,0.400227613525008),
 .UNSPECIFIED.);
#2980=B_SPLINE_CURVE_WITH_KNOTS('',3,(#9760,#9761,#9762,#9763,#9764),
 .UNSPECIFIED.,.F.,.F.,(4,1,4),(0.,0.211670413265786,0.358580085796146),
 .UNSPECIFIED.);
#2981=B_SPLINE_CURVE_WITH_KNOTS('',3,(#9772,#9773,#9774,#9775,#9776),
 .UNSPECIFIED.,.F.,.F.,(4,1,4),(0.,0.242793761851626,0.519120154101438),
 .UNSPECIFIED.);
#2982=B_SPLINE_CURVE_WITH_KNOTS('',3,(#9778,#9779,#9780,#9781,#9782),
 .UNSPECIFIED.,.F.,.F.,(4,1,4),(0.,0.562266337205909,1.16398023739906),
 .UNSPECIFIED.);
#2983=B_SPLINE_CURVE_WITH_KNOTS('',3,(#9784,#9785,#9786,#9787,#9788),
 .UNSPECIFIED.,.F.,.F.,(4,1,4),(0.693411536698206,0.756416128554811,1.38238689796608),
 .UNSPECIFIED.);
#2984=B_SPLINE_CURVE_WITH_KNOTS('',3,(#9798,#9799,#9800,#9801,#9802),
 .UNSPECIFIED.,.F.,.F.,(4,1,4),(0.,0.92508436818749,1.71651081675583),
 .UNSPECIFIED.);
#2985=B_SPLINE_CURVE_WITH_KNOTS('',3,(#9804,#9805,#9806,#9807,#9808),
 .UNSPECIFIED.,.F.,.F.,(4,1,4),(0.,0.220247015113623,0.384818544772047),
 .UNSPECIFIED.);
#2986=B_SPLINE_CURVE_WITH_KNOTS('',3,(#9810,#9811,#9812,#9813,#9814),
 .UNSPECIFIED.,.F.,.F.,(4,1,4),(0.,0.380485859831419,0.78420336514519),
 .UNSPECIFIED.);
#2987=B_SPLINE_CURVE_WITH_KNOTS('',3,(#9828,#9829,#9830,#9831,#9832),
 .UNSPECIFIED.,.F.,.F.,(4,1,4),(0.,0.313198122695674,0.712811781998212),
 .UNSPECIFIED.);
#2988=B_SPLINE_CURVE_WITH_KNOTS('',3,(#9834,#9835,#9836,#9837,#9838),
 .UNSPECIFIED.,.F.,.F.,(4,1,4),(0.,0.501983155723507,0.865279999016306),
 .UNSPECIFIED.);
#2989=B_SPLINE_CURVE_WITH_KNOTS('',3,(#9846,#9847,#9848,#9849,#9850),
 .UNSPECIFIED.,.F.,.F.,(4,1,4),(0.,0.195120662554882,0.435926073554806),
 .UNSPECIFIED.);
#2990=B_SPLINE_CURVE_WITH_KNOTS('',3,(#9852,#9853,#9854,#9855,#9856),
 .UNSPECIFIED.,.F.,.F.,(4,1,4),(0.,0.185964140394214,0.362874204297689),
 .UNSPECIFIED.);
#2991=B_SPLINE_CURVE_WITH_KNOTS('',3,(#9858,#9859,#9860,#9861,#9862),
 .UNSPECIFIED.,.F.,.F.,(4,1,4),(0.,0.173495104780883,0.334468206873122),
 .UNSPECIFIED.);
#2992=B_SPLINE_CURVE_WITH_KNOTS('',3,(#9864,#9865,#9866,#9867,#9868),
 .UNSPECIFIED.,.F.,.F.,(4,1,4),(0.,0.282253107458031,0.488002694520238),
 .UNSPECIFIED.);
#2993=B_SPLINE_CURVE_WITH_KNOTS('',3,(#9893,#9894,#9895,#9896,#9897),
 .UNSPECIFIED.,.F.,.F.,(4,1,4),(0.,0.195120662554882,0.435926073554806),
 .UNSPECIFIED.);
#2994=B_SPLINE_CURVE_WITH_KNOTS('',3,(#9910,#9911,#9912,#9913,#9914),
 .UNSPECIFIED.,.F.,.F.,(4,1,4),(0.,0.185964140394214,0.362874204297689),
 .UNSPECIFIED.);
#2995=B_SPLINE_CURVE_WITH_KNOTS('',3,(#9927,#9928,#9929,#9930,#9931),
 .UNSPECIFIED.,.F.,.F.,(4,1,4),(0.,0.173495104780883,0.334468206873122),
 .UNSPECIFIED.);
#2996=B_SPLINE_CURVE_WITH_KNOTS('',3,(#9944,#9945,#9946,#9947,#9948),
 .UNSPECIFIED.,.F.,.F.,(4,1,4),(0.,0.282253107458031,0.488002694520238),
 .UNSPECIFIED.);
#2997=B_SPLINE_CURVE_WITH_KNOTS('',3,(#9973,#9974,#9975,#9976,#9977),
 .UNSPECIFIED.,.F.,.F.,(4,1,4),(0.,0.313198122695674,0.712811781998212),
 .UNSPECIFIED.);
#2998=B_SPLINE_CURVE_WITH_KNOTS('',3,(#9990,#9991,#9992,#9993,#9994),
 .UNSPECIFIED.,.F.,.F.,(4,1,4),(0.,0.501983155723507,0.865279999016306),
 .UNSPECIFIED.);
#2999=B_SPLINE_CURVE_WITH_KNOTS('',3,(#10013,#10014,#10015,#10016,#10017),
 .UNSPECIFIED.,.F.,.F.,(4,1,4),(0.,0.529109629305882,1.06208932202612),
 .UNSPECIFIED.);
#3000=B_SPLINE_CURVE_WITH_KNOTS('',3,(#10030,#10031,#10032,#10033,#10034),
 .UNSPECIFIED.,.F.,.F.,(4,1,4),(0.,0.710043227231542,1.37884786536175),
 .UNSPECIFIED.);
#3001=B_SPLINE_CURVE_WITH_KNOTS('',3,(#10047,#10048,#10049,#10050,#10051),
 .UNSPECIFIED.,.F.,.F.,(4,1,4),(0.,0.411400365594907,0.856155416607994),
 .UNSPECIFIED.);
#3002=B_SPLINE_CURVE_WITH_KNOTS('',3,(#10064,#10065,#10066,#10067,#10068),
 .UNSPECIFIED.,.F.,.F.,(4,1,4),(0.,0.409259635138128,0.805463459708589),
 .UNSPECIFIED.);
#3003=B_SPLINE_CURVE_WITH_KNOTS('',3,(#10081,#10082,#10083,#10084,#10085),
 .UNSPECIFIED.,.F.,.F.,(4,1,4),(0.,0.365890119148305,0.74283178001565),
 .UNSPECIFIED.);
#3004=B_SPLINE_CURVE_WITH_KNOTS('',3,(#10098,#10099,#10100,#10101,#10102),
 .UNSPECIFIED.,.F.,.F.,(4,1,4),(0.,0.346732012971916,0.704581949318119),
 .UNSPECIFIED.);
#3005=B_SPLINE_CURVE_WITH_KNOTS('',3,(#10114,#10115,#10116,#10117,#10118),
 .UNSPECIFIED.,.F.,.F.,(4,1,4),(0.,0.489050104423309,0.886389723453954),
 .UNSPECIFIED.);
#3006=B_SPLINE_CURVE_WITH_KNOTS('',3,(#10133,#10134,#10135,#10136,#10137,
#10138),.UNSPECIFIED.,.F.,.F.,(4,2,4),(-0.0635,-0.03175,0.),
 .UNSPECIFIED.);
#3007=B_SPLINE_CURVE_WITH_KNOTS('',3,(#10159,#10160,#10161,#10162,#10163),
 .UNSPECIFIED.,.F.,.F.,(4,1,4),(0.,0.182109412423807,0.393595551682471),
 .UNSPECIFIED.);
#3008=B_SPLINE_CURVE_WITH_KNOTS('',3,(#10176,#10177,#10178,#10179,#10180),
 .UNSPECIFIED.,.F.,.F.,(4,1,4),(0.,0.222676309751575,0.370686190864099),
 .UNSPECIFIED.);
#3009=B_SPLINE_CURVE_WITH_KNOTS('',3,(#10184,#10185,#10186,#10187,#10188,
#10189),.UNSPECIFIED.,.F.,.F.,(4,2,4),(-0.0635,-0.03175,0.),
 .UNSPECIFIED.);
#3010=B_SPLINE_CURVE_WITH_KNOTS('',3,(#10214,#10215,#10216,#10217,#10218),
 .UNSPECIFIED.,.F.,.F.,(4,1,4),(0.,0.92508436818749,1.71651081675583),
 .UNSPECIFIED.);
#3011=B_SPLINE_CURVE_WITH_KNOTS('',3,(#10231,#10232,#10233,#10234,#10235),
 .UNSPECIFIED.,.F.,.F.,(4,1,4),(0.,0.220247015113623,0.384818544772047),
 .UNSPECIFIED.);
#3012=B_SPLINE_CURVE_WITH_KNOTS('',3,(#10248,#10249,#10250,#10251,#10252),
 .UNSPECIFIED.,.F.,.F.,(4,1,4),(0.,0.380485859831419,0.78420336514519),
 .UNSPECIFIED.);
#3013=B_SPLINE_CURVE_WITH_KNOTS('',3,(#10271,#10272,#10273,#10274,#10275),
 .UNSPECIFIED.,.F.,.F.,(4,1,4),(0.,0.45456573800559,0.842425999921268),
 .UNSPECIFIED.);
#3014=B_SPLINE_CURVE_WITH_KNOTS('',3,(#10288,#10289,#10290,#10291,#10292),
 .UNSPECIFIED.,.F.,.F.,(4,1,4),(0.,0.145497439592288,0.350005147028831),
 .UNSPECIFIED.);
#3015=B_SPLINE_CURVE_WITH_KNOTS('',3,(#10305,#10306,#10307,#10308,#10309),
 .UNSPECIFIED.,.F.,.F.,(4,1,4),(0.,0.312507574401999,0.539336992251019),
 .UNSPECIFIED.);
#3016=B_SPLINE_CURVE_WITH_KNOTS('',3,(#10322,#10323,#10324,#10325,#10326),
 .UNSPECIFIED.,.F.,.F.,(4,1,4),(0.,0.406635153242439,0.834274871146701),
 .UNSPECIFIED.);
#3017=B_SPLINE_CURVE_WITH_KNOTS('',3,(#10353,#10354,#10355,#10356,#10357),
 .UNSPECIFIED.,.F.,.F.,(4,1,4),(0.,0.542450308753518,1.03558322325935),
 .UNSPECIFIED.);
#3018=B_SPLINE_CURVE_WITH_KNOTS('',3,(#10376,#10377,#10378,#10379,#10380),
 .UNSPECIFIED.,.F.,.F.,(4,1,4),(0.,0.271861940129701,0.673366782721002),
 .UNSPECIFIED.);
#3019=B_SPLINE_CURVE_WITH_KNOTS('',3,(#10393,#10394,#10395,#10396,#10397),
 .UNSPECIFIED.,.F.,.F.,(4,1,4),(0.,0.275380983839803,0.504884698910087),
 .UNSPECIFIED.);
#3020=B_SPLINE_CURVE_WITH_KNOTS('',3,(#10410,#10411,#10412,#10413,#10414),
 .UNSPECIFIED.,.F.,.F.,(4,1,4),(0.,0.215479748893581,0.447109021032151),
 .UNSPECIFIED.);
#3021=B_SPLINE_CURVE_WITH_KNOTS('',3,(#10427,#10428,#10429,#10430,#10431),
 .UNSPECIFIED.,.F.,.F.,(4,1,4),(0.,0.201086152445866,0.400227613525008),
 .UNSPECIFIED.);
#3022=B_SPLINE_CURVE_WITH_KNOTS('',3,(#10444,#10445,#10446,#10447,#10448),
 .UNSPECIFIED.,.F.,.F.,(4,1,4),(0.,0.211670413265786,0.358580085796146),
 .UNSPECIFIED.);
#3023=B_SPLINE_CURVE_WITH_KNOTS('',3,(#10473,#10474,#10475,#10476,#10477),
 .UNSPECIFIED.,.F.,.F.,(4,1,4),(0.,0.242793761851626,0.519120154101438),
 .UNSPECIFIED.);
#3024=B_SPLINE_CURVE_WITH_KNOTS('',3,(#10490,#10491,#10492,#10493,#10494),
 .UNSPECIFIED.,.F.,.F.,(4,1,4),(0.,0.562266337205909,1.16398023739906),
 .UNSPECIFIED.);
#3025=B_SPLINE_CURVE_WITH_KNOTS('',3,(#10506,#10507,#10508,#10509,#10510),
 .UNSPECIFIED.,.F.,.F.,(4,1,4),(0.693411536698206,0.756416128554811,1.38238689796608),
 .UNSPECIFIED.);
#3026=B_SPLINE_CURVE_WITH_KNOTS('',3,(#10522,#10523,#10524,#10525,#10526),
 .UNSPECIFIED.,.F.,.F.,(4,1,4),(0.,0.422826612137849,0.901490130403881),
 .UNSPECIFIED.);
#3027=B_SPLINE_CURVE_WITH_KNOTS('',3,(#10539,#10540,#10541,#10542,#10543),
 .UNSPECIFIED.,.F.,.F.,(4,1,4),(0.,0.665528928839319,1.15688780364724),
 .UNSPECIFIED.);
#3028=VERTEX_POINT('',#9233);
#3029=VERTEX_POINT('',#9234);
#3030=VERTEX_POINT('',#9241);
#3031=VERTEX_POINT('',#9247);
#3032=VERTEX_POINT('',#9264);
#3033=VERTEX_POINT('',#9265);
#3034=VERTEX_POINT('',#9271);
#3035=VERTEX_POINT('',#9273);
#3036=VERTEX_POINT('',#9290);
#3037=VERTEX_POINT('',#9296);
#3038=VERTEX_POINT('',#9313);
#3039=VERTEX_POINT('',#9319);
#3040=VERTEX_POINT('',#9336);
#3041=VERTEX_POINT('',#9342);
#3042=VERTEX_POINT('',#9359);
#3043=VERTEX_POINT('',#9365);
#3044=VERTEX_POINT('',#9382);
#3045=VERTEX_POINT('',#9388);
#3046=VERTEX_POINT('',#9396);
#3047=VERTEX_POINT('',#9398);
#3048=VERTEX_POINT('',#9411);
#3049=VERTEX_POINT('',#9417);
#3050=VERTEX_POINT('',#9434);
#3051=VERTEX_POINT('',#9435);
#3052=VERTEX_POINT('',#9462);
#3053=VERTEX_POINT('',#9468);
#3054=VERTEX_POINT('',#9485);
#3055=VERTEX_POINT('',#9491);
#3056=VERTEX_POINT('',#9508);
#3057=VERTEX_POINT('',#9514);
#3058=VERTEX_POINT('',#9531);
#3059=VERTEX_POINT('',#9537);
#3060=VERTEX_POINT('',#9554);
#3061=VERTEX_POINT('',#9560);
#3062=VERTEX_POINT('',#9568);
#3063=VERTEX_POINT('',#9570);
#3064=VERTEX_POINT('',#9603);
#3065=VERTEX_POINT('',#9609);
#3066=VERTEX_POINT('',#9617);
#3067=VERTEX_POINT('',#9623);
#3068=VERTEX_POINT('',#9629);
#3069=VERTEX_POINT('',#9635);
#3070=VERTEX_POINT('',#9641);
#3071=VERTEX_POINT('',#9647);
#3072=VERTEX_POINT('',#9653);
#3073=VERTEX_POINT('',#9659);
#3074=VERTEX_POINT('',#9661);
#3075=VERTEX_POINT('',#9663);
#3076=VERTEX_POINT('',#9669);
#3077=VERTEX_POINT('',#9675);
#3078=VERTEX_POINT('',#9681);
#3079=VERTEX_POINT('',#9687);
#3080=VERTEX_POINT('',#9689);
#3081=VERTEX_POINT('',#9691);
#3082=VERTEX_POINT('',#9693);
#3083=VERTEX_POINT('',#9695);
#3084=VERTEX_POINT('',#9697);
#3085=VERTEX_POINT('',#9703);
#3086=VERTEX_POINT('',#9709);
#3087=VERTEX_POINT('',#9711);
#3088=VERTEX_POINT('',#9717);
#3089=VERTEX_POINT('',#9723);
#3090=VERTEX_POINT('',#9729);
#3091=VERTEX_POINT('',#9731);
#3092=VERTEX_POINT('',#9733);
#3093=VERTEX_POINT('',#9735);
#3094=VERTEX_POINT('',#9741);
#3095=VERTEX_POINT('',#9747);
#3096=VERTEX_POINT('',#9753);
#3097=VERTEX_POINT('',#9759);
#3098=VERTEX_POINT('',#9765);
#3099=VERTEX_POINT('',#9767);
#3100=VERTEX_POINT('',#9769);
#3101=VERTEX_POINT('',#9771);
#3102=VERTEX_POINT('',#9777);
#3103=VERTEX_POINT('',#9783);
#3104=VERTEX_POINT('',#9789);
#3105=VERTEX_POINT('',#9791);
#3106=VERTEX_POINT('',#9793);
#3107=VERTEX_POINT('',#9795);
#3108=VERTEX_POINT('',#9797);
#3109=VERTEX_POINT('',#9803);
#3110=VERTEX_POINT('',#9809);
#3111=VERTEX_POINT('',#9815);
#3112=VERTEX_POINT('',#9817);
#3113=VERTEX_POINT('',#9819);
#3114=VERTEX_POINT('',#9822);
#3115=VERTEX_POINT('',#9823);
#3116=VERTEX_POINT('',#9825);
#3117=VERTEX_POINT('',#9827);
#3118=VERTEX_POINT('',#9833);
#3119=VERTEX_POINT('',#9840);
#3120=VERTEX_POINT('',#9841);
#3121=VERTEX_POINT('',#9843);
#3122=VERTEX_POINT('',#9845);
#3123=VERTEX_POINT('',#9851);
#3124=VERTEX_POINT('',#9857);
#3125=VERTEX_POINT('',#9863);
#3126=VERTEX_POINT('',#9871);
#3127=VERTEX_POINT('',#9873);
#3128=VERTEX_POINT('',#9877);
#3129=VERTEX_POINT('',#9878);
#3130=VERTEX_POINT('',#9892);
#3131=VERTEX_POINT('',#9909);
#3132=VERTEX_POINT('',#9926);
#3133=VERTEX_POINT('',#9943);
#3134=VERTEX_POINT('',#9951);
#3135=VERTEX_POINT('',#9957);
#3136=VERTEX_POINT('',#9958);
#3137=VERTEX_POINT('',#9972);
#3138=VERTEX_POINT('',#9989);
#3139=VERTEX_POINT('',#9997);
#3140=VERTEX_POINT('',#10012);
#3141=VERTEX_POINT('',#10029);
#3142=VERTEX_POINT('',#10046);
#3143=VERTEX_POINT('',#10063);
#3144=VERTEX_POINT('',#10080);
#3145=VERTEX_POINT('',#10097);
#3146=VERTEX_POINT('',#10120);
#3147=VERTEX_POINT('',#10122);
#3148=VERTEX_POINT('',#10126);
#3149=VERTEX_POINT('',#10132);
#3150=VERTEX_POINT('',#10139);
#3151=VERTEX_POINT('',#10143);
#3152=VERTEX_POINT('',#10144);
#3153=VERTEX_POINT('',#10158);
#3154=VERTEX_POINT('',#10175);
#3155=VERTEX_POINT('',#10183);
#3156=VERTEX_POINT('',#10192);
#3157=VERTEX_POINT('',#10196);
#3158=VERTEX_POINT('',#10200);
#3159=VERTEX_POINT('',#10213);
#3160=VERTEX_POINT('',#10230);
#3161=VERTEX_POINT('',#10247);
#3162=VERTEX_POINT('',#10257);
#3163=VERTEX_POINT('',#10270);
#3164=VERTEX_POINT('',#10287);
#3165=VERTEX_POINT('',#10304);
#3166=VERTEX_POINT('',#10321);
#3167=VERTEX_POINT('',#10329);
#3168=VERTEX_POINT('',#10333);
#3169=VERTEX_POINT('',#10337);
#3170=VERTEX_POINT('',#10352);
#3171=VERTEX_POINT('',#10360);
#3172=VERTEX_POINT('',#10361);
#3173=VERTEX_POINT('',#10375);
#3174=VERTEX_POINT('',#10392);
#3175=VERTEX_POINT('',#10409);
#3176=VERTEX_POINT('',#10426);
#3177=VERTEX_POINT('',#10443);
#3178=VERTEX_POINT('',#10451);
#3179=VERTEX_POINT('',#10455);
#3180=VERTEX_POINT('',#10459);
#3181=VERTEX_POINT('',#10472);
#3182=VERTEX_POINT('',#10489);
#3183=VERTEX_POINT('',#10521);
#3184=VERTEX_POINT('',#10538);
#3185=VERTEX_POINT('',#10546);
#3186=VERTEX_POINT('',#10552);
#3187=VERTEX_POINT('',#10553);
#3188=VERTEX_POINT('',#10555);
#3189=VERTEX_POINT('',#10557);
#3190=VERTEX_POINT('',#10559);
#3191=VERTEX_POINT('',#10561);
#3192=VERTEX_POINT('',#10563);
#3193=VERTEX_POINT('',#10565);
#3194=VERTEX_POINT('',#10567);
#3195=VERTEX_POINT('',#10569);
#3196=VERTEX_POINT('',#10571);
#3197=VERTEX_POINT('',#10573);
#3198=VERTEX_POINT('',#10575);
#3199=VERTEX_POINT('',#10577);
#3200=VERTEX_POINT('',#10579);
#3201=VERTEX_POINT('',#10581);
#3202=VERTEX_POINT('',#10583);
#3203=VERTEX_POINT('',#10585);
#3204=VERTEX_POINT('',#10588);
#3205=VERTEX_POINT('',#10590);
#3206=VERTEX_POINT('',#10592);
#3207=VERTEX_POINT('',#10594);
#3208=VERTEX_POINT('',#10596);
#3209=VERTEX_POINT('',#10598);
#3210=VERTEX_POINT('',#10600);
#3211=VERTEX_POINT('',#10602);
#3212=VERTEX_POINT('',#10604);
#3213=VERTEX_POINT('',#10606);
#3214=VERTEX_POINT('',#10608);
#3215=VERTEX_POINT('',#10610);
#3216=VERTEX_POINT('',#10612);
#3217=VERTEX_POINT('',#10614);
#3218=VERTEX_POINT('',#10616);
#3219=VERTEX_POINT('',#10618);
#3220=VERTEX_POINT('',#10620);
#3221=VERTEX_POINT('',#10622);
#3222=VERTEX_POINT('',#10624);
#3223=VERTEX_POINT('',#10626);
#3224=VERTEX_POINT('',#10628);
#3225=VERTEX_POINT('',#10630);
#3226=VERTEX_POINT('',#10632);
#3227=VERTEX_POINT('',#10634);
#3228=VERTEX_POINT('',#10636);
#3229=VERTEX_POINT('',#10638);
#3230=VERTEX_POINT('',#10640);
#3231=VERTEX_POINT('',#10642);
#3232=VERTEX_POINT('',#10644);
#3233=VERTEX_POINT('',#10646);
#3234=VERTEX_POINT('',#10648);
#3235=VERTEX_POINT('',#10650);
#3236=VERTEX_POINT('',#10652);
#3237=VERTEX_POINT('',#10654);
#3238=VERTEX_POINT('',#10656);
#3239=VERTEX_POINT('',#10658);
#3240=VERTEX_POINT('',#10660);
#3241=VERTEX_POINT('',#10662);
#3242=VERTEX_POINT('',#10664);
#3243=VERTEX_POINT('',#10666);
#3244=VERTEX_POINT('',#10668);
#3245=VERTEX_POINT('',#10670);
#3246=VERTEX_POINT('',#10672);
#3247=VERTEX_POINT('',#10674);
#3248=VERTEX_POINT('',#10676);
#3249=VERTEX_POINT('',#10678);
#3250=VERTEX_POINT('',#10680);
#3251=VERTEX_POINT('',#10682);
#3252=VERTEX_POINT('',#10684);
#3253=VERTEX_POINT('',#10686);
#3254=VERTEX_POINT('',#10688);
#3255=VERTEX_POINT('',#10690);
#3256=VERTEX_POINT('',#10692);
#3257=VERTEX_POINT('',#10694);
#3258=VERTEX_POINT('',#10696);
#3259=VERTEX_POINT('',#10698);
#3260=VERTEX_POINT('',#10700);
#3261=VERTEX_POINT('',#10702);
#3262=VERTEX_POINT('',#10704);
#3263=VERTEX_POINT('',#10706);
#3264=VERTEX_POINT('',#10708);
#3265=VERTEX_POINT('',#10710);
#3266=VERTEX_POINT('',#10712);
#3267=VERTEX_POINT('',#10714);
#3268=VERTEX_POINT('',#10716);
#3269=VERTEX_POINT('',#10718);
#3270=VERTEX_POINT('',#10720);
#3271=VERTEX_POINT('',#10722);
#3272=VERTEX_POINT('',#10724);
#3273=VERTEX_POINT('',#10726);
#3274=VERTEX_POINT('',#10728);
#3275=VERTEX_POINT('',#10730);
#3276=VERTEX_POINT('',#10732);
#3277=VERTEX_POINT('',#10734);
#3278=VERTEX_POINT('',#10736);
#3279=VERTEX_POINT('',#10738);
#3280=VERTEX_POINT('',#10740);
#3281=VERTEX_POINT('',#10742);
#3282=VERTEX_POINT('',#10744);
#3283=VERTEX_POINT('',#10746);
#3284=VERTEX_POINT('',#10748);
#3285=VERTEX_POINT('',#10750);
#3286=VERTEX_POINT('',#10752);
#3287=VERTEX_POINT('',#10754);
#3288=VERTEX_POINT('',#10756);
#3289=VERTEX_POINT('',#10758);
#3290=VERTEX_POINT('',#10760);
#3291=VERTEX_POINT('',#10762);
#3292=VERTEX_POINT('',#10764);
#3293=VERTEX_POINT('',#10766);
#3294=VERTEX_POINT('',#10768);
#3295=VERTEX_POINT('',#10770);
#3296=VERTEX_POINT('',#10772);
#3297=VERTEX_POINT('',#10774);
#3298=VERTEX_POINT('',#10776);
#3299=VERTEX_POINT('',#10778);
#3300=VERTEX_POINT('',#10780);
#3301=VERTEX_POINT('',#10782);
#3302=VERTEX_POINT('',#10784);
#3303=VERTEX_POINT('',#10786);
#3304=VERTEX_POINT('',#10788);
#3305=VERTEX_POINT('',#10790);
#3306=VERTEX_POINT('',#10792);
#3307=VERTEX_POINT('',#10794);
#3308=VERTEX_POINT('',#10796);
#3309=VERTEX_POINT('',#10798);
#3310=VERTEX_POINT('',#10800);
#3311=VERTEX_POINT('',#10802);
#3312=VERTEX_POINT('',#10804);
#3313=VERTEX_POINT('',#10806);
#3314=VERTEX_POINT('',#10808);
#3315=VERTEX_POINT('',#10810);
#3316=VERTEX_POINT('',#10812);
#3317=VERTEX_POINT('',#10814);
#3318=VERTEX_POINT('',#10816);
#3319=VERTEX_POINT('',#10818);
#3320=VERTEX_POINT('',#10820);
#3321=VERTEX_POINT('',#10822);
#3322=VERTEX_POINT('',#10824);
#3323=VERTEX_POINT('',#10826);
#3324=VERTEX_POINT('',#10828);
#3325=VERTEX_POINT('',#10830);
#3326=VERTEX_POINT('',#10832);
#3327=VERTEX_POINT('',#10834);
#3328=VERTEX_POINT('',#10836);
#3329=VERTEX_POINT('',#10838);
#3330=VERTEX_POINT('',#10840);
#3331=VERTEX_POINT('',#10842);
#3332=VERTEX_POINT('',#10844);
#3333=VERTEX_POINT('',#10846);
#3334=VERTEX_POINT('',#10848);
#3335=VERTEX_POINT('',#10850);
#3336=VERTEX_POINT('',#10852);
#3337=VERTEX_POINT('',#10854);
#3338=VERTEX_POINT('',#10856);
#3339=VERTEX_POINT('',#10858);
#3340=VERTEX_POINT('',#10860);
#3341=VERTEX_POINT('',#10862);
#3342=VERTEX_POINT('',#10864);
#3343=VERTEX_POINT('',#10866);
#3344=VERTEX_POINT('',#10868);
#3345=VERTEX_POINT('',#10870);
#3346=VERTEX_POINT('',#10872);
#3347=VERTEX_POINT('',#10874);
#3348=VERTEX_POINT('',#10876);
#3349=VERTEX_POINT('',#10878);
#3350=VERTEX_POINT('',#10880);
#3351=VERTEX_POINT('',#10882);
#3352=VERTEX_POINT('',#10884);
#3353=VERTEX_POINT('',#10886);
#3354=VERTEX_POINT('',#10888);
#3355=VERTEX_POINT('',#10890);
#3356=VERTEX_POINT('',#10892);
#3357=VERTEX_POINT('',#10894);
#3358=VERTEX_POINT('',#10896);
#3359=VERTEX_POINT('',#10898);
#3360=VERTEX_POINT('',#10900);
#3361=VERTEX_POINT('',#10902);
#3362=VERTEX_POINT('',#10904);
#3363=VERTEX_POINT('',#10906);
#3364=VERTEX_POINT('',#10908);
#3365=VERTEX_POINT('',#10910);
#3366=VERTEX_POINT('',#10912);
#3367=VERTEX_POINT('',#10914);
#3368=VERTEX_POINT('',#10916);
#3369=VERTEX_POINT('',#10918);
#3370=VERTEX_POINT('',#10920);
#3371=VERTEX_POINT('',#10922);
#3372=VERTEX_POINT('',#10924);
#3373=VERTEX_POINT('',#10926);
#3374=VERTEX_POINT('',#10928);
#3375=VERTEX_POINT('',#10930);
#3376=VERTEX_POINT('',#10932);
#3377=VERTEX_POINT('',#10934);
#3378=VERTEX_POINT('',#10936);
#3379=VERTEX_POINT('',#10938);
#3380=VERTEX_POINT('',#10940);
#3381=VERTEX_POINT('',#10942);
#3382=VERTEX_POINT('',#10944);
#3383=VERTEX_POINT('',#10946);
#3384=VERTEX_POINT('',#10948);
#3385=VERTEX_POINT('',#10950);
#3386=VERTEX_POINT('',#10952);
#3387=VERTEX_POINT('',#10954);
#3388=VERTEX_POINT('',#10956);
#3389=VERTEX_POINT('',#10958);
#3390=VERTEX_POINT('',#10960);
#3391=VERTEX_POINT('',#10962);
#3392=VERTEX_POINT('',#10964);
#3393=VERTEX_POINT('',#10966);
#3394=VERTEX_POINT('',#10968);
#3395=VERTEX_POINT('',#10970);
#3396=VERTEX_POINT('',#10972);
#3397=VERTEX_POINT('',#10974);
#3398=VERTEX_POINT('',#10976);
#3399=VERTEX_POINT('',#10978);
#3400=VERTEX_POINT('',#10980);
#3401=VERTEX_POINT('',#10982);
#3402=VERTEX_POINT('',#10984);
#3403=VERTEX_POINT('',#10986);
#3404=VERTEX_POINT('',#10988);
#3405=VERTEX_POINT('',#10990);
#3406=VERTEX_POINT('',#10992);
#3407=VERTEX_POINT('',#10994);
#3408=VERTEX_POINT('',#10996);
#3409=VERTEX_POINT('',#10998);
#3410=VERTEX_POINT('',#11000);
#3411=VERTEX_POINT('',#11002);
#3412=VERTEX_POINT('',#11006);
#3413=VERTEX_POINT('',#11007);
#3414=VERTEX_POINT('',#11012);
#3415=VERTEX_POINT('',#11016);
#3416=VERTEX_POINT('',#11020);
#3417=VERTEX_POINT('',#11022);
#3418=VERTEX_POINT('',#11024);
#3419=VERTEX_POINT('',#11026);
#3420=VERTEX_POINT('',#11028);
#3421=VERTEX_POINT('',#11030);
#3422=VERTEX_POINT('',#11032);
#3423=VERTEX_POINT('',#11034);
#3424=VERTEX_POINT('',#11036);
#3425=VERTEX_POINT('',#11038);
#3426=VERTEX_POINT('',#11040);
#3427=VERTEX_POINT('',#11042);
#3428=VERTEX_POINT('',#11044);
#3429=VERTEX_POINT('',#11046);
#3430=VERTEX_POINT('',#11049);
#3431=VERTEX_POINT('',#11051);
#3432=VERTEX_POINT('',#11053);
#3433=VERTEX_POINT('',#11055);
#3434=VERTEX_POINT('',#11057);
#3435=VERTEX_POINT('',#11059);
#3436=VERTEX_POINT('',#11061);
#3437=VERTEX_POINT('',#11063);
#3438=VERTEX_POINT('',#11065);
#3439=VERTEX_POINT('',#11067);
#3440=VERTEX_POINT('',#11069);
#3441=VERTEX_POINT('',#11071);
#3442=VERTEX_POINT('',#11073);
#3443=VERTEX_POINT('',#11075);
#3444=VERTEX_POINT('',#11077);
#3445=VERTEX_POINT('',#11079);
#3446=VERTEX_POINT('',#11081);
#3447=VERTEX_POINT('',#11083);
#3448=VERTEX_POINT('',#11085);
#3449=VERTEX_POINT('',#11087);
#3450=VERTEX_POINT('',#11089);
#3451=VERTEX_POINT('',#11091);
#3452=VERTEX_POINT('',#11093);
#3453=VERTEX_POINT('',#11095);
#3454=VERTEX_POINT('',#11097);
#3455=VERTEX_POINT('',#11099);
#3456=VERTEX_POINT('',#11101);
#3457=VERTEX_POINT('',#11103);
#3458=VERTEX_POINT('',#11105);
#3459=VERTEX_POINT('',#11107);
#3460=VERTEX_POINT('',#11109);
#3461=VERTEX_POINT('',#11111);
#3462=VERTEX_POINT('',#11113);
#3463=VERTEX_POINT('',#11115);
#3464=VERTEX_POINT('',#11117);
#3465=VERTEX_POINT('',#11119);
#3466=VERTEX_POINT('',#11121);
#3467=VERTEX_POINT('',#11123);
#3468=VERTEX_POINT('',#11125);
#3469=VERTEX_POINT('',#11127);
#3470=VERTEX_POINT('',#11129);
#3471=VERTEX_POINT('',#11131);
#3472=VERTEX_POINT('',#11133);
#3473=VERTEX_POINT('',#11135);
#3474=VERTEX_POINT('',#11137);
#3475=VERTEX_POINT('',#11139);
#3476=VERTEX_POINT('',#11141);
#3477=VERTEX_POINT('',#11143);
#3478=VERTEX_POINT('',#11145);
#3479=VERTEX_POINT('',#11147);
#3480=VERTEX_POINT('',#11149);
#3481=VERTEX_POINT('',#11151);
#3482=VERTEX_POINT('',#11153);
#3483=VERTEX_POINT('',#11155);
#3484=VERTEX_POINT('',#11157);
#3485=VERTEX_POINT('',#11159);
#3486=VERTEX_POINT('',#11161);
#3487=VERTEX_POINT('',#11163);
#3488=VERTEX_POINT('',#11165);
#3489=VERTEX_POINT('',#11167);
#3490=VERTEX_POINT('',#11169);
#3491=VERTEX_POINT('',#11171);
#3492=VERTEX_POINT('',#11173);
#3493=VERTEX_POINT('',#11175);
#3494=VERTEX_POINT('',#11177);
#3495=VERTEX_POINT('',#11179);
#3496=VERTEX_POINT('',#11181);
#3497=VERTEX_POINT('',#11183);
#3498=VERTEX_POINT('',#11185);
#3499=VERTEX_POINT('',#11187);
#3500=VERTEX_POINT('',#11189);
#3501=VERTEX_POINT('',#11191);
#3502=VERTEX_POINT('',#11193);
#3503=VERTEX_POINT('',#11195);
#3504=VERTEX_POINT('',#11197);
#3505=VERTEX_POINT('',#11199);
#3506=VERTEX_POINT('',#11201);
#3507=VERTEX_POINT('',#11203);
#3508=VERTEX_POINT('',#11205);
#3509=VERTEX_POINT('',#11207);
#3510=VERTEX_POINT('',#11209);
#3511=VERTEX_POINT('',#11211);
#3512=VERTEX_POINT('',#11213);
#3513=VERTEX_POINT('',#11215);
#3514=VERTEX_POINT('',#11217);
#3515=VERTEX_POINT('',#11219);
#3516=VERTEX_POINT('',#11221);
#3517=VERTEX_POINT('',#11223);
#3518=VERTEX_POINT('',#11225);
#3519=VERTEX_POINT('',#11227);
#3520=VERTEX_POINT('',#11229);
#3521=VERTEX_POINT('',#11231);
#3522=VERTEX_POINT('',#11233);
#3523=VERTEX_POINT('',#11235);
#3524=VERTEX_POINT('',#11237);
#3525=VERTEX_POINT('',#11239);
#3526=VERTEX_POINT('',#11241);
#3527=VERTEX_POINT('',#11243);
#3528=VERTEX_POINT('',#11245);
#3529=VERTEX_POINT('',#11247);
#3530=VERTEX_POINT('',#11249);
#3531=VERTEX_POINT('',#11251);
#3532=VERTEX_POINT('',#11253);
#3533=VERTEX_POINT('',#11255);
#3534=VERTEX_POINT('',#11257);
#3535=VERTEX_POINT('',#11259);
#3536=VERTEX_POINT('',#11261);
#3537=VERTEX_POINT('',#11263);
#3538=VERTEX_POINT('',#11265);
#3539=VERTEX_POINT('',#11267);
#3540=VERTEX_POINT('',#11269);
#3541=VERTEX_POINT('',#11271);
#3542=VERTEX_POINT('',#11273);
#3543=VERTEX_POINT('',#11275);
#3544=VERTEX_POINT('',#11277);
#3545=VERTEX_POINT('',#11279);
#3546=VERTEX_POINT('',#11281);
#3547=VERTEX_POINT('',#11283);
#3548=VERTEX_POINT('',#11285);
#3549=VERTEX_POINT('',#11287);
#3550=VERTEX_POINT('',#11289);
#3551=VERTEX_POINT('',#11291);
#3552=VERTEX_POINT('',#11293);
#3553=VERTEX_POINT('',#11295);
#3554=VERTEX_POINT('',#11297);
#3555=VERTEX_POINT('',#11299);
#3556=VERTEX_POINT('',#11301);
#3557=VERTEX_POINT('',#11303);
#3558=VERTEX_POINT('',#11305);
#3559=VERTEX_POINT('',#11307);
#3560=VERTEX_POINT('',#11309);
#3561=VERTEX_POINT('',#11311);
#3562=VERTEX_POINT('',#11313);
#3563=VERTEX_POINT('',#11315);
#3564=VERTEX_POINT('',#11317);
#3565=VERTEX_POINT('',#11319);
#3566=VERTEX_POINT('',#11321);
#3567=VERTEX_POINT('',#11323);
#3568=VERTEX_POINT('',#11325);
#3569=VERTEX_POINT('',#11327);
#3570=VERTEX_POINT('',#11329);
#3571=VERTEX_POINT('',#11331);
#3572=VERTEX_POINT('',#11333);
#3573=VERTEX_POINT('',#11335);
#3574=VERTEX_POINT('',#11337);
#3575=VERTEX_POINT('',#11339);
#3576=VERTEX_POINT('',#11341);
#3577=VERTEX_POINT('',#11343);
#3578=VERTEX_POINT('',#11345);
#3579=VERTEX_POINT('',#11347);
#3580=VERTEX_POINT('',#11349);
#3581=VERTEX_POINT('',#11351);
#3582=VERTEX_POINT('',#11353);
#3583=VERTEX_POINT('',#11355);
#3584=VERTEX_POINT('',#11357);
#3585=VERTEX_POINT('',#11359);
#3586=VERTEX_POINT('',#11361);
#3587=VERTEX_POINT('',#11363);
#3588=VERTEX_POINT('',#11365);
#3589=VERTEX_POINT('',#11367);
#3590=VERTEX_POINT('',#11369);
#3591=VERTEX_POINT('',#11371);
#3592=VERTEX_POINT('',#11373);
#3593=VERTEX_POINT('',#11375);
#3594=VERTEX_POINT('',#11377);
#3595=VERTEX_POINT('',#11379);
#3596=VERTEX_POINT('',#11381);
#3597=VERTEX_POINT('',#11383);
#3598=VERTEX_POINT('',#11385);
#3599=VERTEX_POINT('',#11387);
#3600=VERTEX_POINT('',#11389);
#3601=VERTEX_POINT('',#11391);
#3602=VERTEX_POINT('',#11393);
#3603=VERTEX_POINT('',#11395);
#3604=VERTEX_POINT('',#11397);
#3605=VERTEX_POINT('',#11399);
#3606=VERTEX_POINT('',#11401);
#3607=VERTEX_POINT('',#11403);
#3608=VERTEX_POINT('',#11405);
#3609=VERTEX_POINT('',#11407);
#3610=VERTEX_POINT('',#11409);
#3611=VERTEX_POINT('',#11411);
#3612=VERTEX_POINT('',#11413);
#3613=VERTEX_POINT('',#11415);
#3614=VERTEX_POINT('',#11417);
#3615=VERTEX_POINT('',#11419);
#3616=VERTEX_POINT('',#11421);
#3617=VERTEX_POINT('',#11423);
#3618=VERTEX_POINT('',#11425);
#3619=VERTEX_POINT('',#11427);
#3620=VERTEX_POINT('',#11429);
#3621=VERTEX_POINT('',#11431);
#3622=VERTEX_POINT('',#11433);
#3623=VERTEX_POINT('',#11435);
#3624=VERTEX_POINT('',#11437);
#3625=VERTEX_POINT('',#11439);
#3626=VERTEX_POINT('',#11441);
#3627=VERTEX_POINT('',#11443);
#3628=VERTEX_POINT('',#11445);
#3629=VERTEX_POINT('',#11447);
#3630=VERTEX_POINT('',#11449);
#3631=VERTEX_POINT('',#11451);
#3632=VERTEX_POINT('',#11453);
#3633=VERTEX_POINT('',#11455);
#3634=VERTEX_POINT('',#11457);
#3635=VERTEX_POINT('',#11459);
#3636=VERTEX_POINT('',#11461);
#3637=VERTEX_POINT('',#11463);
#3638=EDGE_CURVE('',#3028,#3029,#2926,.T.);
#3639=EDGE_CURVE('',#3030,#3029,#2927,.T.);
#3640=EDGE_CURVE('',#3030,#3031,#2168,.T.);
#3641=EDGE_CURVE('',#3031,#3028,#2928,.T.);
#3642=EDGE_CURVE('',#3032,#3033,#2929,.T.);
#3643=EDGE_CURVE('',#3032,#3034,#2169,.T.);
#3644=EDGE_CURVE('',#3034,#3035,#2930,.T.);
#3645=EDGE_CURVE('',#3033,#3035,#2170,.T.);
#3646=EDGE_CURVE('',#3036,#3032,#2931,.T.);
#3647=EDGE_CURVE('',#3036,#3037,#2171,.T.);
#3648=EDGE_CURVE('',#3037,#3034,#2932,.T.);
#3649=EDGE_CURVE('',#3038,#3036,#2933,.T.);
#3650=EDGE_CURVE('',#3038,#3039,#2172,.T.);
#3651=EDGE_CURVE('',#3039,#3037,#2934,.T.);
#3652=EDGE_CURVE('',#3040,#3038,#2935,.T.);
#3653=EDGE_CURVE('',#3040,#3041,#2173,.T.);
#3654=EDGE_CURVE('',#3041,#3039,#2936,.T.);
#3655=EDGE_CURVE('',#3042,#3040,#2937,.T.);
#3656=EDGE_CURVE('',#3042,#3043,#2174,.T.);
#3657=EDGE_CURVE('',#3043,#3041,#2938,.T.);
#3658=EDGE_CURVE('',#3044,#3042,#2939,.T.);
#3659=EDGE_CURVE('',#3044,#3045,#2175,.T.);
#3660=EDGE_CURVE('',#3045,#3043,#2940,.T.);
#3661=EDGE_CURVE('',#3046,#3044,#2176,.T.);
#3662=EDGE_CURVE('',#3046,#3047,#2177,.T.);
#3663=EDGE_CURVE('',#3047,#3045,#2178,.T.);
#3664=EDGE_CURVE('',#3048,#3046,#2941,.T.);
#3665=EDGE_CURVE('',#3048,#3049,#2179,.T.);
#3666=EDGE_CURVE('',#3049,#3047,#2942,.T.);
#3667=EDGE_CURVE('',#3050,#3051,#2943,.T.);
#3668=EDGE_CURVE('',#3051,#3049,#2944,.T.);
#3669=EDGE_CURVE('',#3050,#3048,#2945,.T.);
#3670=EDGE_CURVE('',#3052,#3030,#2946,.T.);
#3671=EDGE_CURVE('',#3052,#3053,#2180,.T.);
#3672=EDGE_CURVE('',#3053,#3031,#2947,.T.);
#3673=EDGE_CURVE('',#3054,#3052,#2948,.T.);
#3674=EDGE_CURVE('',#3054,#3055,#2181,.T.);
#3675=EDGE_CURVE('',#3055,#3053,#2949,.T.);
#3676=EDGE_CURVE('',#3056,#3054,#2950,.T.);
#3677=EDGE_CURVE('',#3056,#3057,#2182,.T.);
#3678=EDGE_CURVE('',#3057,#3055,#2951,.T.);
#3679=EDGE_CURVE('',#3058,#3056,#2952,.T.);
#3680=EDGE_CURVE('',#3058,#3059,#2183,.T.);
#3681=EDGE_CURVE('',#3059,#3057,#2953,.T.);
#3682=EDGE_CURVE('',#3060,#3058,#2954,.T.);
#3683=EDGE_CURVE('',#3060,#3061,#2184,.T.);
#3684=EDGE_CURVE('',#3061,#3059,#2955,.T.);
#3685=EDGE_CURVE('',#3062,#3060,#2185,.T.);
#3686=EDGE_CURVE('',#3062,#3063,#2186,.T.);
#3687=EDGE_CURVE('',#3063,#3061,#2187,.T.);
#3688=EDGE_CURVE('',#3033,#3062,#2956,.T.);
#3689=EDGE_CURVE('',#3035,#3063,#2957,.T.);
#3690=EDGE_CURVE('',#3064,#3050,#2958,.T.);
#3691=EDGE_CURVE('',#3064,#3065,#2188,.T.);
#3692=EDGE_CURVE('',#3065,#3051,#2959,.T.);
#3693=EDGE_CURVE('',#3066,#3065,#2960,.T.);
#3694=EDGE_CURVE('',#3067,#3066,#2961,.T.);
#3695=EDGE_CURVE('',#3068,#3067,#2962,.T.);
#3696=EDGE_CURVE('',#3069,#3068,#2963,.T.);
#3697=EDGE_CURVE('',#3070,#3069,#2964,.T.);
#3698=EDGE_CURVE('',#3071,#3070,#2965,.T.);
#3699=EDGE_CURVE('',#3072,#3071,#2966,.T.);
#3700=EDGE_CURVE('',#3073,#3072,#2189,.T.);
#3701=EDGE_CURVE('',#3074,#3073,#2190,.T.);
#3702=EDGE_CURVE('',#3075,#3074,#2967,.T.);
#3703=EDGE_CURVE('',#3076,#3075,#2968,.T.);
#3704=EDGE_CURVE('',#3077,#3076,#2969,.T.);
#3705=EDGE_CURVE('',#3078,#3077,#2970,.T.);
#3706=EDGE_CURVE('',#3079,#3078,#2191,.T.);
#3707=EDGE_CURVE('',#3080,#3079,#2192,.T.);
#3708=EDGE_CURVE('',#3081,#3080,#2193,.T.);
#3709=EDGE_CURVE('',#3082,#3081,#2194,.T.);
#3710=EDGE_CURVE('',#3083,#3082,#2195,.T.);
#3711=EDGE_CURVE('',#3084,#3083,#2971,.T.);
#3712=EDGE_CURVE('',#3085,#3084,#2972,.T.);
#3713=EDGE_CURVE('',#3086,#3085,#2196,.T.);
#3714=EDGE_CURVE('',#3087,#3086,#2973,.T.);
#3715=EDGE_CURVE('',#3088,#3087,#2974,.T.);
#3716=EDGE_CURVE('',#3089,#3088,#2975,.T.);
#3717=EDGE_CURVE('',#3090,#3089,#2197,.T.);
#3718=EDGE_CURVE('',#3091,#3090,#2198,.T.);
#3719=EDGE_CURVE('',#3092,#3091,#2199,.T.);
#3720=EDGE_CURVE('',#3093,#3092,#2976,.T.);
#3721=EDGE_CURVE('',#3094,#3093,#2977,.T.);
#3722=EDGE_CURVE('',#3095,#3094,#2978,.T.);
#3723=EDGE_CURVE('',#3096,#3095,#2979,.T.);
#3724=EDGE_CURVE('',#3097,#3096,#2980,.T.);
#3725=EDGE_CURVE('',#3098,#3097,#2200,.T.);
#3726=EDGE_CURVE('',#3099,#3098,#2201,.T.);
#3727=EDGE_CURVE('',#3100,#3099,#2202,.T.);
#3728=EDGE_CURVE('',#3101,#3100,#2981,.T.);
#3729=EDGE_CURVE('',#3102,#3101,#2982,.T.);
#3730=EDGE_CURVE('',#3103,#3102,#2983,.T.);
#3731=EDGE_CURVE('',#3104,#3103,#2203,.T.);
#3732=EDGE_CURVE('',#3105,#3104,#2204,.T.);
#3733=EDGE_CURVE('',#3106,#3105,#2205,.T.);
#3734=EDGE_CURVE('',#3107,#3106,#2206,.T.);
#3735=EDGE_CURVE('',#3108,#3107,#2984,.T.);
#3736=EDGE_CURVE('',#3109,#3108,#2985,.T.);
#3737=EDGE_CURVE('',#3110,#3109,#2986,.T.);
#3738=EDGE_CURVE('',#3111,#3110,#2207,.T.);
#3739=EDGE_CURVE('',#3112,#3111,#2208,.T.);
#3740=EDGE_CURVE('',#3113,#3112,#2209,.T.);
#3741=EDGE_CURVE('',#3028,#3113,#2210,.T.);
#3742=EDGE_CURVE('',#3114,#3115,#2211,.T.);
#3743=EDGE_CURVE('',#3116,#3114,#2212,.T.);
#3744=EDGE_CURVE('',#3117,#3116,#2987,.T.);
#3745=EDGE_CURVE('',#3118,#3117,#2988,.T.);
#3746=EDGE_CURVE('',#3115,#3118,#2213,.T.);
#3747=EDGE_CURVE('',#3119,#3120,#2214,.T.);
#3748=EDGE_CURVE('',#3121,#3119,#2215,.T.);
#3749=EDGE_CURVE('',#3122,#3121,#2989,.T.);
#3750=EDGE_CURVE('',#3123,#3122,#2990,.T.);
#3751=EDGE_CURVE('',#3124,#3123,#2991,.T.);
#3752=EDGE_CURVE('',#3125,#3124,#2992,.T.);
#3753=EDGE_CURVE('',#3120,#3125,#2216,.T.);
#3754=EDGE_CURVE('',#3126,#3073,#2217,.T.);
#3755=EDGE_CURVE('',#3127,#3072,#2218,.T.);
#3756=EDGE_CURVE('',#3126,#3127,#2219,.T.);
#3757=EDGE_CURVE('',#3128,#3129,#2220,.T.);
#3758=EDGE_CURVE('',#3128,#3121,#2221,.T.);
#3759=EDGE_CURVE('',#3129,#3119,#2222,.T.);
#3760=EDGE_CURVE('',#3130,#3128,#2993,.T.);
#3761=EDGE_CURVE('',#3130,#3122,#2223,.T.);
#3762=EDGE_CURVE('',#3131,#3130,#2994,.T.);
#3763=EDGE_CURVE('',#3131,#3123,#2224,.T.);
#3764=EDGE_CURVE('',#3132,#3131,#2995,.T.);
#3765=EDGE_CURVE('',#3132,#3124,#2225,.T.);
#3766=EDGE_CURVE('',#3133,#3132,#2996,.T.);
#3767=EDGE_CURVE('',#3133,#3125,#2226,.T.);
#3768=EDGE_CURVE('',#3134,#3133,#2227,.T.);
#3769=EDGE_CURVE('',#3134,#3120,#2228,.T.);
#3770=EDGE_CURVE('',#3129,#3134,#2229,.T.);
#3771=EDGE_CURVE('',#3135,#3136,#2230,.T.);
#3772=EDGE_CURVE('',#3135,#3116,#2231,.T.);
#3773=EDGE_CURVE('',#3136,#3114,#2232,.T.);
#3774=EDGE_CURVE('',#3137,#3135,#2997,.T.);
#3775=EDGE_CURVE('',#3137,#3117,#2233,.T.);
#3776=EDGE_CURVE('',#3138,#3137,#2998,.T.);
#3777=EDGE_CURVE('',#3138,#3118,#2234,.T.);
#3778=EDGE_CURVE('',#3139,#3138,#2235,.T.);
#3779=EDGE_CURVE('',#3139,#3115,#2236,.T.);
#3780=EDGE_CURVE('',#3136,#3139,#2237,.T.);
#3781=EDGE_CURVE('',#3140,#3064,#2999,.T.);
#3782=EDGE_CURVE('',#3140,#3066,#2238,.T.);
#3783=EDGE_CURVE('',#3141,#3140,#3000,.T.);
#3784=EDGE_CURVE('',#3141,#3067,#2239,.T.);
#3785=EDGE_CURVE('',#3142,#3141,#3001,.T.);
#3786=EDGE_CURVE('',#3142,#3068,#2240,.T.);
#3787=EDGE_CURVE('',#3143,#3142,#3002,.T.);
#3788=EDGE_CURVE('',#3143,#3069,#2241,.T.);
#3789=EDGE_CURVE('',#3144,#3143,#3003,.T.);
#3790=EDGE_CURVE('',#3144,#3070,#2242,.T.);
#3791=EDGE_CURVE('',#3145,#3144,#3004,.T.);
#3792=EDGE_CURVE('',#3145,#3071,#2243,.T.);
#3793=EDGE_CURVE('',#3127,#3145,#3005,.T.);
#3794=EDGE_CURVE('',#3146,#3111,#2244,.T.);
#3795=EDGE_CURVE('',#3147,#3146,#2245,.T.);
#3796=EDGE_CURVE('',#3147,#3112,#2246,.T.);
#3797=EDGE_CURVE('',#3148,#3147,#2247,.T.);
#3798=EDGE_CURVE('',#3148,#3113,#2248,.T.);
#3799=EDGE_CURVE('',#3029,#3148,#2249,.T.);
#3800=EDGE_CURVE('',#3103,#3149,#3006,.T.);
#3801=EDGE_CURVE('',#3150,#3149,#2250,.T.);
#3802=EDGE_CURVE('',#3150,#3104,#2251,.T.);
#3803=EDGE_CURVE('',#3151,#3152,#2252,.T.);
#3804=EDGE_CURVE('',#3151,#3083,#2253,.T.);
#3805=EDGE_CURVE('',#3152,#3082,#2254,.T.);
#3806=EDGE_CURVE('',#3153,#3151,#3007,.T.);
#3807=EDGE_CURVE('',#3153,#3084,#2255,.T.);
#3808=EDGE_CURVE('',#3154,#3153,#3008,.T.);
#3809=EDGE_CURVE('',#3154,#3085,#2256,.T.);
#3810=EDGE_CURVE('',#3155,#3086,#3009,.T.);
#3811=EDGE_CURVE('',#3155,#3154,#2257,.T.);
#3812=EDGE_CURVE('',#3156,#3150,#2258,.T.);
#3813=EDGE_CURVE('',#3156,#3105,#2259,.T.);
#3814=EDGE_CURVE('',#3157,#3156,#2260,.T.);
#3815=EDGE_CURVE('',#3157,#3106,#2261,.T.);
#3816=EDGE_CURVE('',#3158,#3157,#2262,.T.);
#3817=EDGE_CURVE('',#3158,#3107,#2263,.T.);
#3818=EDGE_CURVE('',#3159,#3158,#3010,.T.);
#3819=EDGE_CURVE('',#3159,#3108,#2264,.T.);
#3820=EDGE_CURVE('',#3160,#3159,#3011,.T.);
#3821=EDGE_CURVE('',#3160,#3109,#2265,.T.);
#3822=EDGE_CURVE('',#3161,#3160,#3012,.T.);
#3823=EDGE_CURVE('',#3161,#3110,#2266,.T.);
#3824=EDGE_CURVE('',#3146,#3161,#2267,.T.);
#3825=EDGE_CURVE('',#3162,#3126,#2268,.T.);
#3826=EDGE_CURVE('',#3162,#3074,#2269,.T.);
#3827=EDGE_CURVE('',#3163,#3162,#3013,.T.);
#3828=EDGE_CURVE('',#3163,#3075,#2270,.T.);
#3829=EDGE_CURVE('',#3164,#3163,#3014,.T.);
#3830=EDGE_CURVE('',#3164,#3076,#2271,.T.);
#3831=EDGE_CURVE('',#3165,#3164,#3015,.T.);
#3832=EDGE_CURVE('',#3165,#3077,#2272,.T.);
#3833=EDGE_CURVE('',#3166,#3165,#3016,.T.);
#3834=EDGE_CURVE('',#3166,#3078,#2273,.T.);
#3835=EDGE_CURVE('',#3167,#3166,#2274,.T.);
#3836=EDGE_CURVE('',#3167,#3079,#2275,.T.);
#3837=EDGE_CURVE('',#3168,#3167,#2276,.T.);
#3838=EDGE_CURVE('',#3168,#3080,#2277,.T.);
#3839=EDGE_CURVE('',#3169,#3168,#2278,.T.);
#3840=EDGE_CURVE('',#3169,#3081,#2279,.T.);
#3841=EDGE_CURVE('',#3152,#3169,#2280,.T.);
#3842=EDGE_CURVE('',#3170,#3155,#3017,.T.);
#3843=EDGE_CURVE('',#3170,#3087,#2281,.T.);
#3844=EDGE_CURVE('',#3171,#3172,#2282,.T.);
#3845=EDGE_CURVE('',#3171,#3092,#2283,.T.);
#3846=EDGE_CURVE('',#3172,#3091,#2284,.T.);
#3847=EDGE_CURVE('',#3173,#3171,#3018,.T.);
#3848=EDGE_CURVE('',#3173,#3093,#2285,.T.);
#3849=EDGE_CURVE('',#3174,#3173,#3019,.T.);
#3850=EDGE_CURVE('',#3174,#3094,#2286,.T.);
#3851=EDGE_CURVE('',#3175,#3174,#3020,.T.);
#3852=EDGE_CURVE('',#3175,#3095,#2287,.T.);
#3853=EDGE_CURVE('',#3176,#3175,#3021,.T.);
#3854=EDGE_CURVE('',#3176,#3096,#2288,.T.);
#3855=EDGE_CURVE('',#3177,#3176,#3022,.T.);
#3856=EDGE_CURVE('',#3177,#3097,#2289,.T.);
#3857=EDGE_CURVE('',#3178,#3177,#2290,.T.);
#3858=EDGE_CURVE('',#3178,#3098,#2291,.T.);
#3859=EDGE_CURVE('',#3179,#3178,#2292,.T.);
#3860=EDGE_CURVE('',#3179,#3099,#2293,.T.);
#3861=EDGE_CURVE('',#3180,#3179,#2294,.T.);
#3862=EDGE_CURVE('',#3180,#3100,#2295,.T.);
#3863=EDGE_CURVE('',#3181,#3180,#3023,.T.);
#3864=EDGE_CURVE('',#3181,#3101,#2296,.T.);
#3865=EDGE_CURVE('',#3182,#3181,#3024,.T.);
#3866=EDGE_CURVE('',#3182,#3102,#2297,.T.);
#3867=EDGE_CURVE('',#3149,#3182,#3025,.T.);
#3868=EDGE_CURVE('',#3183,#3170,#3026,.T.);
#3869=EDGE_CURVE('',#3183,#3088,#2298,.T.);
#3870=EDGE_CURVE('',#3184,#3183,#3027,.T.);
#3871=EDGE_CURVE('',#3184,#3089,#2299,.T.);
#3872=EDGE_CURVE('',#3185,#3184,#2300,.T.);
#3873=EDGE_CURVE('',#3185,#3090,#2301,.T.);
#3874=EDGE_CURVE('',#3172,#3185,#2302,.T.);
#3875=EDGE_CURVE('',#3186,#3187,#2303,.T.);
#3876=EDGE_CURVE('',#3188,#3186,#232,.T.);
#3877=EDGE_CURVE('',#3189,#3188,#2304,.T.);
#3878=EDGE_CURVE('',#3189,#3190,#233,.T.);
#3879=EDGE_CURVE('',#3191,#3190,#2305,.T.);
#3880=EDGE_CURVE('',#3191,#3192,#234,.T.);
#3881=EDGE_CURVE('',#3193,#3192,#2306,.T.);
#3882=EDGE_CURVE('',#3193,#3194,#235,.T.);
#3883=EDGE_CURVE('',#3195,#3194,#2307,.T.);
#3884=EDGE_CURVE('',#3195,#3196,#236,.T.);
#3885=EDGE_CURVE('',#3197,#3196,#2308,.T.);
#3886=EDGE_CURVE('',#3197,#3198,#237,.T.);
#3887=EDGE_CURVE('',#3199,#3198,#2309,.T.);
#3888=EDGE_CURVE('',#3199,#3200,#238,.T.);
#3889=EDGE_CURVE('',#3201,#3200,#2310,.T.);
#3890=EDGE_CURVE('',#3201,#3202,#239,.T.);
#3891=EDGE_CURVE('',#3203,#3202,#2311,.T.);
#3892=EDGE_CURVE('',#3203,#3187,#240,.T.);
#3893=EDGE_CURVE('',#3204,#3204,#241,.T.);
#3894=EDGE_CURVE('',#3205,#3205,#242,.T.);
#3895=EDGE_CURVE('',#3206,#3206,#243,.T.);
#3896=EDGE_CURVE('',#3207,#3207,#244,.T.);
#3897=EDGE_CURVE('',#3208,#3208,#245,.T.);
#3898=EDGE_CURVE('',#3209,#3209,#246,.T.);
#3899=EDGE_CURVE('',#3210,#3210,#247,.T.);
#3900=EDGE_CURVE('',#3211,#3211,#248,.T.);
#3901=EDGE_CURVE('',#3212,#3212,#249,.T.);
#3902=EDGE_CURVE('',#3213,#3213,#250,.T.);
#3903=EDGE_CURVE('',#3214,#3214,#251,.T.);
#3904=EDGE_CURVE('',#3215,#3215,#252,.T.);
#3905=EDGE_CURVE('',#3216,#3216,#253,.T.);
#3906=EDGE_CURVE('',#3217,#3217,#254,.T.);
#3907=EDGE_CURVE('',#3218,#3218,#255,.T.);
#3908=EDGE_CURVE('',#3219,#3219,#256,.T.);
#3909=EDGE_CURVE('',#3220,#3220,#257,.T.);
#3910=EDGE_CURVE('',#3221,#3221,#258,.T.);
#3911=EDGE_CURVE('',#3222,#3222,#259,.T.);
#3912=EDGE_CURVE('',#3223,#3223,#260,.T.);
#3913=EDGE_CURVE('',#3224,#3224,#261,.T.);
#3914=EDGE_CURVE('',#3225,#3225,#262,.T.);
#3915=EDGE_CURVE('',#3226,#3226,#263,.T.);
#3916=EDGE_CURVE('',#3227,#3227,#264,.T.);
#3917=EDGE_CURVE('',#3228,#3228,#265,.T.);
#3918=EDGE_CURVE('',#3229,#3229,#266,.T.);
#3919=EDGE_CURVE('',#3230,#3230,#267,.T.);
#3920=EDGE_CURVE('',#3231,#3231,#268,.T.);
#3921=EDGE_CURVE('',#3232,#3232,#269,.T.);
#3922=EDGE_CURVE('',#3233,#3233,#270,.T.);
#3923=EDGE_CURVE('',#3234,#3234,#271,.T.);
#3924=EDGE_CURVE('',#3235,#3235,#272,.T.);
#3925=EDGE_CURVE('',#3236,#3236,#273,.T.);
#3926=EDGE_CURVE('',#3237,#3237,#274,.T.);
#3927=EDGE_CURVE('',#3238,#3238,#275,.T.);
#3928=EDGE_CURVE('',#3239,#3239,#276,.T.);
#3929=EDGE_CURVE('',#3240,#3240,#277,.T.);
#3930=EDGE_CURVE('',#3241,#3241,#278,.T.);
#3931=EDGE_CURVE('',#3242,#3242,#279,.T.);
#3932=EDGE_CURVE('',#3243,#3243,#280,.T.);
#3933=EDGE_CURVE('',#3244,#3244,#281,.T.);
#3934=EDGE_CURVE('',#3245,#3245,#282,.T.);
#3935=EDGE_CURVE('',#3246,#3246,#283,.T.);
#3936=EDGE_CURVE('',#3247,#3247,#284,.T.);
#3937=EDGE_CURVE('',#3248,#3248,#285,.T.);
#3938=EDGE_CURVE('',#3249,#3249,#286,.T.);
#3939=EDGE_CURVE('',#3250,#3250,#287,.T.);
#3940=EDGE_CURVE('',#3251,#3251,#288,.T.);
#3941=EDGE_CURVE('',#3252,#3252,#289,.T.);
#3942=EDGE_CURVE('',#3253,#3253,#290,.T.);
#3943=EDGE_CURVE('',#3254,#3254,#291,.T.);
#3944=EDGE_CURVE('',#3255,#3255,#292,.T.);
#3945=EDGE_CURVE('',#3256,#3256,#293,.T.);
#3946=EDGE_CURVE('',#3257,#3257,#294,.T.);
#3947=EDGE_CURVE('',#3258,#3258,#295,.T.);
#3948=EDGE_CURVE('',#3259,#3259,#296,.T.);
#3949=EDGE_CURVE('',#3260,#3260,#297,.T.);
#3950=EDGE_CURVE('',#3261,#3261,#298,.T.);
#3951=EDGE_CURVE('',#3262,#3262,#299,.T.);
#3952=EDGE_CURVE('',#3263,#3263,#300,.T.);
#3953=EDGE_CURVE('',#3264,#3264,#301,.T.);
#3954=EDGE_CURVE('',#3265,#3265,#302,.T.);
#3955=EDGE_CURVE('',#3266,#3266,#303,.T.);
#3956=EDGE_CURVE('',#3267,#3267,#304,.T.);
#3957=EDGE_CURVE('',#3268,#3268,#305,.T.);
#3958=EDGE_CURVE('',#3269,#3269,#306,.T.);
#3959=EDGE_CURVE('',#3270,#3270,#307,.T.);
#3960=EDGE_CURVE('',#3271,#3271,#308,.T.);
#3961=EDGE_CURVE('',#3272,#3272,#309,.T.);
#3962=EDGE_CURVE('',#3273,#3273,#310,.T.);
#3963=EDGE_CURVE('',#3274,#3274,#311,.T.);
#3964=EDGE_CURVE('',#3275,#3275,#312,.T.);
#3965=EDGE_CURVE('',#3276,#3276,#313,.T.);
#3966=EDGE_CURVE('',#3277,#3277,#314,.T.);
#3967=EDGE_CURVE('',#3278,#3278,#315,.T.);
#3968=EDGE_CURVE('',#3279,#3279,#316,.T.);
#3969=EDGE_CURVE('',#3280,#3280,#317,.T.);
#3970=EDGE_CURVE('',#3281,#3281,#318,.T.);
#3971=EDGE_CURVE('',#3282,#3282,#319,.T.);
#3972=EDGE_CURVE('',#3283,#3283,#320,.T.);
#3973=EDGE_CURVE('',#3284,#3284,#321,.T.);
#3974=EDGE_CURVE('',#3285,#3285,#322,.T.);
#3975=EDGE_CURVE('',#3286,#3286,#323,.T.);
#3976=EDGE_CURVE('',#3287,#3287,#324,.T.);
#3977=EDGE_CURVE('',#3288,#3288,#325,.T.);
#3978=EDGE_CURVE('',#3289,#3289,#326,.T.);
#3979=EDGE_CURVE('',#3290,#3290,#327,.T.);
#3980=EDGE_CURVE('',#3291,#3291,#328,.T.);
#3981=EDGE_CURVE('',#3292,#3292,#329,.T.);
#3982=EDGE_CURVE('',#3293,#3293,#330,.T.);
#3983=EDGE_CURVE('',#3294,#3294,#331,.T.);
#3984=EDGE_CURVE('',#3295,#3295,#332,.T.);
#3985=EDGE_CURVE('',#3296,#3296,#333,.T.);
#3986=EDGE_CURVE('',#3297,#3297,#334,.T.);
#3987=EDGE_CURVE('',#3298,#3298,#335,.T.);
#3988=EDGE_CURVE('',#3299,#3299,#336,.T.);
#3989=EDGE_CURVE('',#3300,#3300,#337,.T.);
#3990=EDGE_CURVE('',#3301,#3301,#338,.T.);
#3991=EDGE_CURVE('',#3302,#3302,#339,.T.);
#3992=EDGE_CURVE('',#3303,#3303,#340,.T.);
#3993=EDGE_CURVE('',#3304,#3304,#341,.T.);
#3994=EDGE_CURVE('',#3305,#3305,#342,.T.);
#3995=EDGE_CURVE('',#3306,#3306,#343,.T.);
#3996=EDGE_CURVE('',#3307,#3307,#344,.T.);
#3997=EDGE_CURVE('',#3308,#3308,#345,.T.);
#3998=EDGE_CURVE('',#3309,#3309,#346,.T.);
#3999=EDGE_CURVE('',#3310,#3310,#347,.T.);
#4000=EDGE_CURVE('',#3311,#3311,#348,.T.);
#4001=EDGE_CURVE('',#3312,#3312,#349,.T.);
#4002=EDGE_CURVE('',#3313,#3313,#350,.T.);
#4003=EDGE_CURVE('',#3314,#3314,#351,.T.);
#4004=EDGE_CURVE('',#3315,#3315,#352,.T.);
#4005=EDGE_CURVE('',#3316,#3316,#353,.T.);
#4006=EDGE_CURVE('',#3317,#3317,#354,.T.);
#4007=EDGE_CURVE('',#3318,#3318,#355,.T.);
#4008=EDGE_CURVE('',#3319,#3319,#356,.T.);
#4009=EDGE_CURVE('',#3320,#3320,#357,.T.);
#4010=EDGE_CURVE('',#3321,#3321,#358,.T.);
#4011=EDGE_CURVE('',#3322,#3322,#359,.T.);
#4012=EDGE_CURVE('',#3323,#3323,#360,.T.);
#4013=EDGE_CURVE('',#3324,#3324,#361,.T.);
#4014=EDGE_CURVE('',#3325,#3325,#362,.T.);
#4015=EDGE_CURVE('',#3326,#3326,#363,.T.);
#4016=EDGE_CURVE('',#3327,#3327,#364,.T.);
#4017=EDGE_CURVE('',#3328,#3328,#365,.T.);
#4018=EDGE_CURVE('',#3329,#3329,#366,.T.);
#4019=EDGE_CURVE('',#3330,#3330,#367,.T.);
#4020=EDGE_CURVE('',#3331,#3331,#368,.T.);
#4021=EDGE_CURVE('',#3332,#3332,#369,.T.);
#4022=EDGE_CURVE('',#3333,#3333,#370,.T.);
#4023=EDGE_CURVE('',#3334,#3334,#371,.T.);
#4024=EDGE_CURVE('',#3335,#3335,#372,.T.);
#4025=EDGE_CURVE('',#3336,#3336,#373,.T.);
#4026=EDGE_CURVE('',#3337,#3337,#374,.T.);
#4027=EDGE_CURVE('',#3338,#3338,#375,.T.);
#4028=EDGE_CURVE('',#3339,#3339,#376,.T.);
#4029=EDGE_CURVE('',#3340,#3340,#377,.T.);
#4030=EDGE_CURVE('',#3341,#3341,#378,.T.);
#4031=EDGE_CURVE('',#3342,#3342,#379,.T.);
#4032=EDGE_CURVE('',#3343,#3343,#380,.T.);
#4033=EDGE_CURVE('',#3344,#3344,#381,.T.);
#4034=EDGE_CURVE('',#3345,#3345,#382,.T.);
#4035=EDGE_CURVE('',#3346,#3346,#383,.T.);
#4036=EDGE_CURVE('',#3347,#3347,#384,.T.);
#4037=EDGE_CURVE('',#3348,#3348,#385,.T.);
#4038=EDGE_CURVE('',#3349,#3349,#386,.T.);
#4039=EDGE_CURVE('',#3350,#3350,#387,.T.);
#4040=EDGE_CURVE('',#3351,#3351,#388,.T.);
#4041=EDGE_CURVE('',#3352,#3352,#389,.T.);
#4042=EDGE_CURVE('',#3353,#3353,#390,.T.);
#4043=EDGE_CURVE('',#3354,#3354,#391,.T.);
#4044=EDGE_CURVE('',#3355,#3355,#392,.T.);
#4045=EDGE_CURVE('',#3356,#3356,#393,.T.);
#4046=EDGE_CURVE('',#3357,#3357,#394,.T.);
#4047=EDGE_CURVE('',#3358,#3358,#395,.T.);
#4048=EDGE_CURVE('',#3359,#3359,#396,.T.);
#4049=EDGE_CURVE('',#3360,#3360,#397,.T.);
#4050=EDGE_CURVE('',#3361,#3361,#398,.T.);
#4051=EDGE_CURVE('',#3362,#3362,#399,.T.);
#4052=EDGE_CURVE('',#3363,#3363,#400,.T.);
#4053=EDGE_CURVE('',#3364,#3364,#401,.T.);
#4054=EDGE_CURVE('',#3365,#3365,#402,.T.);
#4055=EDGE_CURVE('',#3366,#3366,#403,.T.);
#4056=EDGE_CURVE('',#3367,#3367,#404,.T.);
#4057=EDGE_CURVE('',#3368,#3368,#405,.T.);
#4058=EDGE_CURVE('',#3369,#3369,#406,.T.);
#4059=EDGE_CURVE('',#3370,#3370,#407,.T.);
#4060=EDGE_CURVE('',#3371,#3371,#408,.T.);
#4061=EDGE_CURVE('',#3372,#3372,#409,.T.);
#4062=EDGE_CURVE('',#3373,#3373,#410,.T.);
#4063=EDGE_CURVE('',#3374,#3374,#411,.T.);
#4064=EDGE_CURVE('',#3375,#3375,#412,.T.);
#4065=EDGE_CURVE('',#3376,#3376,#413,.T.);
#4066=EDGE_CURVE('',#3377,#3377,#414,.T.);
#4067=EDGE_CURVE('',#3378,#3378,#415,.T.);
#4068=EDGE_CURVE('',#3379,#3379,#416,.T.);
#4069=EDGE_CURVE('',#3380,#3380,#417,.T.);
#4070=EDGE_CURVE('',#3381,#3381,#418,.T.);
#4071=EDGE_CURVE('',#3382,#3382,#419,.T.);
#4072=EDGE_CURVE('',#3383,#3383,#420,.T.);
#4073=EDGE_CURVE('',#3384,#3384,#421,.T.);
#4074=EDGE_CURVE('',#3385,#3385,#422,.T.);
#4075=EDGE_CURVE('',#3386,#3386,#423,.T.);
#4076=EDGE_CURVE('',#3387,#3387,#424,.T.);
#4077=EDGE_CURVE('',#3388,#3388,#425,.T.);
#4078=EDGE_CURVE('',#3389,#3389,#426,.T.);
#4079=EDGE_CURVE('',#3390,#3390,#427,.T.);
#4080=EDGE_CURVE('',#3391,#3391,#428,.T.);
#4081=EDGE_CURVE('',#3392,#3392,#429,.T.);
#4082=EDGE_CURVE('',#3393,#3393,#430,.T.);
#4083=EDGE_CURVE('',#3394,#3394,#431,.T.);
#4084=EDGE_CURVE('',#3395,#3395,#432,.T.);
#4085=EDGE_CURVE('',#3396,#3396,#433,.T.);
#4086=EDGE_CURVE('',#3397,#3397,#434,.T.);
#4087=EDGE_CURVE('',#3398,#3398,#435,.T.);
#4088=EDGE_CURVE('',#3399,#3399,#436,.T.);
#4089=EDGE_CURVE('',#3400,#3400,#437,.T.);
#4090=EDGE_CURVE('',#3401,#3401,#438,.T.);
#4091=EDGE_CURVE('',#3402,#3402,#439,.T.);
#4092=EDGE_CURVE('',#3403,#3403,#440,.T.);
#4093=EDGE_CURVE('',#3404,#3404,#441,.T.);
#4094=EDGE_CURVE('',#3405,#3405,#442,.T.);
#4095=EDGE_CURVE('',#3406,#3406,#443,.T.);
#4096=EDGE_CURVE('',#3407,#3407,#444,.T.);
#4097=EDGE_CURVE('',#3408,#3408,#445,.T.);
#4098=EDGE_CURVE('',#3409,#3409,#446,.T.);
#4099=EDGE_CURVE('',#3410,#3410,#447,.T.);
#4100=EDGE_CURVE('',#3411,#3411,#448,.T.);
#4101=EDGE_CURVE('',#3412,#3413,#2312,.T.);
#4102=EDGE_CURVE('',#3186,#3413,#2313,.T.);
#4103=EDGE_CURVE('',#3187,#3412,#2314,.T.);
#4104=EDGE_CURVE('',#3413,#3414,#449,.T.);
#4105=EDGE_CURVE('',#3188,#3414,#2315,.T.);
#4106=EDGE_CURVE('',#3414,#3415,#2316,.T.);
#4107=EDGE_CURVE('',#3415,#3189,#2317,.T.);
#4108=EDGE_CURVE('',#3412,#3416,#450,.T.);
#4109=EDGE_CURVE('',#3416,#3417,#2318,.T.);
#4110=EDGE_CURVE('',#3417,#3418,#451,.T.);
#4111=EDGE_CURVE('',#3418,#3419,#2319,.T.);
#4112=EDGE_CURVE('',#3419,#3420,#452,.T.);
#4113=EDGE_CURVE('',#3420,#3421,#2320,.T.);
#4114=EDGE_CURVE('',#3421,#3422,#453,.T.);
#4115=EDGE_CURVE('',#3423,#3422,#2321,.T.);
#4116=EDGE_CURVE('',#3423,#3424,#454,.T.);
#4117=EDGE_CURVE('',#3424,#3425,#2322,.T.);
#4118=EDGE_CURVE('',#3425,#3426,#455,.T.);
#4119=EDGE_CURVE('',#3426,#3427,#2323,.T.);
#4120=EDGE_CURVE('',#3427,#3428,#456,.T.);
#4121=EDGE_CURVE('',#3428,#3429,#2324,.T.);
#4122=EDGE_CURVE('',#3429,#3415,#457,.T.);
#4123=EDGE_CURVE('',#3430,#3430,#458,.T.);
#4124=EDGE_CURVE('',#3431,#3431,#459,.T.);
#4125=EDGE_CURVE('',#3432,#3432,#460,.T.);
#4126=EDGE_CURVE('',#3433,#3433,#461,.T.);
#4127=EDGE_CURVE('',#3434,#3434,#462,.T.);
#4128=EDGE_CURVE('',#3435,#3435,#463,.T.);
#4129=EDGE_CURVE('',#3436,#3436,#464,.T.);
#4130=EDGE_CURVE('',#3437,#3437,#465,.T.);
#4131=EDGE_CURVE('',#3438,#3438,#466,.T.);
#4132=EDGE_CURVE('',#3439,#3439,#467,.T.);
#4133=EDGE_CURVE('',#3440,#3440,#468,.T.);
#4134=EDGE_CURVE('',#3441,#3441,#469,.T.);
#4135=EDGE_CURVE('',#3442,#3442,#470,.T.);
#4136=EDGE_CURVE('',#3443,#3443,#471,.T.);
#4137=EDGE_CURVE('',#3444,#3444,#472,.T.);
#4138=EDGE_CURVE('',#3445,#3445,#473,.T.);
#4139=EDGE_CURVE('',#3446,#3446,#474,.T.);
#4140=EDGE_CURVE('',#3447,#3447,#475,.T.);
#4141=EDGE_CURVE('',#3448,#3448,#476,.T.);
#4142=EDGE_CURVE('',#3449,#3449,#477,.T.);
#4143=EDGE_CURVE('',#3450,#3450,#478,.T.);
#4144=EDGE_CURVE('',#3451,#3451,#479,.T.);
#4145=EDGE_CURVE('',#3452,#3452,#480,.T.);
#4146=EDGE_CURVE('',#3453,#3453,#481,.T.);
#4147=EDGE_CURVE('',#3454,#3454,#482,.T.);
#4148=EDGE_CURVE('',#3455,#3455,#483,.T.);
#4149=EDGE_CURVE('',#3456,#3456,#484,.T.);
#4150=EDGE_CURVE('',#3457,#3457,#485,.T.);
#4151=EDGE_CURVE('',#3458,#3458,#486,.T.);
#4152=EDGE_CURVE('',#3459,#3459,#487,.T.);
#4153=EDGE_CURVE('',#3460,#3460,#488,.T.);
#4154=EDGE_CURVE('',#3461,#3461,#489,.T.);
#4155=EDGE_CURVE('',#3462,#3462,#490,.T.);
#4156=EDGE_CURVE('',#3463,#3463,#491,.T.);
#4157=EDGE_CURVE('',#3464,#3464,#492,.T.);
#4158=EDGE_CURVE('',#3465,#3465,#493,.T.);
#4159=EDGE_CURVE('',#3466,#3466,#494,.T.);
#4160=EDGE_CURVE('',#3467,#3467,#495,.T.);
#4161=EDGE_CURVE('',#3468,#3468,#496,.T.);
#4162=EDGE_CURVE('',#3469,#3469,#497,.T.);
#4163=EDGE_CURVE('',#3470,#3470,#498,.T.);
#4164=EDGE_CURVE('',#3471,#3471,#499,.T.);
#4165=EDGE_CURVE('',#3472,#3472,#500,.T.);
#4166=EDGE_CURVE('',#3473,#3473,#501,.T.);
#4167=EDGE_CURVE('',#3474,#3474,#502,.T.);
#4168=EDGE_CURVE('',#3475,#3475,#503,.T.);
#4169=EDGE_CURVE('',#3476,#3476,#504,.T.);
#4170=EDGE_CURVE('',#3477,#3477,#505,.T.);
#4171=EDGE_CURVE('',#3478,#3478,#506,.T.);
#4172=EDGE_CURVE('',#3479,#3479,#507,.T.);
#4173=EDGE_CURVE('',#3480,#3480,#508,.T.);
#4174=EDGE_CURVE('',#3481,#3481,#509,.T.);
#4175=EDGE_CURVE('',#3482,#3482,#510,.T.);
#4176=EDGE_CURVE('',#3483,#3483,#511,.T.);
#4177=EDGE_CURVE('',#3484,#3484,#512,.T.);
#4178=EDGE_CURVE('',#3485,#3485,#513,.T.);
#4179=EDGE_CURVE('',#3486,#3486,#514,.T.);
#4180=EDGE_CURVE('',#3487,#3487,#515,.T.);
#4181=EDGE_CURVE('',#3488,#3488,#516,.T.);
#4182=EDGE_CURVE('',#3489,#3489,#517,.T.);
#4183=EDGE_CURVE('',#3490,#3490,#518,.T.);
#4184=EDGE_CURVE('',#3491,#3491,#519,.T.);
#4185=EDGE_CURVE('',#3492,#3492,#520,.T.);
#4186=EDGE_CURVE('',#3493,#3493,#521,.T.);
#4187=EDGE_CURVE('',#3494,#3494,#522,.T.);
#4188=EDGE_CURVE('',#3495,#3495,#523,.T.);
#4189=EDGE_CURVE('',#3496,#3496,#524,.T.);
#4190=EDGE_CURVE('',#3497,#3497,#525,.T.);
#4191=EDGE_CURVE('',#3498,#3498,#526,.T.);
#4192=EDGE_CURVE('',#3499,#3499,#527,.T.);
#4193=EDGE_CURVE('',#3500,#3500,#528,.T.);
#4194=EDGE_CURVE('',#3501,#3501,#529,.T.);
#4195=EDGE_CURVE('',#3502,#3502,#530,.T.);
#4196=EDGE_CURVE('',#3503,#3503,#531,.T.);
#4197=EDGE_CURVE('',#3504,#3504,#532,.T.);
#4198=EDGE_CURVE('',#3505,#3505,#533,.T.);
#4199=EDGE_CURVE('',#3506,#3506,#534,.T.);
#4200=EDGE_CURVE('',#3507,#3507,#535,.T.);
#4201=EDGE_CURVE('',#3508,#3508,#536,.T.);
#4202=EDGE_CURVE('',#3509,#3509,#537,.T.);
#4203=EDGE_CURVE('',#3510,#3510,#538,.T.);
#4204=EDGE_CURVE('',#3511,#3511,#539,.T.);
#4205=EDGE_CURVE('',#3512,#3512,#540,.T.);
#4206=EDGE_CURVE('',#3513,#3513,#541,.T.);
#4207=EDGE_CURVE('',#3514,#3514,#542,.T.);
#4208=EDGE_CURVE('',#3515,#3515,#543,.T.);
#4209=EDGE_CURVE('',#3516,#3516,#544,.T.);
#4210=EDGE_CURVE('',#3517,#3517,#545,.T.);
#4211=EDGE_CURVE('',#3518,#3518,#546,.T.);
#4212=EDGE_CURVE('',#3519,#3519,#547,.T.);
#4213=EDGE_CURVE('',#3520,#3520,#548,.T.);
#4214=EDGE_CURVE('',#3521,#3521,#549,.T.);
#4215=EDGE_CURVE('',#3522,#3522,#550,.T.);
#4216=EDGE_CURVE('',#3523,#3523,#551,.T.);
#4217=EDGE_CURVE('',#3524,#3524,#552,.T.);
#4218=EDGE_CURVE('',#3525,#3525,#553,.T.);
#4219=EDGE_CURVE('',#3526,#3526,#554,.T.);
#4220=EDGE_CURVE('',#3527,#3527,#555,.T.);
#4221=EDGE_CURVE('',#3528,#3528,#556,.T.);
#4222=EDGE_CURVE('',#3529,#3529,#557,.T.);
#4223=EDGE_CURVE('',#3530,#3530,#558,.T.);
#4224=EDGE_CURVE('',#3531,#3531,#559,.T.);
#4225=EDGE_CURVE('',#3532,#3532,#560,.T.);
#4226=EDGE_CURVE('',#3533,#3533,#561,.T.);
#4227=EDGE_CURVE('',#3534,#3534,#562,.T.);
#4228=EDGE_CURVE('',#3535,#3535,#563,.T.);
#4229=EDGE_CURVE('',#3536,#3536,#564,.T.);
#4230=EDGE_CURVE('',#3537,#3537,#565,.T.);
#4231=EDGE_CURVE('',#3538,#3538,#566,.T.);
#4232=EDGE_CURVE('',#3539,#3539,#567,.T.);
#4233=EDGE_CURVE('',#3540,#3540,#568,.T.);
#4234=EDGE_CURVE('',#3541,#3541,#569,.T.);
#4235=EDGE_CURVE('',#3542,#3542,#570,.T.);
#4236=EDGE_CURVE('',#3543,#3543,#571,.T.);
#4237=EDGE_CURVE('',#3544,#3544,#572,.T.);
#4238=EDGE_CURVE('',#3545,#3545,#573,.T.);
#4239=EDGE_CURVE('',#3546,#3546,#574,.T.);
#4240=EDGE_CURVE('',#3547,#3547,#575,.T.);
#4241=EDGE_CURVE('',#3548,#3548,#576,.T.);
#4242=EDGE_CURVE('',#3549,#3549,#577,.T.);
#4243=EDGE_CURVE('',#3550,#3550,#578,.T.);
#4244=EDGE_CURVE('',#3551,#3551,#579,.T.);
#4245=EDGE_CURVE('',#3552,#3552,#580,.T.);
#4246=EDGE_CURVE('',#3553,#3553,#581,.T.);
#4247=EDGE_CURVE('',#3554,#3554,#582,.T.);
#4248=EDGE_CURVE('',#3555,#3555,#583,.T.);
#4249=EDGE_CURVE('',#3556,#3556,#584,.T.);
#4250=EDGE_CURVE('',#3557,#3557,#585,.T.);
#4251=EDGE_CURVE('',#3558,#3558,#586,.T.);
#4252=EDGE_CURVE('',#3559,#3559,#587,.T.);
#4253=EDGE_CURVE('',#3560,#3560,#588,.T.);
#4254=EDGE_CURVE('',#3561,#3561,#589,.T.);
#4255=EDGE_CURVE('',#3562,#3562,#590,.T.);
#4256=EDGE_CURVE('',#3563,#3563,#591,.T.);
#4257=EDGE_CURVE('',#3564,#3564,#592,.T.);
#4258=EDGE_CURVE('',#3565,#3565,#593,.T.);
#4259=EDGE_CURVE('',#3566,#3566,#594,.T.);
#4260=EDGE_CURVE('',#3567,#3567,#595,.T.);
#4261=EDGE_CURVE('',#3568,#3568,#596,.T.);
#4262=EDGE_CURVE('',#3569,#3569,#597,.T.);
#4263=EDGE_CURVE('',#3570,#3570,#598,.T.);
#4264=EDGE_CURVE('',#3571,#3571,#599,.T.);
#4265=EDGE_CURVE('',#3572,#3572,#600,.T.);
#4266=EDGE_CURVE('',#3573,#3573,#601,.T.);
#4267=EDGE_CURVE('',#3574,#3574,#602,.T.);
#4268=EDGE_CURVE('',#3575,#3575,#603,.T.);
#4269=EDGE_CURVE('',#3576,#3576,#604,.T.);
#4270=EDGE_CURVE('',#3577,#3577,#605,.T.);
#4271=EDGE_CURVE('',#3578,#3578,#606,.T.);
#4272=EDGE_CURVE('',#3579,#3579,#607,.T.);
#4273=EDGE_CURVE('',#3580,#3580,#608,.T.);
#4274=EDGE_CURVE('',#3581,#3581,#609,.T.);
#4275=EDGE_CURVE('',#3582,#3582,#610,.T.);
#4276=EDGE_CURVE('',#3583,#3583,#611,.T.);
#4277=EDGE_CURVE('',#3584,#3584,#612,.T.);
#4278=EDGE_CURVE('',#3585,#3585,#613,.T.);
#4279=EDGE_CURVE('',#3586,#3586,#614,.T.);
#4280=EDGE_CURVE('',#3587,#3587,#615,.T.);
#4281=EDGE_CURVE('',#3588,#3588,#616,.T.);
#4282=EDGE_CURVE('',#3589,#3589,#617,.T.);
#4283=EDGE_CURVE('',#3590,#3590,#618,.T.);
#4284=EDGE_CURVE('',#3591,#3591,#619,.T.);
#4285=EDGE_CURVE('',#3592,#3592,#620,.T.);
#4286=EDGE_CURVE('',#3593,#3593,#621,.T.);
#4287=EDGE_CURVE('',#3594,#3594,#622,.T.);
#4288=EDGE_CURVE('',#3595,#3595,#623,.T.);
#4289=EDGE_CURVE('',#3596,#3596,#624,.T.);
#4290=EDGE_CURVE('',#3597,#3597,#625,.T.);
#4291=EDGE_CURVE('',#3598,#3598,#626,.T.);
#4292=EDGE_CURVE('',#3599,#3599,#627,.T.);
#4293=EDGE_CURVE('',#3600,#3600,#628,.T.);
#4294=EDGE_CURVE('',#3601,#3601,#629,.T.);
#4295=EDGE_CURVE('',#3602,#3602,#630,.T.);
#4296=EDGE_CURVE('',#3603,#3603,#631,.T.);
#4297=EDGE_CURVE('',#3604,#3604,#632,.T.);
#4298=EDGE_CURVE('',#3605,#3605,#633,.T.);
#4299=EDGE_CURVE('',#3606,#3606,#634,.T.);
#4300=EDGE_CURVE('',#3607,#3607,#635,.T.);
#4301=EDGE_CURVE('',#3608,#3608,#636,.T.);
#4302=EDGE_CURVE('',#3609,#3609,#637,.T.);
#4303=EDGE_CURVE('',#3610,#3610,#638,.T.);
#4304=EDGE_CURVE('',#3611,#3611,#639,.T.);
#4305=EDGE_CURVE('',#3612,#3612,#640,.T.);
#4306=EDGE_CURVE('',#3613,#3613,#641,.T.);
#4307=EDGE_CURVE('',#3614,#3614,#642,.T.);
#4308=EDGE_CURVE('',#3615,#3615,#643,.T.);
#4309=EDGE_CURVE('',#3616,#3616,#644,.T.);
#4310=EDGE_CURVE('',#3617,#3617,#645,.T.);
#4311=EDGE_CURVE('',#3618,#3618,#646,.T.);
#4312=EDGE_CURVE('',#3619,#3619,#647,.T.);
#4313=EDGE_CURVE('',#3620,#3620,#648,.T.);
#4314=EDGE_CURVE('',#3621,#3621,#649,.T.);
#4315=EDGE_CURVE('',#3622,#3622,#650,.T.);
#4316=EDGE_CURVE('',#3623,#3623,#651,.T.);
#4317=EDGE_CURVE('',#3624,#3624,#652,.T.);
#4318=EDGE_CURVE('',#3625,#3625,#653,.T.);
#4319=EDGE_CURVE('',#3626,#3626,#654,.T.);
#4320=EDGE_CURVE('',#3627,#3627,#655,.T.);
#4321=EDGE_CURVE('',#3628,#3628,#656,.T.);
#4322=EDGE_CURVE('',#3629,#3629,#657,.T.);
#4323=EDGE_CURVE('',#3630,#3630,#658,.T.);
#4324=EDGE_CURVE('',#3631,#3631,#659,.T.);
#4325=EDGE_CURVE('',#3632,#3632,#660,.T.);
#4326=EDGE_CURVE('',#3633,#3633,#661,.T.);
#4327=EDGE_CURVE('',#3634,#3634,#662,.T.);
#4328=EDGE_CURVE('',#3635,#3635,#663,.T.);
#4329=EDGE_CURVE('',#3636,#3636,#664,.T.);
#4330=EDGE_CURVE('',#3637,#3637,#665,.T.);
#4331=EDGE_CURVE('',#3190,#3429,#2325,.T.);
#4332=EDGE_CURVE('',#3428,#3191,#2326,.T.);
#4333=EDGE_CURVE('',#3192,#3427,#2327,.T.);
#4334=EDGE_CURVE('',#3416,#3203,#2328,.T.);
#4335=EDGE_CURVE('',#3202,#3417,#2329,.T.);
#4336=EDGE_CURVE('',#3418,#3201,#2330,.T.);
#4337=EDGE_CURVE('',#3420,#3199,#2331,.T.);
#4338=EDGE_CURVE('',#3200,#3419,#2332,.T.);
#4339=EDGE_CURVE('',#3198,#3421,#2333,.T.);
#4340=EDGE_CURVE('',#3422,#3197,#2334,.T.);
#4341=EDGE_CURVE('',#3426,#3193,#2335,.T.);
#4342=EDGE_CURVE('',#3194,#3425,#2336,.T.);
#4343=EDGE_CURVE('',#3196,#3423,#2337,.T.);
#4344=EDGE_CURVE('',#3424,#3195,#2338,.T.);
#4345=EDGE_CURVE('',#3204,#3637,#2339,.T.);
#4346=EDGE_CURVE('',#3205,#3636,#2340,.T.);
#4347=EDGE_CURVE('',#3206,#3635,#2341,.T.);
#4348=EDGE_CURVE('',#3207,#3634,#2342,.T.);
#4349=EDGE_CURVE('',#3208,#3633,#2343,.T.);
#4350=EDGE_CURVE('',#3209,#3632,#2344,.T.);
#4351=EDGE_CURVE('',#3210,#3631,#2345,.T.);
#4352=EDGE_CURVE('',#3211,#3630,#2346,.T.);
#4353=EDGE_CURVE('',#3212,#3629,#2347,.T.);
#4354=EDGE_CURVE('',#3213,#3628,#2348,.T.);
#4355=EDGE_CURVE('',#3214,#3627,#2349,.T.);
#4356=EDGE_CURVE('',#3215,#3626,#2350,.T.);
#4357=EDGE_CURVE('',#3216,#3625,#2351,.T.);
#4358=EDGE_CURVE('',#3217,#3624,#2352,.T.);
#4359=EDGE_CURVE('',#3218,#3623,#2353,.T.);
#4360=EDGE_CURVE('',#3219,#3622,#2354,.T.);
#4361=EDGE_CURVE('',#3220,#3621,#2355,.T.);
#4362=EDGE_CURVE('',#3221,#3620,#2356,.T.);
#4363=EDGE_CURVE('',#3222,#3619,#2357,.T.);
#4364=EDGE_CURVE('',#3223,#3618,#2358,.T.);
#4365=EDGE_CURVE('',#3224,#3617,#2359,.T.);
#4366=EDGE_CURVE('',#3225,#3616,#2360,.T.);
#4367=EDGE_CURVE('',#3226,#3615,#2361,.T.);
#4368=EDGE_CURVE('',#3227,#3614,#2362,.T.);
#4369=EDGE_CURVE('',#3228,#3613,#2363,.T.);
#4370=EDGE_CURVE('',#3229,#3612,#2364,.T.);
#4371=EDGE_CURVE('',#3230,#3611,#2365,.T.);
#4372=EDGE_CURVE('',#3231,#3610,#2366,.T.);
#4373=EDGE_CURVE('',#3232,#3609,#2367,.T.);
#4374=EDGE_CURVE('',#3233,#3608,#2368,.T.);
#4375=EDGE_CURVE('',#3234,#3607,#2369,.T.);
#4376=EDGE_CURVE('',#3235,#3606,#2370,.T.);
#4377=EDGE_CURVE('',#3236,#3605,#2371,.T.);
#4378=EDGE_CURVE('',#3237,#3604,#2372,.T.);
#4379=EDGE_CURVE('',#3238,#3603,#2373,.T.);
#4380=EDGE_CURVE('',#3239,#3602,#2374,.T.);
#4381=EDGE_CURVE('',#3240,#3601,#2375,.T.);
#4382=EDGE_CURVE('',#3241,#3600,#2376,.T.);
#4383=EDGE_CURVE('',#3242,#3599,#2377,.T.);
#4384=EDGE_CURVE('',#3243,#3598,#2378,.T.);
#4385=EDGE_CURVE('',#3244,#3597,#2379,.T.);
#4386=EDGE_CURVE('',#3245,#3596,#2380,.T.);
#4387=EDGE_CURVE('',#3246,#3595,#2381,.T.);
#4388=EDGE_CURVE('',#3247,#3594,#2382,.T.);
#4389=EDGE_CURVE('',#3248,#3593,#2383,.T.);
#4390=EDGE_CURVE('',#3249,#3592,#2384,.T.);
#4391=EDGE_CURVE('',#3250,#3591,#2385,.T.);
#4392=EDGE_CURVE('',#3251,#3590,#2386,.T.);
#4393=EDGE_CURVE('',#3252,#3589,#2387,.T.);
#4394=EDGE_CURVE('',#3253,#3588,#2388,.T.);
#4395=EDGE_CURVE('',#3254,#3587,#2389,.T.);
#4396=EDGE_CURVE('',#3255,#3586,#2390,.T.);
#4397=EDGE_CURVE('',#3256,#3585,#2391,.T.);
#4398=EDGE_CURVE('',#3257,#3584,#2392,.T.);
#4399=EDGE_CURVE('',#3258,#3583,#2393,.T.);
#4400=EDGE_CURVE('',#3259,#3582,#2394,.T.);
#4401=EDGE_CURVE('',#3260,#3581,#2395,.T.);
#4402=EDGE_CURVE('',#3261,#3580,#2396,.T.);
#4403=EDGE_CURVE('',#3262,#3579,#2397,.T.);
#4404=EDGE_CURVE('',#3263,#3578,#2398,.T.);
#4405=EDGE_CURVE('',#3264,#3577,#2399,.T.);
#4406=EDGE_CURVE('',#3265,#3576,#2400,.T.);
#4407=EDGE_CURVE('',#3266,#3575,#2401,.T.);
#4408=EDGE_CURVE('',#3267,#3574,#2402,.T.);
#4409=EDGE_CURVE('',#3268,#3573,#2403,.T.);
#4410=EDGE_CURVE('',#3269,#3572,#2404,.T.);
#4411=EDGE_CURVE('',#3270,#3571,#2405,.T.);
#4412=EDGE_CURVE('',#3271,#3570,#2406,.T.);
#4413=EDGE_CURVE('',#3272,#3569,#2407,.T.);
#4414=EDGE_CURVE('',#3273,#3568,#2408,.T.);
#4415=EDGE_CURVE('',#3274,#3567,#2409,.T.);
#4416=EDGE_CURVE('',#3275,#3566,#2410,.T.);
#4417=EDGE_CURVE('',#3276,#3565,#2411,.T.);
#4418=EDGE_CURVE('',#3277,#3564,#2412,.T.);
#4419=EDGE_CURVE('',#3278,#3563,#2413,.T.);
#4420=EDGE_CURVE('',#3279,#3562,#2414,.T.);
#4421=EDGE_CURVE('',#3280,#3561,#2415,.T.);
#4422=EDGE_CURVE('',#3281,#3560,#2416,.T.);
#4423=EDGE_CURVE('',#3282,#3559,#2417,.T.);
#4424=EDGE_CURVE('',#3283,#3558,#2418,.T.);
#4425=EDGE_CURVE('',#3284,#3557,#2419,.T.);
#4426=EDGE_CURVE('',#3285,#3556,#2420,.T.);
#4427=EDGE_CURVE('',#3286,#3555,#2421,.T.);
#4428=EDGE_CURVE('',#3287,#3554,#2422,.T.);
#4429=EDGE_CURVE('',#3288,#3553,#2423,.T.);
#4430=EDGE_CURVE('',#3289,#3552,#2424,.T.);
#4431=EDGE_CURVE('',#3290,#3551,#2425,.T.);
#4432=EDGE_CURVE('',#3291,#3550,#2426,.T.);
#4433=EDGE_CURVE('',#3292,#3549,#2427,.T.);
#4434=EDGE_CURVE('',#3293,#3548,#2428,.T.);
#4435=EDGE_CURVE('',#3294,#3547,#2429,.T.);
#4436=EDGE_CURVE('',#3295,#3546,#2430,.T.);
#4437=EDGE_CURVE('',#3296,#3545,#2431,.T.);
#4438=EDGE_CURVE('',#3297,#3544,#2432,.T.);
#4439=EDGE_CURVE('',#3298,#3543,#2433,.T.);
#4440=EDGE_CURVE('',#3299,#3542,#2434,.T.);
#4441=EDGE_CURVE('',#3300,#3541,#2435,.T.);
#4442=EDGE_CURVE('',#3301,#3540,#2436,.T.);
#4443=EDGE_CURVE('',#3302,#3539,#2437,.T.);
#4444=EDGE_CURVE('',#3303,#3538,#2438,.T.);
#4445=EDGE_CURVE('',#3304,#3537,#2439,.T.);
#4446=EDGE_CURVE('',#3305,#3536,#2440,.T.);
#4447=EDGE_CURVE('',#3306,#3535,#2441,.T.);
#4448=EDGE_CURVE('',#3307,#3534,#2442,.T.);
#4449=EDGE_CURVE('',#3308,#3533,#2443,.T.);
#4450=EDGE_CURVE('',#3309,#3532,#2444,.T.);
#4451=EDGE_CURVE('',#3310,#3531,#2445,.T.);
#4452=EDGE_CURVE('',#3311,#3530,#2446,.T.);
#4453=EDGE_CURVE('',#3312,#3529,#2447,.T.);
#4454=EDGE_CURVE('',#3313,#3528,#2448,.T.);
#4455=EDGE_CURVE('',#3314,#3527,#2449,.T.);
#4456=EDGE_CURVE('',#3315,#3526,#2450,.T.);
#4457=EDGE_CURVE('',#3316,#3525,#2451,.T.);
#4458=EDGE_CURVE('',#3317,#3524,#2452,.T.);
#4459=EDGE_CURVE('',#3318,#3523,#2453,.T.);
#4460=EDGE_CURVE('',#3319,#3522,#2454,.T.);
#4461=EDGE_CURVE('',#3320,#3521,#2455,.T.);
#4462=EDGE_CURVE('',#3321,#3520,#2456,.T.);
#4463=EDGE_CURVE('',#3322,#3519,#2457,.T.);
#4464=EDGE_CURVE('',#3323,#3518,#2458,.T.);
#4465=EDGE_CURVE('',#3324,#3517,#2459,.T.);
#4466=EDGE_CURVE('',#3325,#3516,#2460,.T.);
#4467=EDGE_CURVE('',#3326,#3515,#2461,.T.);
#4468=EDGE_CURVE('',#3327,#3514,#2462,.T.);
#4469=EDGE_CURVE('',#3328,#3513,#2463,.T.);
#4470=EDGE_CURVE('',#3329,#3512,#2464,.T.);
#4471=EDGE_CURVE('',#3330,#3511,#2465,.T.);
#4472=EDGE_CURVE('',#3331,#3510,#2466,.T.);
#4473=EDGE_CURVE('',#3332,#3509,#2467,.T.);
#4474=EDGE_CURVE('',#3333,#3508,#2468,.T.);
#4475=EDGE_CURVE('',#3334,#3507,#2469,.T.);
#4476=EDGE_CURVE('',#3335,#3506,#2470,.T.);
#4477=EDGE_CURVE('',#3336,#3505,#2471,.T.);
#4478=EDGE_CURVE('',#3337,#3504,#2472,.T.);
#4479=EDGE_CURVE('',#3338,#3503,#2473,.T.);
#4480=EDGE_CURVE('',#3339,#3502,#2474,.T.);
#4481=EDGE_CURVE('',#3340,#3501,#2475,.T.);
#4482=EDGE_CURVE('',#3341,#3500,#2476,.T.);
#4483=EDGE_CURVE('',#3342,#3499,#2477,.T.);
#4484=EDGE_CURVE('',#3343,#3498,#2478,.T.);
#4485=EDGE_CURVE('',#3344,#3497,#2479,.T.);
#4486=EDGE_CURVE('',#3345,#3496,#2480,.T.);
#4487=EDGE_CURVE('',#3346,#3495,#2481,.T.);
#4488=EDGE_CURVE('',#3347,#3494,#2482,.T.);
#4489=EDGE_CURVE('',#3348,#3493,#2483,.T.);
#4490=EDGE_CURVE('',#3349,#3492,#2484,.T.);
#4491=EDGE_CURVE('',#3350,#3491,#2485,.T.);
#4492=EDGE_CURVE('',#3351,#3490,#2486,.T.);
#4493=EDGE_CURVE('',#3352,#3489,#2487,.T.);
#4494=EDGE_CURVE('',#3353,#3488,#2488,.T.);
#4495=EDGE_CURVE('',#3354,#3487,#2489,.T.);
#4496=EDGE_CURVE('',#3355,#3486,#2490,.T.);
#4497=EDGE_CURVE('',#3356,#3485,#2491,.T.);
#4498=EDGE_CURVE('',#3357,#3484,#2492,.T.);
#4499=EDGE_CURVE('',#3358,#3483,#2493,.T.);
#4500=EDGE_CURVE('',#3359,#3482,#2494,.T.);
#4501=EDGE_CURVE('',#3360,#3481,#2495,.T.);
#4502=EDGE_CURVE('',#3361,#3480,#2496,.T.);
#4503=EDGE_CURVE('',#3362,#3479,#2497,.T.);
#4504=EDGE_CURVE('',#3363,#3478,#2498,.T.);
#4505=EDGE_CURVE('',#3364,#3477,#2499,.T.);
#4506=EDGE_CURVE('',#3365,#3476,#2500,.T.);
#4507=EDGE_CURVE('',#3366,#3475,#2501,.T.);
#4508=EDGE_CURVE('',#3367,#3474,#2502,.T.);
#4509=EDGE_CURVE('',#3368,#3473,#2503,.T.);
#4510=EDGE_CURVE('',#3369,#3472,#2504,.T.);
#4511=EDGE_CURVE('',#3370,#3471,#2505,.T.);
#4512=EDGE_CURVE('',#3371,#3470,#2506,.T.);
#4513=EDGE_CURVE('',#3372,#3469,#2507,.T.);
#4514=EDGE_CURVE('',#3373,#3468,#2508,.T.);
#4515=EDGE_CURVE('',#3374,#3467,#2509,.T.);
#4516=EDGE_CURVE('',#3375,#3466,#2510,.T.);
#4517=EDGE_CURVE('',#3376,#3465,#2511,.T.);
#4518=EDGE_CURVE('',#3377,#3464,#2512,.T.);
#4519=EDGE_CURVE('',#3378,#3463,#2513,.T.);
#4520=EDGE_CURVE('',#3379,#3462,#2514,.T.);
#4521=EDGE_CURVE('',#3380,#3461,#2515,.T.);
#4522=EDGE_CURVE('',#3381,#3460,#2516,.T.);
#4523=EDGE_CURVE('',#3382,#3459,#2517,.T.);
#4524=EDGE_CURVE('',#3383,#3458,#2518,.T.);
#4525=EDGE_CURVE('',#3384,#3457,#2519,.T.);
#4526=EDGE_CURVE('',#3385,#3456,#2520,.T.);
#4527=EDGE_CURVE('',#3386,#3455,#2521,.T.);
#4528=EDGE_CURVE('',#3387,#3454,#2522,.T.);
#4529=EDGE_CURVE('',#3388,#3453,#2523,.T.);
#4530=EDGE_CURVE('',#3389,#3452,#2524,.T.);
#4531=EDGE_CURVE('',#3390,#3451,#2525,.T.);
#4532=EDGE_CURVE('',#3391,#3450,#2526,.T.);
#4533=EDGE_CURVE('',#3392,#3449,#2527,.T.);
#4534=EDGE_CURVE('',#3393,#3448,#2528,.T.);
#4535=EDGE_CURVE('',#3394,#3447,#2529,.T.);
#4536=EDGE_CURVE('',#3395,#3446,#2530,.T.);
#4537=EDGE_CURVE('',#3396,#3445,#2531,.T.);
#4538=EDGE_CURVE('',#3397,#3444,#2532,.T.);
#4539=EDGE_CURVE('',#3398,#3443,#2533,.T.);
#4540=EDGE_CURVE('',#3399,#3442,#2534,.T.);
#4541=EDGE_CURVE('',#3400,#3441,#2535,.T.);
#4542=EDGE_CURVE('',#3401,#3440,#2536,.T.);
#4543=EDGE_CURVE('',#3402,#3439,#2537,.T.);
#4544=EDGE_CURVE('',#3403,#3438,#2538,.T.);
#4545=EDGE_CURVE('',#3404,#3437,#2539,.T.);
#4546=EDGE_CURVE('',#3405,#3436,#2540,.T.);
#4547=EDGE_CURVE('',#3406,#3435,#2541,.T.);
#4548=EDGE_CURVE('',#3407,#3434,#2542,.T.);
#4549=EDGE_CURVE('',#3408,#3433,#2543,.T.);
#4550=EDGE_CURVE('',#3409,#3432,#2544,.T.);
#4551=EDGE_CURVE('',#3410,#3431,#2545,.T.);
#4552=EDGE_CURVE('',#3411,#3430,#2546,.T.);
#4553=ORIENTED_EDGE('',*,*,#3638,.T.);
#4554=ORIENTED_EDGE('',*,*,#3639,.F.);
#4555=ORIENTED_EDGE('',*,*,#3640,.T.);
#4556=ORIENTED_EDGE('',*,*,#3641,.T.);
#4557=ORIENTED_EDGE('',*,*,#3642,.F.);
#4558=ORIENTED_EDGE('',*,*,#3643,.T.);
#4559=ORIENTED_EDGE('',*,*,#3644,.T.);
#4560=ORIENTED_EDGE('',*,*,#3645,.F.);
#4561=ORIENTED_EDGE('',*,*,#3646,.F.);
#4562=ORIENTED_EDGE('',*,*,#3647,.T.);
#4563=ORIENTED_EDGE('',*,*,#3648,.T.);
#4564=ORIENTED_EDGE('',*,*,#3643,.F.);
#4565=ORIENTED_EDGE('',*,*,#3649,.F.);
#4566=ORIENTED_EDGE('',*,*,#3650,.T.);
#4567=ORIENTED_EDGE('',*,*,#3651,.T.);
#4568=ORIENTED_EDGE('',*,*,#3647,.F.);
#4569=ORIENTED_EDGE('',*,*,#3652,.F.);
#4570=ORIENTED_EDGE('',*,*,#3653,.T.);
#4571=ORIENTED_EDGE('',*,*,#3654,.T.);
#4572=ORIENTED_EDGE('',*,*,#3650,.F.);
#4573=ORIENTED_EDGE('',*,*,#3655,.F.);
#4574=ORIENTED_EDGE('',*,*,#3656,.T.);
#4575=ORIENTED_EDGE('',*,*,#3657,.T.);
#4576=ORIENTED_EDGE('',*,*,#3653,.F.);
#4577=ORIENTED_EDGE('',*,*,#3658,.F.);
#4578=ORIENTED_EDGE('',*,*,#3659,.T.);
#4579=ORIENTED_EDGE('',*,*,#3660,.T.);
#4580=ORIENTED_EDGE('',*,*,#3656,.F.);
#4581=ORIENTED_EDGE('',*,*,#3661,.F.);
#4582=ORIENTED_EDGE('',*,*,#3662,.T.);
#4583=ORIENTED_EDGE('',*,*,#3663,.T.);
#4584=ORIENTED_EDGE('',*,*,#3659,.F.);
#4585=ORIENTED_EDGE('',*,*,#3664,.F.);
#4586=ORIENTED_EDGE('',*,*,#3665,.T.);
#4587=ORIENTED_EDGE('',*,*,#3666,.T.);
#4588=ORIENTED_EDGE('',*,*,#3662,.F.);
#4589=ORIENTED_EDGE('',*,*,#3667,.T.);
#4590=ORIENTED_EDGE('',*,*,#3668,.T.);
#4591=ORIENTED_EDGE('',*,*,#3665,.F.);
#4592=ORIENTED_EDGE('',*,*,#3669,.F.);
#4593=ORIENTED_EDGE('',*,*,#3670,.F.);
#4594=ORIENTED_EDGE('',*,*,#3671,.T.);
#4595=ORIENTED_EDGE('',*,*,#3672,.T.);
#4596=ORIENTED_EDGE('',*,*,#3640,.F.);
#4597=ORIENTED_EDGE('',*,*,#3673,.F.);
#4598=ORIENTED_EDGE('',*,*,#3674,.T.);
#4599=ORIENTED_EDGE('',*,*,#3675,.T.);
#4600=ORIENTED_EDGE('',*,*,#3671,.F.);
#4601=ORIENTED_EDGE('',*,*,#3676,.F.);
#4602=ORIENTED_EDGE('',*,*,#3677,.T.);
#4603=ORIENTED_EDGE('',*,*,#3678,.T.);
#4604=ORIENTED_EDGE('',*,*,#3674,.F.);
#4605=ORIENTED_EDGE('',*,*,#3679,.F.);
#4606=ORIENTED_EDGE('',*,*,#3680,.T.);
#4607=ORIENTED_EDGE('',*,*,#3681,.T.);
#4608=ORIENTED_EDGE('',*,*,#3677,.F.);
#4609=ORIENTED_EDGE('',*,*,#3682,.F.);
#4610=ORIENTED_EDGE('',*,*,#3683,.T.);
#4611=ORIENTED_EDGE('',*,*,#3684,.T.);
#4612=ORIENTED_EDGE('',*,*,#3680,.F.);
#4613=ORIENTED_EDGE('',*,*,#3685,.F.);
#4614=ORIENTED_EDGE('',*,*,#3686,.T.);
#4615=ORIENTED_EDGE('',*,*,#3687,.T.);
#4616=ORIENTED_EDGE('',*,*,#3683,.F.);
#4617=ORIENTED_EDGE('',*,*,#3688,.F.);
#4618=ORIENTED_EDGE('',*,*,#3645,.T.);
#4619=ORIENTED_EDGE('',*,*,#3689,.T.);
#4620=ORIENTED_EDGE('',*,*,#3686,.F.);
#4621=ORIENTED_EDGE('',*,*,#3667,.F.);
#4622=ORIENTED_EDGE('',*,*,#3690,.F.);
#4623=ORIENTED_EDGE('',*,*,#3691,.T.);
#4624=ORIENTED_EDGE('',*,*,#3692,.T.);
#4625=ORIENTED_EDGE('',*,*,#3668,.F.);
#4626=ORIENTED_EDGE('',*,*,#3692,.F.);
#4627=ORIENTED_EDGE('',*,*,#3693,.F.);
#4628=ORIENTED_EDGE('',*,*,#3694,.F.);
#4629=ORIENTED_EDGE('',*,*,#3695,.F.);
#4630=ORIENTED_EDGE('',*,*,#3696,.F.);
#4631=ORIENTED_EDGE('',*,*,#3697,.F.);
#4632=ORIENTED_EDGE('',*,*,#3698,.F.);
#4633=ORIENTED_EDGE('',*,*,#3699,.F.);
#4634=ORIENTED_EDGE('',*,*,#3700,.F.);
#4635=ORIENTED_EDGE('',*,*,#3701,.F.);
#4636=ORIENTED_EDGE('',*,*,#3702,.F.);
#4637=ORIENTED_EDGE('',*,*,#3703,.F.);
#4638=ORIENTED_EDGE('',*,*,#3704,.F.);
#4639=ORIENTED_EDGE('',*,*,#3705,.F.);
#4640=ORIENTED_EDGE('',*,*,#3706,.F.);
#4641=ORIENTED_EDGE('',*,*,#3707,.F.);
#4642=ORIENTED_EDGE('',*,*,#3708,.F.);
#4643=ORIENTED_EDGE('',*,*,#3709,.F.);
#4644=ORIENTED_EDGE('',*,*,#3710,.F.);
#4645=ORIENTED_EDGE('',*,*,#3711,.F.);
#4646=ORIENTED_EDGE('',*,*,#3712,.F.);
#4647=ORIENTED_EDGE('',*,*,#3713,.F.);
#4648=ORIENTED_EDGE('',*,*,#3714,.F.);
#4649=ORIENTED_EDGE('',*,*,#3715,.F.);
#4650=ORIENTED_EDGE('',*,*,#3716,.F.);
#4651=ORIENTED_EDGE('',*,*,#3717,.F.);
#4652=ORIENTED_EDGE('',*,*,#3718,.F.);
#4653=ORIENTED_EDGE('',*,*,#3719,.F.);
#4654=ORIENTED_EDGE('',*,*,#3720,.F.);
#4655=ORIENTED_EDGE('',*,*,#3721,.F.);
#4656=ORIENTED_EDGE('',*,*,#3722,.F.);
#4657=ORIENTED_EDGE('',*,*,#3723,.F.);
#4658=ORIENTED_EDGE('',*,*,#3724,.F.);
#4659=ORIENTED_EDGE('',*,*,#3725,.F.);
#4660=ORIENTED_EDGE('',*,*,#3726,.F.);
#4661=ORIENTED_EDGE('',*,*,#3727,.F.);
#4662=ORIENTED_EDGE('',*,*,#3728,.F.);
#4663=ORIENTED_EDGE('',*,*,#3729,.F.);
#4664=ORIENTED_EDGE('',*,*,#3730,.F.);
#4665=ORIENTED_EDGE('',*,*,#3731,.F.);
#4666=ORIENTED_EDGE('',*,*,#3732,.F.);
#4667=ORIENTED_EDGE('',*,*,#3733,.F.);
#4668=ORIENTED_EDGE('',*,*,#3734,.F.);
#4669=ORIENTED_EDGE('',*,*,#3735,.F.);
#4670=ORIENTED_EDGE('',*,*,#3736,.F.);
#4671=ORIENTED_EDGE('',*,*,#3737,.F.);
#4672=ORIENTED_EDGE('',*,*,#3738,.F.);
#4673=ORIENTED_EDGE('',*,*,#3739,.F.);
#4674=ORIENTED_EDGE('',*,*,#3740,.F.);
#4675=ORIENTED_EDGE('',*,*,#3741,.F.);
#4676=ORIENTED_EDGE('',*,*,#3641,.F.);
#4677=ORIENTED_EDGE('',*,*,#3672,.F.);
#4678=ORIENTED_EDGE('',*,*,#3675,.F.);
#4679=ORIENTED_EDGE('',*,*,#3678,.F.);
#4680=ORIENTED_EDGE('',*,*,#3681,.F.);
#4681=ORIENTED_EDGE('',*,*,#3684,.F.);
#4682=ORIENTED_EDGE('',*,*,#3687,.F.);
#4683=ORIENTED_EDGE('',*,*,#3689,.F.);
#4684=ORIENTED_EDGE('',*,*,#3644,.F.);
#4685=ORIENTED_EDGE('',*,*,#3648,.F.);
#4686=ORIENTED_EDGE('',*,*,#3651,.F.);
#4687=ORIENTED_EDGE('',*,*,#3654,.F.);
#4688=ORIENTED_EDGE('',*,*,#3657,.F.);
#4689=ORIENTED_EDGE('',*,*,#3660,.F.);
#4690=ORIENTED_EDGE('',*,*,#3663,.F.);
#4691=ORIENTED_EDGE('',*,*,#3666,.F.);
#4692=ORIENTED_EDGE('',*,*,#3742,.F.);
#4693=ORIENTED_EDGE('',*,*,#3743,.F.);
#4694=ORIENTED_EDGE('',*,*,#3744,.F.);
#4695=ORIENTED_EDGE('',*,*,#3745,.F.);
#4696=ORIENTED_EDGE('',*,*,#3746,.F.);
#4697=ORIENTED_EDGE('',*,*,#3747,.F.);
#4698=ORIENTED_EDGE('',*,*,#3748,.F.);
#4699=ORIENTED_EDGE('',*,*,#3749,.F.);
#4700=ORIENTED_EDGE('',*,*,#3750,.F.);
#4701=ORIENTED_EDGE('',*,*,#3751,.F.);
#4702=ORIENTED_EDGE('',*,*,#3752,.F.);
#4703=ORIENTED_EDGE('',*,*,#3753,.F.);
#4704=ORIENTED_EDGE('',*,*,#3754,.T.);
#4705=ORIENTED_EDGE('',*,*,#3700,.T.);
#4706=ORIENTED_EDGE('',*,*,#3755,.F.);
#4707=ORIENTED_EDGE('',*,*,#3756,.F.);
#4708=ORIENTED_EDGE('',*,*,#3757,.F.);
#4709=ORIENTED_EDGE('',*,*,#3758,.T.);
#4710=ORIENTED_EDGE('',*,*,#3748,.T.);
#4711=ORIENTED_EDGE('',*,*,#3759,.F.);
#4712=ORIENTED_EDGE('',*,*,#3760,.F.);
#4713=ORIENTED_EDGE('',*,*,#3761,.T.);
#4714=ORIENTED_EDGE('',*,*,#3749,.T.);
#4715=ORIENTED_EDGE('',*,*,#3758,.F.);
#4716=ORIENTED_EDGE('',*,*,#3762,.F.);
#4717=ORIENTED_EDGE('',*,*,#3763,.T.);
#4718=ORIENTED_EDGE('',*,*,#3750,.T.);
#4719=ORIENTED_EDGE('',*,*,#3761,.F.);
#4720=ORIENTED_EDGE('',*,*,#3764,.F.);
#4721=ORIENTED_EDGE('',*,*,#3765,.T.);
#4722=ORIENTED_EDGE('',*,*,#3751,.T.);
#4723=ORIENTED_EDGE('',*,*,#3763,.F.);
#4724=ORIENTED_EDGE('',*,*,#3766,.F.);
#4725=ORIENTED_EDGE('',*,*,#3767,.T.);
#4726=ORIENTED_EDGE('',*,*,#3752,.T.);
#4727=ORIENTED_EDGE('',*,*,#3765,.F.);
#4728=ORIENTED_EDGE('',*,*,#3768,.F.);
#4729=ORIENTED_EDGE('',*,*,#3769,.T.);
#4730=ORIENTED_EDGE('',*,*,#3753,.T.);
#4731=ORIENTED_EDGE('',*,*,#3767,.F.);
#4732=ORIENTED_EDGE('',*,*,#3770,.F.);
#4733=ORIENTED_EDGE('',*,*,#3759,.T.);
#4734=ORIENTED_EDGE('',*,*,#3747,.T.);
#4735=ORIENTED_EDGE('',*,*,#3769,.F.);
#4736=ORIENTED_EDGE('',*,*,#3771,.F.);
#4737=ORIENTED_EDGE('',*,*,#3772,.T.);
#4738=ORIENTED_EDGE('',*,*,#3743,.T.);
#4739=ORIENTED_EDGE('',*,*,#3773,.F.);
#4740=ORIENTED_EDGE('',*,*,#3774,.F.);
#4741=ORIENTED_EDGE('',*,*,#3775,.T.);
#4742=ORIENTED_EDGE('',*,*,#3744,.T.);
#4743=ORIENTED_EDGE('',*,*,#3772,.F.);
#4744=ORIENTED_EDGE('',*,*,#3776,.F.);
#4745=ORIENTED_EDGE('',*,*,#3777,.T.);
#4746=ORIENTED_EDGE('',*,*,#3745,.T.);
#4747=ORIENTED_EDGE('',*,*,#3775,.F.);
#4748=ORIENTED_EDGE('',*,*,#3778,.F.);
#4749=ORIENTED_EDGE('',*,*,#3779,.T.);
#4750=ORIENTED_EDGE('',*,*,#3746,.T.);
#4751=ORIENTED_EDGE('',*,*,#3777,.F.);
#4752=ORIENTED_EDGE('',*,*,#3780,.F.);
#4753=ORIENTED_EDGE('',*,*,#3773,.T.);
#4754=ORIENTED_EDGE('',*,*,#3742,.T.);
#4755=ORIENTED_EDGE('',*,*,#3779,.F.);
#4756=ORIENTED_EDGE('',*,*,#3781,.F.);
#4757=ORIENTED_EDGE('',*,*,#3782,.T.);
#4758=ORIENTED_EDGE('',*,*,#3693,.T.);
#4759=ORIENTED_EDGE('',*,*,#3691,.F.);
#4760=ORIENTED_EDGE('',*,*,#3783,.F.);
#4761=ORIENTED_EDGE('',*,*,#3784,.T.);
#4762=ORIENTED_EDGE('',*,*,#3694,.T.);
#4763=ORIENTED_EDGE('',*,*,#3782,.F.);
#4764=ORIENTED_EDGE('',*,*,#3785,.F.);
#4765=ORIENTED_EDGE('',*,*,#3786,.T.);
#4766=ORIENTED_EDGE('',*,*,#3695,.T.);
#4767=ORIENTED_EDGE('',*,*,#3784,.F.);
#4768=ORIENTED_EDGE('',*,*,#3787,.F.);
#4769=ORIENTED_EDGE('',*,*,#3788,.T.);
#4770=ORIENTED_EDGE('',*,*,#3696,.T.);
#4771=ORIENTED_EDGE('',*,*,#3786,.F.);
#4772=ORIENTED_EDGE('',*,*,#3789,.F.);
#4773=ORIENTED_EDGE('',*,*,#3790,.T.);
#4774=ORIENTED_EDGE('',*,*,#3697,.T.);
#4775=ORIENTED_EDGE('',*,*,#3788,.F.);
#4776=ORIENTED_EDGE('',*,*,#3791,.F.);
#4777=ORIENTED_EDGE('',*,*,#3792,.T.);
#4778=ORIENTED_EDGE('',*,*,#3698,.T.);
#4779=ORIENTED_EDGE('',*,*,#3790,.F.);
#4780=ORIENTED_EDGE('',*,*,#3793,.F.);
#4781=ORIENTED_EDGE('',*,*,#3755,.T.);
#4782=ORIENTED_EDGE('',*,*,#3699,.T.);
#4783=ORIENTED_EDGE('',*,*,#3792,.F.);
#4784=ORIENTED_EDGE('',*,*,#3794,.F.);
#4785=ORIENTED_EDGE('',*,*,#3795,.F.);
#4786=ORIENTED_EDGE('',*,*,#3796,.T.);
#4787=ORIENTED_EDGE('',*,*,#3739,.T.);
#4788=ORIENTED_EDGE('',*,*,#3797,.F.);
#4789=ORIENTED_EDGE('',*,*,#3798,.T.);
#4790=ORIENTED_EDGE('',*,*,#3740,.T.);
#4791=ORIENTED_EDGE('',*,*,#3796,.F.);
#4792=ORIENTED_EDGE('',*,*,#3638,.F.);
#4793=ORIENTED_EDGE('',*,*,#3741,.T.);
#4794=ORIENTED_EDGE('',*,*,#3798,.F.);
#4795=ORIENTED_EDGE('',*,*,#3799,.F.);
#4796=ORIENTED_EDGE('',*,*,#3800,.T.);
#4797=ORIENTED_EDGE('',*,*,#3801,.F.);
#4798=ORIENTED_EDGE('',*,*,#3802,.T.);
#4799=ORIENTED_EDGE('',*,*,#3731,.T.);
#4800=ORIENTED_EDGE('',*,*,#3803,.F.);
#4801=ORIENTED_EDGE('',*,*,#3804,.T.);
#4802=ORIENTED_EDGE('',*,*,#3710,.T.);
#4803=ORIENTED_EDGE('',*,*,#3805,.F.);
#4804=ORIENTED_EDGE('',*,*,#3806,.F.);
#4805=ORIENTED_EDGE('',*,*,#3807,.T.);
#4806=ORIENTED_EDGE('',*,*,#3711,.T.);
#4807=ORIENTED_EDGE('',*,*,#3804,.F.);
#4808=ORIENTED_EDGE('',*,*,#3808,.F.);
#4809=ORIENTED_EDGE('',*,*,#3809,.T.);
#4810=ORIENTED_EDGE('',*,*,#3712,.T.);
#4811=ORIENTED_EDGE('',*,*,#3807,.F.);
#4812=ORIENTED_EDGE('',*,*,#3810,.T.);
#4813=ORIENTED_EDGE('',*,*,#3713,.T.);
#4814=ORIENTED_EDGE('',*,*,#3809,.F.);
#4815=ORIENTED_EDGE('',*,*,#3811,.F.);
#4816=ORIENTED_EDGE('',*,*,#3812,.F.);
#4817=ORIENTED_EDGE('',*,*,#3813,.T.);
#4818=ORIENTED_EDGE('',*,*,#3732,.T.);
#4819=ORIENTED_EDGE('',*,*,#3802,.F.);
#4820=ORIENTED_EDGE('',*,*,#3814,.F.);
#4821=ORIENTED_EDGE('',*,*,#3815,.T.);
#4822=ORIENTED_EDGE('',*,*,#3733,.T.);
#4823=ORIENTED_EDGE('',*,*,#3813,.F.);
#4824=ORIENTED_EDGE('',*,*,#3816,.F.);
#4825=ORIENTED_EDGE('',*,*,#3817,.T.);
#4826=ORIENTED_EDGE('',*,*,#3734,.T.);
#4827=ORIENTED_EDGE('',*,*,#3815,.F.);
#4828=ORIENTED_EDGE('',*,*,#3818,.F.);
#4829=ORIENTED_EDGE('',*,*,#3819,.T.);
#4830=ORIENTED_EDGE('',*,*,#3735,.T.);
#4831=ORIENTED_EDGE('',*,*,#3817,.F.);
#4832=ORIENTED_EDGE('',*,*,#3820,.F.);
#4833=ORIENTED_EDGE('',*,*,#3821,.T.);
#4834=ORIENTED_EDGE('',*,*,#3736,.T.);
#4835=ORIENTED_EDGE('',*,*,#3819,.F.);
#4836=ORIENTED_EDGE('',*,*,#3822,.F.);
#4837=ORIENTED_EDGE('',*,*,#3823,.T.);
#4838=ORIENTED_EDGE('',*,*,#3737,.T.);
#4839=ORIENTED_EDGE('',*,*,#3821,.F.);
#4840=ORIENTED_EDGE('',*,*,#3824,.F.);
#4841=ORIENTED_EDGE('',*,*,#3794,.T.);
#4842=ORIENTED_EDGE('',*,*,#3738,.T.);
#4843=ORIENTED_EDGE('',*,*,#3823,.F.);
#4844=ORIENTED_EDGE('',*,*,#3825,.F.);
#4845=ORIENTED_EDGE('',*,*,#3826,.T.);
#4846=ORIENTED_EDGE('',*,*,#3701,.T.);
#4847=ORIENTED_EDGE('',*,*,#3754,.F.);
#4848=ORIENTED_EDGE('',*,*,#3827,.F.);
#4849=ORIENTED_EDGE('',*,*,#3828,.T.);
#4850=ORIENTED_EDGE('',*,*,#3702,.T.);
#4851=ORIENTED_EDGE('',*,*,#3826,.F.);
#4852=ORIENTED_EDGE('',*,*,#3829,.F.);
#4853=ORIENTED_EDGE('',*,*,#3830,.T.);
#4854=ORIENTED_EDGE('',*,*,#3703,.T.);
#4855=ORIENTED_EDGE('',*,*,#3828,.F.);
#4856=ORIENTED_EDGE('',*,*,#3831,.F.);
#4857=ORIENTED_EDGE('',*,*,#3832,.T.);
#4858=ORIENTED_EDGE('',*,*,#3704,.T.);
#4859=ORIENTED_EDGE('',*,*,#3830,.F.);
#4860=ORIENTED_EDGE('',*,*,#3833,.F.);
#4861=ORIENTED_EDGE('',*,*,#3834,.T.);
#4862=ORIENTED_EDGE('',*,*,#3705,.T.);
#4863=ORIENTED_EDGE('',*,*,#3832,.F.);
#4864=ORIENTED_EDGE('',*,*,#3835,.F.);
#4865=ORIENTED_EDGE('',*,*,#3836,.T.);
#4866=ORIENTED_EDGE('',*,*,#3706,.T.);
#4867=ORIENTED_EDGE('',*,*,#3834,.F.);
#4868=ORIENTED_EDGE('',*,*,#3837,.F.);
#4869=ORIENTED_EDGE('',*,*,#3838,.T.);
#4870=ORIENTED_EDGE('',*,*,#3707,.T.);
#4871=ORIENTED_EDGE('',*,*,#3836,.F.);
#4872=ORIENTED_EDGE('',*,*,#3839,.F.);
#4873=ORIENTED_EDGE('',*,*,#3840,.T.);
#4874=ORIENTED_EDGE('',*,*,#3708,.T.);
#4875=ORIENTED_EDGE('',*,*,#3838,.F.);
#4876=ORIENTED_EDGE('',*,*,#3841,.F.);
#4877=ORIENTED_EDGE('',*,*,#3805,.T.);
#4878=ORIENTED_EDGE('',*,*,#3709,.T.);
#4879=ORIENTED_EDGE('',*,*,#3840,.F.);
#4880=ORIENTED_EDGE('',*,*,#3810,.F.);
#4881=ORIENTED_EDGE('',*,*,#3842,.F.);
#4882=ORIENTED_EDGE('',*,*,#3843,.T.);
#4883=ORIENTED_EDGE('',*,*,#3714,.T.);
#4884=ORIENTED_EDGE('',*,*,#3844,.F.);
#4885=ORIENTED_EDGE('',*,*,#3845,.T.);
#4886=ORIENTED_EDGE('',*,*,#3719,.T.);
#4887=ORIENTED_EDGE('',*,*,#3846,.F.);
#4888=ORIENTED_EDGE('',*,*,#3847,.F.);
#4889=ORIENTED_EDGE('',*,*,#3848,.T.);
#4890=ORIENTED_EDGE('',*,*,#3720,.T.);
#4891=ORIENTED_EDGE('',*,*,#3845,.F.);
#4892=ORIENTED_EDGE('',*,*,#3849,.F.);
#4893=ORIENTED_EDGE('',*,*,#3850,.T.);
#4894=ORIENTED_EDGE('',*,*,#3721,.T.);
#4895=ORIENTED_EDGE('',*,*,#3848,.F.);
#4896=ORIENTED_EDGE('',*,*,#3851,.F.);
#4897=ORIENTED_EDGE('',*,*,#3852,.T.);
#4898=ORIENTED_EDGE('',*,*,#3722,.T.);
#4899=ORIENTED_EDGE('',*,*,#3850,.F.);
#4900=ORIENTED_EDGE('',*,*,#3853,.F.);
#4901=ORIENTED_EDGE('',*,*,#3854,.T.);
#4902=ORIENTED_EDGE('',*,*,#3723,.T.);
#4903=ORIENTED_EDGE('',*,*,#3852,.F.);
#4904=ORIENTED_EDGE('',*,*,#3855,.F.);
#4905=ORIENTED_EDGE('',*,*,#3856,.T.);
#4906=ORIENTED_EDGE('',*,*,#3724,.T.);
#4907=ORIENTED_EDGE('',*,*,#3854,.F.);
#4908=ORIENTED_EDGE('',*,*,#3857,.F.);
#4909=ORIENTED_EDGE('',*,*,#3858,.T.);
#4910=ORIENTED_EDGE('',*,*,#3725,.T.);
#4911=ORIENTED_EDGE('',*,*,#3856,.F.);
#4912=ORIENTED_EDGE('',*,*,#3859,.F.);
#4913=ORIENTED_EDGE('',*,*,#3860,.T.);
#4914=ORIENTED_EDGE('',*,*,#3726,.T.);
#4915=ORIENTED_EDGE('',*,*,#3858,.F.);
#4916=ORIENTED_EDGE('',*,*,#3861,.F.);
#4917=ORIENTED_EDGE('',*,*,#3862,.T.);
#4918=ORIENTED_EDGE('',*,*,#3727,.T.);
#4919=ORIENTED_EDGE('',*,*,#3860,.F.);
#4920=ORIENTED_EDGE('',*,*,#3863,.F.);
#4921=ORIENTED_EDGE('',*,*,#3864,.T.);
#4922=ORIENTED_EDGE('',*,*,#3728,.T.);
#4923=ORIENTED_EDGE('',*,*,#3862,.F.);
#4924=ORIENTED_EDGE('',*,*,#3865,.F.);
#4925=ORIENTED_EDGE('',*,*,#3866,.T.);
#4926=ORIENTED_EDGE('',*,*,#3729,.T.);
#4927=ORIENTED_EDGE('',*,*,#3864,.F.);
#4928=ORIENTED_EDGE('',*,*,#3800,.F.);
#4929=ORIENTED_EDGE('',*,*,#3730,.T.);
#4930=ORIENTED_EDGE('',*,*,#3866,.F.);
#4931=ORIENTED_EDGE('',*,*,#3867,.F.);
#4932=ORIENTED_EDGE('',*,*,#3868,.F.);
#4933=ORIENTED_EDGE('',*,*,#3869,.T.);
#4934=ORIENTED_EDGE('',*,*,#3715,.T.);
#4935=ORIENTED_EDGE('',*,*,#3843,.F.);
#4936=ORIENTED_EDGE('',*,*,#3870,.F.);
#4937=ORIENTED_EDGE('',*,*,#3871,.T.);
#4938=ORIENTED_EDGE('',*,*,#3716,.T.);
#4939=ORIENTED_EDGE('',*,*,#3869,.F.);
#4940=ORIENTED_EDGE('',*,*,#3872,.F.);
#4941=ORIENTED_EDGE('',*,*,#3873,.T.);
#4942=ORIENTED_EDGE('',*,*,#3717,.T.);
#4943=ORIENTED_EDGE('',*,*,#3871,.F.);
#4944=ORIENTED_EDGE('',*,*,#3874,.F.);
#4945=ORIENTED_EDGE('',*,*,#3846,.T.);
#4946=ORIENTED_EDGE('',*,*,#3718,.T.);
#4947=ORIENTED_EDGE('',*,*,#3873,.F.);
#4948=ORIENTED_EDGE('',*,*,#3875,.F.);
#4949=ORIENTED_EDGE('',*,*,#3876,.F.);
#4950=ORIENTED_EDGE('',*,*,#3877,.F.);
#4951=ORIENTED_EDGE('',*,*,#3878,.T.);
#4952=ORIENTED_EDGE('',*,*,#3879,.F.);
#4953=ORIENTED_EDGE('',*,*,#3880,.T.);
#4954=ORIENTED_EDGE('',*,*,#3881,.F.);
#4955=ORIENTED_EDGE('',*,*,#3882,.T.);
#4956=ORIENTED_EDGE('',*,*,#3883,.F.);
#4957=ORIENTED_EDGE('',*,*,#3884,.T.);
#4958=ORIENTED_EDGE('',*,*,#3885,.F.);
#4959=ORIENTED_EDGE('',*,*,#3886,.T.);
#4960=ORIENTED_EDGE('',*,*,#3887,.F.);
#4961=ORIENTED_EDGE('',*,*,#3888,.T.);
#4962=ORIENTED_EDGE('',*,*,#3889,.F.);
#4963=ORIENTED_EDGE('',*,*,#3890,.T.);
#4964=ORIENTED_EDGE('',*,*,#3891,.F.);
#4965=ORIENTED_EDGE('',*,*,#3892,.T.);
#4966=ORIENTED_EDGE('',*,*,#3844,.T.);
#4967=ORIENTED_EDGE('',*,*,#3874,.T.);
#4968=ORIENTED_EDGE('',*,*,#3872,.T.);
#4969=ORIENTED_EDGE('',*,*,#3870,.T.);
#4970=ORIENTED_EDGE('',*,*,#3868,.T.);
#4971=ORIENTED_EDGE('',*,*,#3842,.T.);
#4972=ORIENTED_EDGE('',*,*,#3811,.T.);
#4973=ORIENTED_EDGE('',*,*,#3808,.T.);
#4974=ORIENTED_EDGE('',*,*,#3806,.T.);
#4975=ORIENTED_EDGE('',*,*,#3803,.T.);
#4976=ORIENTED_EDGE('',*,*,#3841,.T.);
#4977=ORIENTED_EDGE('',*,*,#3839,.T.);
#4978=ORIENTED_EDGE('',*,*,#3837,.T.);
#4979=ORIENTED_EDGE('',*,*,#3835,.T.);
#4980=ORIENTED_EDGE('',*,*,#3833,.T.);
#4981=ORIENTED_EDGE('',*,*,#3831,.T.);
#4982=ORIENTED_EDGE('',*,*,#3829,.T.);
#4983=ORIENTED_EDGE('',*,*,#3827,.T.);
#4984=ORIENTED_EDGE('',*,*,#3825,.T.);
#4985=ORIENTED_EDGE('',*,*,#3756,.T.);
#4986=ORIENTED_EDGE('',*,*,#3793,.T.);
#4987=ORIENTED_EDGE('',*,*,#3791,.T.);
#4988=ORIENTED_EDGE('',*,*,#3789,.T.);
#4989=ORIENTED_EDGE('',*,*,#3787,.T.);
#4990=ORIENTED_EDGE('',*,*,#3785,.T.);
#4991=ORIENTED_EDGE('',*,*,#3783,.T.);
#4992=ORIENTED_EDGE('',*,*,#3781,.T.);
#4993=ORIENTED_EDGE('',*,*,#3690,.T.);
#4994=ORIENTED_EDGE('',*,*,#3669,.T.);
#4995=ORIENTED_EDGE('',*,*,#3664,.T.);
#4996=ORIENTED_EDGE('',*,*,#3661,.T.);
#4997=ORIENTED_EDGE('',*,*,#3658,.T.);
#4998=ORIENTED_EDGE('',*,*,#3655,.T.);
#4999=ORIENTED_EDGE('',*,*,#3652,.T.);
#5000=ORIENTED_EDGE('',*,*,#3649,.T.);
#5001=ORIENTED_EDGE('',*,*,#3646,.T.);
#5002=ORIENTED_EDGE('',*,*,#3642,.T.);
#5003=ORIENTED_EDGE('',*,*,#3688,.T.);
#5004=ORIENTED_EDGE('',*,*,#3685,.T.);
#5005=ORIENTED_EDGE('',*,*,#3682,.T.);
#5006=ORIENTED_EDGE('',*,*,#3679,.T.);
#5007=ORIENTED_EDGE('',*,*,#3676,.T.);
#5008=ORIENTED_EDGE('',*,*,#3673,.T.);
#5009=ORIENTED_EDGE('',*,*,#3670,.T.);
#5010=ORIENTED_EDGE('',*,*,#3639,.T.);
#5011=ORIENTED_EDGE('',*,*,#3799,.T.);
#5012=ORIENTED_EDGE('',*,*,#3797,.T.);
#5013=ORIENTED_EDGE('',*,*,#3795,.T.);
#5014=ORIENTED_EDGE('',*,*,#3824,.T.);
#5015=ORIENTED_EDGE('',*,*,#3822,.T.);
#5016=ORIENTED_EDGE('',*,*,#3820,.T.);
#5017=ORIENTED_EDGE('',*,*,#3818,.T.);
#5018=ORIENTED_EDGE('',*,*,#3816,.T.);
#5019=ORIENTED_EDGE('',*,*,#3814,.T.);
#5020=ORIENTED_EDGE('',*,*,#3812,.T.);
#5021=ORIENTED_EDGE('',*,*,#3801,.T.);
#5022=ORIENTED_EDGE('',*,*,#3867,.T.);
#5023=ORIENTED_EDGE('',*,*,#3865,.T.);
#5024=ORIENTED_EDGE('',*,*,#3863,.T.);
#5025=ORIENTED_EDGE('',*,*,#3861,.T.);
#5026=ORIENTED_EDGE('',*,*,#3859,.T.);
#5027=ORIENTED_EDGE('',*,*,#3857,.T.);
#5028=ORIENTED_EDGE('',*,*,#3855,.T.);
#5029=ORIENTED_EDGE('',*,*,#3853,.T.);
#5030=ORIENTED_EDGE('',*,*,#3851,.T.);
#5031=ORIENTED_EDGE('',*,*,#3849,.T.);
#5032=ORIENTED_EDGE('',*,*,#3847,.T.);
#5033=ORIENTED_EDGE('',*,*,#3893,.F.);
#5034=ORIENTED_EDGE('',*,*,#3894,.F.);
#5035=ORIENTED_EDGE('',*,*,#3895,.F.);
#5036=ORIENTED_EDGE('',*,*,#3896,.F.);
#5037=ORIENTED_EDGE('',*,*,#3897,.F.);
#5038=ORIENTED_EDGE('',*,*,#3898,.F.);
#5039=ORIENTED_EDGE('',*,*,#3899,.F.);
#5040=ORIENTED_EDGE('',*,*,#3900,.F.);
#5041=ORIENTED_EDGE('',*,*,#3901,.F.);
#5042=ORIENTED_EDGE('',*,*,#3902,.F.);
#5043=ORIENTED_EDGE('',*,*,#3903,.F.);
#5044=ORIENTED_EDGE('',*,*,#3904,.F.);
#5045=ORIENTED_EDGE('',*,*,#3905,.F.);
#5046=ORIENTED_EDGE('',*,*,#3906,.F.);
#5047=ORIENTED_EDGE('',*,*,#3907,.F.);
#5048=ORIENTED_EDGE('',*,*,#3908,.F.);
#5049=ORIENTED_EDGE('',*,*,#3909,.F.);
#5050=ORIENTED_EDGE('',*,*,#3910,.F.);
#5051=ORIENTED_EDGE('',*,*,#3911,.F.);
#5052=ORIENTED_EDGE('',*,*,#3912,.F.);
#5053=ORIENTED_EDGE('',*,*,#3913,.F.);
#5054=ORIENTED_EDGE('',*,*,#3914,.F.);
#5055=ORIENTED_EDGE('',*,*,#3915,.F.);
#5056=ORIENTED_EDGE('',*,*,#3916,.F.);
#5057=ORIENTED_EDGE('',*,*,#3917,.F.);
#5058=ORIENTED_EDGE('',*,*,#3918,.F.);
#5059=ORIENTED_EDGE('',*,*,#3919,.F.);
#5060=ORIENTED_EDGE('',*,*,#3920,.F.);
#5061=ORIENTED_EDGE('',*,*,#3921,.F.);
#5062=ORIENTED_EDGE('',*,*,#3922,.F.);
#5063=ORIENTED_EDGE('',*,*,#3923,.F.);
#5064=ORIENTED_EDGE('',*,*,#3924,.F.);
#5065=ORIENTED_EDGE('',*,*,#3925,.F.);
#5066=ORIENTED_EDGE('',*,*,#3926,.F.);
#5067=ORIENTED_EDGE('',*,*,#3927,.F.);
#5068=ORIENTED_EDGE('',*,*,#3928,.F.);
#5069=ORIENTED_EDGE('',*,*,#3929,.F.);
#5070=ORIENTED_EDGE('',*,*,#3930,.F.);
#5071=ORIENTED_EDGE('',*,*,#3931,.F.);
#5072=ORIENTED_EDGE('',*,*,#3932,.F.);
#5073=ORIENTED_EDGE('',*,*,#3933,.F.);
#5074=ORIENTED_EDGE('',*,*,#3934,.F.);
#5075=ORIENTED_EDGE('',*,*,#3935,.F.);
#5076=ORIENTED_EDGE('',*,*,#3936,.F.);
#5077=ORIENTED_EDGE('',*,*,#3937,.F.);
#5078=ORIENTED_EDGE('',*,*,#3938,.F.);
#5079=ORIENTED_EDGE('',*,*,#3939,.F.);
#5080=ORIENTED_EDGE('',*,*,#3940,.F.);
#5081=ORIENTED_EDGE('',*,*,#3941,.F.);
#5082=ORIENTED_EDGE('',*,*,#3942,.F.);
#5083=ORIENTED_EDGE('',*,*,#3943,.F.);
#5084=ORIENTED_EDGE('',*,*,#3944,.F.);
#5085=ORIENTED_EDGE('',*,*,#3945,.F.);
#5086=ORIENTED_EDGE('',*,*,#3946,.F.);
#5087=ORIENTED_EDGE('',*,*,#3947,.F.);
#5088=ORIENTED_EDGE('',*,*,#3948,.F.);
#5089=ORIENTED_EDGE('',*,*,#3949,.F.);
#5090=ORIENTED_EDGE('',*,*,#3950,.F.);
#5091=ORIENTED_EDGE('',*,*,#3951,.F.);
#5092=ORIENTED_EDGE('',*,*,#3952,.F.);
#5093=ORIENTED_EDGE('',*,*,#3953,.F.);
#5094=ORIENTED_EDGE('',*,*,#3954,.F.);
#5095=ORIENTED_EDGE('',*,*,#3955,.F.);
#5096=ORIENTED_EDGE('',*,*,#3956,.F.);
#5097=ORIENTED_EDGE('',*,*,#3957,.F.);
#5098=ORIENTED_EDGE('',*,*,#3958,.F.);
#5099=ORIENTED_EDGE('',*,*,#3959,.F.);
#5100=ORIENTED_EDGE('',*,*,#3960,.F.);
#5101=ORIENTED_EDGE('',*,*,#3961,.F.);
#5102=ORIENTED_EDGE('',*,*,#3962,.F.);
#5103=ORIENTED_EDGE('',*,*,#3963,.F.);
#5104=ORIENTED_EDGE('',*,*,#3964,.F.);
#5105=ORIENTED_EDGE('',*,*,#3965,.F.);
#5106=ORIENTED_EDGE('',*,*,#3966,.F.);
#5107=ORIENTED_EDGE('',*,*,#3967,.F.);
#5108=ORIENTED_EDGE('',*,*,#3968,.F.);
#5109=ORIENTED_EDGE('',*,*,#3969,.F.);
#5110=ORIENTED_EDGE('',*,*,#3970,.F.);
#5111=ORIENTED_EDGE('',*,*,#3971,.F.);
#5112=ORIENTED_EDGE('',*,*,#3972,.F.);
#5113=ORIENTED_EDGE('',*,*,#3973,.F.);
#5114=ORIENTED_EDGE('',*,*,#3974,.F.);
#5115=ORIENTED_EDGE('',*,*,#3975,.F.);
#5116=ORIENTED_EDGE('',*,*,#3976,.F.);
#5117=ORIENTED_EDGE('',*,*,#3977,.F.);
#5118=ORIENTED_EDGE('',*,*,#3978,.F.);
#5119=ORIENTED_EDGE('',*,*,#3979,.F.);
#5120=ORIENTED_EDGE('',*,*,#3980,.F.);
#5121=ORIENTED_EDGE('',*,*,#3981,.F.);
#5122=ORIENTED_EDGE('',*,*,#3982,.F.);
#5123=ORIENTED_EDGE('',*,*,#3983,.F.);
#5124=ORIENTED_EDGE('',*,*,#3984,.F.);
#5125=ORIENTED_EDGE('',*,*,#3985,.F.);
#5126=ORIENTED_EDGE('',*,*,#3986,.F.);
#5127=ORIENTED_EDGE('',*,*,#3987,.F.);
#5128=ORIENTED_EDGE('',*,*,#3988,.F.);
#5129=ORIENTED_EDGE('',*,*,#3989,.F.);
#5130=ORIENTED_EDGE('',*,*,#3990,.F.);
#5131=ORIENTED_EDGE('',*,*,#3991,.F.);
#5132=ORIENTED_EDGE('',*,*,#3992,.F.);
#5133=ORIENTED_EDGE('',*,*,#3993,.F.);
#5134=ORIENTED_EDGE('',*,*,#3994,.F.);
#5135=ORIENTED_EDGE('',*,*,#3995,.F.);
#5136=ORIENTED_EDGE('',*,*,#3996,.F.);
#5137=ORIENTED_EDGE('',*,*,#3997,.F.);
#5138=ORIENTED_EDGE('',*,*,#3998,.F.);
#5139=ORIENTED_EDGE('',*,*,#3999,.F.);
#5140=ORIENTED_EDGE('',*,*,#4000,.F.);
#5141=ORIENTED_EDGE('',*,*,#4001,.F.);
#5142=ORIENTED_EDGE('',*,*,#4002,.F.);
#5143=ORIENTED_EDGE('',*,*,#4003,.F.);
#5144=ORIENTED_EDGE('',*,*,#4004,.F.);
#5145=ORIENTED_EDGE('',*,*,#4005,.F.);
#5146=ORIENTED_EDGE('',*,*,#4006,.F.);
#5147=ORIENTED_EDGE('',*,*,#4007,.F.);
#5148=ORIENTED_EDGE('',*,*,#4008,.F.);
#5149=ORIENTED_EDGE('',*,*,#4009,.F.);
#5150=ORIENTED_EDGE('',*,*,#4010,.F.);
#5151=ORIENTED_EDGE('',*,*,#4011,.F.);
#5152=ORIENTED_EDGE('',*,*,#4012,.F.);
#5153=ORIENTED_EDGE('',*,*,#4013,.F.);
#5154=ORIENTED_EDGE('',*,*,#4014,.F.);
#5155=ORIENTED_EDGE('',*,*,#4015,.F.);
#5156=ORIENTED_EDGE('',*,*,#4016,.F.);
#5157=ORIENTED_EDGE('',*,*,#4017,.F.);
#5158=ORIENTED_EDGE('',*,*,#4018,.F.);
#5159=ORIENTED_EDGE('',*,*,#4019,.F.);
#5160=ORIENTED_EDGE('',*,*,#4020,.F.);
#5161=ORIENTED_EDGE('',*,*,#4021,.F.);
#5162=ORIENTED_EDGE('',*,*,#4022,.F.);
#5163=ORIENTED_EDGE('',*,*,#4023,.F.);
#5164=ORIENTED_EDGE('',*,*,#4024,.F.);
#5165=ORIENTED_EDGE('',*,*,#4025,.F.);
#5166=ORIENTED_EDGE('',*,*,#4026,.F.);
#5167=ORIENTED_EDGE('',*,*,#4027,.F.);
#5168=ORIENTED_EDGE('',*,*,#4028,.F.);
#5169=ORIENTED_EDGE('',*,*,#4029,.F.);
#5170=ORIENTED_EDGE('',*,*,#4030,.F.);
#5171=ORIENTED_EDGE('',*,*,#4031,.F.);
#5172=ORIENTED_EDGE('',*,*,#4032,.F.);
#5173=ORIENTED_EDGE('',*,*,#4033,.F.);
#5174=ORIENTED_EDGE('',*,*,#4034,.F.);
#5175=ORIENTED_EDGE('',*,*,#4035,.F.);
#5176=ORIENTED_EDGE('',*,*,#4036,.F.);
#5177=ORIENTED_EDGE('',*,*,#4037,.F.);
#5178=ORIENTED_EDGE('',*,*,#4038,.F.);
#5179=ORIENTED_EDGE('',*,*,#4039,.F.);
#5180=ORIENTED_EDGE('',*,*,#4040,.F.);
#5181=ORIENTED_EDGE('',*,*,#4041,.F.);
#5182=ORIENTED_EDGE('',*,*,#4042,.F.);
#5183=ORIENTED_EDGE('',*,*,#4043,.F.);
#5184=ORIENTED_EDGE('',*,*,#4044,.F.);
#5185=ORIENTED_EDGE('',*,*,#4045,.F.);
#5186=ORIENTED_EDGE('',*,*,#4046,.F.);
#5187=ORIENTED_EDGE('',*,*,#4047,.F.);
#5188=ORIENTED_EDGE('',*,*,#4048,.F.);
#5189=ORIENTED_EDGE('',*,*,#4049,.F.);
#5190=ORIENTED_EDGE('',*,*,#4050,.F.);
#5191=ORIENTED_EDGE('',*,*,#4051,.F.);
#5192=ORIENTED_EDGE('',*,*,#4052,.F.);
#5193=ORIENTED_EDGE('',*,*,#4053,.F.);
#5194=ORIENTED_EDGE('',*,*,#4054,.F.);
#5195=ORIENTED_EDGE('',*,*,#4055,.F.);
#5196=ORIENTED_EDGE('',*,*,#4056,.F.);
#5197=ORIENTED_EDGE('',*,*,#4057,.F.);
#5198=ORIENTED_EDGE('',*,*,#4058,.F.);
#5199=ORIENTED_EDGE('',*,*,#4059,.F.);
#5200=ORIENTED_EDGE('',*,*,#4060,.F.);
#5201=ORIENTED_EDGE('',*,*,#4061,.F.);
#5202=ORIENTED_EDGE('',*,*,#4062,.F.);
#5203=ORIENTED_EDGE('',*,*,#4063,.F.);
#5204=ORIENTED_EDGE('',*,*,#4064,.F.);
#5205=ORIENTED_EDGE('',*,*,#4065,.F.);
#5206=ORIENTED_EDGE('',*,*,#4066,.F.);
#5207=ORIENTED_EDGE('',*,*,#4067,.F.);
#5208=ORIENTED_EDGE('',*,*,#4068,.F.);
#5209=ORIENTED_EDGE('',*,*,#4069,.F.);
#5210=ORIENTED_EDGE('',*,*,#4070,.F.);
#5211=ORIENTED_EDGE('',*,*,#4071,.F.);
#5212=ORIENTED_EDGE('',*,*,#4072,.F.);
#5213=ORIENTED_EDGE('',*,*,#4073,.F.);
#5214=ORIENTED_EDGE('',*,*,#4074,.F.);
#5215=ORIENTED_EDGE('',*,*,#4075,.F.);
#5216=ORIENTED_EDGE('',*,*,#4076,.F.);
#5217=ORIENTED_EDGE('',*,*,#4077,.F.);
#5218=ORIENTED_EDGE('',*,*,#4078,.F.);
#5219=ORIENTED_EDGE('',*,*,#4079,.F.);
#5220=ORIENTED_EDGE('',*,*,#4080,.F.);
#5221=ORIENTED_EDGE('',*,*,#4081,.F.);
#5222=ORIENTED_EDGE('',*,*,#4082,.F.);
#5223=ORIENTED_EDGE('',*,*,#4083,.F.);
#5224=ORIENTED_EDGE('',*,*,#4084,.F.);
#5225=ORIENTED_EDGE('',*,*,#4085,.F.);
#5226=ORIENTED_EDGE('',*,*,#4086,.F.);
#5227=ORIENTED_EDGE('',*,*,#4087,.F.);
#5228=ORIENTED_EDGE('',*,*,#4088,.F.);
#5229=ORIENTED_EDGE('',*,*,#4089,.F.);
#5230=ORIENTED_EDGE('',*,*,#4090,.F.);
#5231=ORIENTED_EDGE('',*,*,#4091,.F.);
#5232=ORIENTED_EDGE('',*,*,#4092,.F.);
#5233=ORIENTED_EDGE('',*,*,#4093,.F.);
#5234=ORIENTED_EDGE('',*,*,#4094,.F.);
#5235=ORIENTED_EDGE('',*,*,#4095,.F.);
#5236=ORIENTED_EDGE('',*,*,#4096,.F.);
#5237=ORIENTED_EDGE('',*,*,#4097,.F.);
#5238=ORIENTED_EDGE('',*,*,#4098,.F.);
#5239=ORIENTED_EDGE('',*,*,#4099,.F.);
#5240=ORIENTED_EDGE('',*,*,#4100,.F.);
#5241=ORIENTED_EDGE('',*,*,#3771,.T.);
#5242=ORIENTED_EDGE('',*,*,#3780,.T.);
#5243=ORIENTED_EDGE('',*,*,#3778,.T.);
#5244=ORIENTED_EDGE('',*,*,#3776,.T.);
#5245=ORIENTED_EDGE('',*,*,#3774,.T.);
#5246=ORIENTED_EDGE('',*,*,#4101,.T.);
#5247=ORIENTED_EDGE('',*,*,#4102,.F.);
#5248=ORIENTED_EDGE('',*,*,#3875,.T.);
#5249=ORIENTED_EDGE('',*,*,#4103,.T.);
#5250=ORIENTED_EDGE('',*,*,#4104,.T.);
#5251=ORIENTED_EDGE('',*,*,#4105,.F.);
#5252=ORIENTED_EDGE('',*,*,#3876,.T.);
#5253=ORIENTED_EDGE('',*,*,#4102,.T.);
#5254=ORIENTED_EDGE('',*,*,#4106,.T.);
#5255=ORIENTED_EDGE('',*,*,#4107,.T.);
#5256=ORIENTED_EDGE('',*,*,#3877,.T.);
#5257=ORIENTED_EDGE('',*,*,#4105,.T.);
#5258=ORIENTED_EDGE('',*,*,#4101,.F.);
#5259=ORIENTED_EDGE('',*,*,#4108,.T.);
#5260=ORIENTED_EDGE('',*,*,#4109,.T.);
#5261=ORIENTED_EDGE('',*,*,#4110,.T.);
#5262=ORIENTED_EDGE('',*,*,#4111,.T.);
#5263=ORIENTED_EDGE('',*,*,#4112,.T.);
#5264=ORIENTED_EDGE('',*,*,#4113,.T.);
#5265=ORIENTED_EDGE('',*,*,#4114,.T.);
#5266=ORIENTED_EDGE('',*,*,#4115,.F.);
#5267=ORIENTED_EDGE('',*,*,#4116,.T.);
#5268=ORIENTED_EDGE('',*,*,#4117,.T.);
#5269=ORIENTED_EDGE('',*,*,#4118,.T.);
#5270=ORIENTED_EDGE('',*,*,#4119,.T.);
#5271=ORIENTED_EDGE('',*,*,#4120,.T.);
#5272=ORIENTED_EDGE('',*,*,#4121,.T.);
#5273=ORIENTED_EDGE('',*,*,#4122,.T.);
#5274=ORIENTED_EDGE('',*,*,#4106,.F.);
#5275=ORIENTED_EDGE('',*,*,#4104,.F.);
#5276=ORIENTED_EDGE('',*,*,#4123,.F.);
#5277=ORIENTED_EDGE('',*,*,#4124,.F.);
#5278=ORIENTED_EDGE('',*,*,#4125,.F.);
#5279=ORIENTED_EDGE('',*,*,#4126,.F.);
#5280=ORIENTED_EDGE('',*,*,#4127,.F.);
#5281=ORIENTED_EDGE('',*,*,#4128,.F.);
#5282=ORIENTED_EDGE('',*,*,#4129,.F.);
#5283=ORIENTED_EDGE('',*,*,#4130,.F.);
#5284=ORIENTED_EDGE('',*,*,#4131,.F.);
#5285=ORIENTED_EDGE('',*,*,#4132,.F.);
#5286=ORIENTED_EDGE('',*,*,#4133,.F.);
#5287=ORIENTED_EDGE('',*,*,#4134,.F.);
#5288=ORIENTED_EDGE('',*,*,#4135,.F.);
#5289=ORIENTED_EDGE('',*,*,#4136,.F.);
#5290=ORIENTED_EDGE('',*,*,#4137,.F.);
#5291=ORIENTED_EDGE('',*,*,#4138,.F.);
#5292=ORIENTED_EDGE('',*,*,#4139,.F.);
#5293=ORIENTED_EDGE('',*,*,#4140,.F.);
#5294=ORIENTED_EDGE('',*,*,#4141,.F.);
#5295=ORIENTED_EDGE('',*,*,#4142,.F.);
#5296=ORIENTED_EDGE('',*,*,#4143,.F.);
#5297=ORIENTED_EDGE('',*,*,#4144,.F.);
#5298=ORIENTED_EDGE('',*,*,#4145,.F.);
#5299=ORIENTED_EDGE('',*,*,#4146,.F.);
#5300=ORIENTED_EDGE('',*,*,#4147,.F.);
#5301=ORIENTED_EDGE('',*,*,#4148,.F.);
#5302=ORIENTED_EDGE('',*,*,#4149,.F.);
#5303=ORIENTED_EDGE('',*,*,#4150,.F.);
#5304=ORIENTED_EDGE('',*,*,#4151,.F.);
#5305=ORIENTED_EDGE('',*,*,#4152,.F.);
#5306=ORIENTED_EDGE('',*,*,#4153,.F.);
#5307=ORIENTED_EDGE('',*,*,#4154,.F.);
#5308=ORIENTED_EDGE('',*,*,#4155,.F.);
#5309=ORIENTED_EDGE('',*,*,#4156,.F.);
#5310=ORIENTED_EDGE('',*,*,#4157,.F.);
#5311=ORIENTED_EDGE('',*,*,#4158,.F.);
#5312=ORIENTED_EDGE('',*,*,#4159,.F.);
#5313=ORIENTED_EDGE('',*,*,#4160,.F.);
#5314=ORIENTED_EDGE('',*,*,#4161,.F.);
#5315=ORIENTED_EDGE('',*,*,#4162,.F.);
#5316=ORIENTED_EDGE('',*,*,#4163,.F.);
#5317=ORIENTED_EDGE('',*,*,#4164,.F.);
#5318=ORIENTED_EDGE('',*,*,#4165,.F.);
#5319=ORIENTED_EDGE('',*,*,#4166,.F.);
#5320=ORIENTED_EDGE('',*,*,#4167,.F.);
#5321=ORIENTED_EDGE('',*,*,#4168,.F.);
#5322=ORIENTED_EDGE('',*,*,#4169,.F.);
#5323=ORIENTED_EDGE('',*,*,#4170,.F.);
#5324=ORIENTED_EDGE('',*,*,#4171,.F.);
#5325=ORIENTED_EDGE('',*,*,#4172,.F.);
#5326=ORIENTED_EDGE('',*,*,#4173,.F.);
#5327=ORIENTED_EDGE('',*,*,#4174,.F.);
#5328=ORIENTED_EDGE('',*,*,#4175,.F.);
#5329=ORIENTED_EDGE('',*,*,#4176,.F.);
#5330=ORIENTED_EDGE('',*,*,#4177,.F.);
#5331=ORIENTED_EDGE('',*,*,#4178,.F.);
#5332=ORIENTED_EDGE('',*,*,#4179,.F.);
#5333=ORIENTED_EDGE('',*,*,#4180,.F.);
#5334=ORIENTED_EDGE('',*,*,#4181,.F.);
#5335=ORIENTED_EDGE('',*,*,#4182,.F.);
#5336=ORIENTED_EDGE('',*,*,#4183,.F.);
#5337=ORIENTED_EDGE('',*,*,#4184,.F.);
#5338=ORIENTED_EDGE('',*,*,#4185,.F.);
#5339=ORIENTED_EDGE('',*,*,#4186,.F.);
#5340=ORIENTED_EDGE('',*,*,#4187,.F.);
#5341=ORIENTED_EDGE('',*,*,#4188,.F.);
#5342=ORIENTED_EDGE('',*,*,#4189,.F.);
#5343=ORIENTED_EDGE('',*,*,#4190,.F.);
#5344=ORIENTED_EDGE('',*,*,#4191,.F.);
#5345=ORIENTED_EDGE('',*,*,#4192,.F.);
#5346=ORIENTED_EDGE('',*,*,#4193,.F.);
#5347=ORIENTED_EDGE('',*,*,#4194,.F.);
#5348=ORIENTED_EDGE('',*,*,#4195,.F.);
#5349=ORIENTED_EDGE('',*,*,#4196,.F.);
#5350=ORIENTED_EDGE('',*,*,#4197,.F.);
#5351=ORIENTED_EDGE('',*,*,#4198,.F.);
#5352=ORIENTED_EDGE('',*,*,#4199,.F.);
#5353=ORIENTED_EDGE('',*,*,#4200,.F.);
#5354=ORIENTED_EDGE('',*,*,#4201,.F.);
#5355=ORIENTED_EDGE('',*,*,#4202,.F.);
#5356=ORIENTED_EDGE('',*,*,#4203,.F.);
#5357=ORIENTED_EDGE('',*,*,#4204,.F.);
#5358=ORIENTED_EDGE('',*,*,#4205,.F.);
#5359=ORIENTED_EDGE('',*,*,#4206,.F.);
#5360=ORIENTED_EDGE('',*,*,#4207,.F.);
#5361=ORIENTED_EDGE('',*,*,#4208,.F.);
#5362=ORIENTED_EDGE('',*,*,#4209,.F.);
#5363=ORIENTED_EDGE('',*,*,#4210,.F.);
#5364=ORIENTED_EDGE('',*,*,#4211,.F.);
#5365=ORIENTED_EDGE('',*,*,#4212,.F.);
#5366=ORIENTED_EDGE('',*,*,#4213,.F.);
#5367=ORIENTED_EDGE('',*,*,#4214,.F.);
#5368=ORIENTED_EDGE('',*,*,#4215,.F.);
#5369=ORIENTED_EDGE('',*,*,#4216,.F.);
#5370=ORIENTED_EDGE('',*,*,#4217,.F.);
#5371=ORIENTED_EDGE('',*,*,#4218,.F.);
#5372=ORIENTED_EDGE('',*,*,#4219,.F.);
#5373=ORIENTED_EDGE('',*,*,#4220,.F.);
#5374=ORIENTED_EDGE('',*,*,#4221,.F.);
#5375=ORIENTED_EDGE('',*,*,#4222,.F.);
#5376=ORIENTED_EDGE('',*,*,#4223,.F.);
#5377=ORIENTED_EDGE('',*,*,#4224,.F.);
#5378=ORIENTED_EDGE('',*,*,#4225,.F.);
#5379=ORIENTED_EDGE('',*,*,#4226,.F.);
#5380=ORIENTED_EDGE('',*,*,#4227,.F.);
#5381=ORIENTED_EDGE('',*,*,#4228,.F.);
#5382=ORIENTED_EDGE('',*,*,#4229,.F.);
#5383=ORIENTED_EDGE('',*,*,#4230,.F.);
#5384=ORIENTED_EDGE('',*,*,#4231,.F.);
#5385=ORIENTED_EDGE('',*,*,#4232,.F.);
#5386=ORIENTED_EDGE('',*,*,#4233,.F.);
#5387=ORIENTED_EDGE('',*,*,#4234,.F.);
#5388=ORIENTED_EDGE('',*,*,#4235,.F.);
#5389=ORIENTED_EDGE('',*,*,#4236,.F.);
#5390=ORIENTED_EDGE('',*,*,#4237,.F.);
#5391=ORIENTED_EDGE('',*,*,#4238,.F.);
#5392=ORIENTED_EDGE('',*,*,#4239,.F.);
#5393=ORIENTED_EDGE('',*,*,#4240,.F.);
#5394=ORIENTED_EDGE('',*,*,#4241,.F.);
#5395=ORIENTED_EDGE('',*,*,#4242,.F.);
#5396=ORIENTED_EDGE('',*,*,#4243,.F.);
#5397=ORIENTED_EDGE('',*,*,#4244,.F.);
#5398=ORIENTED_EDGE('',*,*,#4245,.F.);
#5399=ORIENTED_EDGE('',*,*,#4246,.F.);
#5400=ORIENTED_EDGE('',*,*,#4247,.F.);
#5401=ORIENTED_EDGE('',*,*,#4248,.F.);
#5402=ORIENTED_EDGE('',*,*,#4249,.F.);
#5403=ORIENTED_EDGE('',*,*,#4250,.F.);
#5404=ORIENTED_EDGE('',*,*,#4251,.F.);
#5405=ORIENTED_EDGE('',*,*,#4252,.F.);
#5406=ORIENTED_EDGE('',*,*,#4253,.F.);
#5407=ORIENTED_EDGE('',*,*,#4254,.F.);
#5408=ORIENTED_EDGE('',*,*,#4255,.F.);
#5409=ORIENTED_EDGE('',*,*,#4256,.F.);
#5410=ORIENTED_EDGE('',*,*,#4257,.F.);
#5411=ORIENTED_EDGE('',*,*,#4258,.F.);
#5412=ORIENTED_EDGE('',*,*,#4259,.F.);
#5413=ORIENTED_EDGE('',*,*,#4260,.F.);
#5414=ORIENTED_EDGE('',*,*,#4261,.F.);
#5415=ORIENTED_EDGE('',*,*,#4262,.F.);
#5416=ORIENTED_EDGE('',*,*,#4263,.F.);
#5417=ORIENTED_EDGE('',*,*,#4264,.F.);
#5418=ORIENTED_EDGE('',*,*,#4265,.F.);
#5419=ORIENTED_EDGE('',*,*,#4266,.F.);
#5420=ORIENTED_EDGE('',*,*,#4267,.F.);
#5421=ORIENTED_EDGE('',*,*,#4268,.F.);
#5422=ORIENTED_EDGE('',*,*,#4269,.F.);
#5423=ORIENTED_EDGE('',*,*,#4270,.F.);
#5424=ORIENTED_EDGE('',*,*,#4271,.F.);
#5425=ORIENTED_EDGE('',*,*,#4272,.F.);
#5426=ORIENTED_EDGE('',*,*,#4273,.F.);
#5427=ORIENTED_EDGE('',*,*,#4274,.F.);
#5428=ORIENTED_EDGE('',*,*,#4275,.F.);
#5429=ORIENTED_EDGE('',*,*,#4276,.F.);
#5430=ORIENTED_EDGE('',*,*,#4277,.F.);
#5431=ORIENTED_EDGE('',*,*,#4278,.F.);
#5432=ORIENTED_EDGE('',*,*,#4279,.F.);
#5433=ORIENTED_EDGE('',*,*,#4280,.F.);
#5434=ORIENTED_EDGE('',*,*,#4281,.F.);
#5435=ORIENTED_EDGE('',*,*,#4282,.F.);
#5436=ORIENTED_EDGE('',*,*,#4283,.F.);
#5437=ORIENTED_EDGE('',*,*,#4284,.F.);
#5438=ORIENTED_EDGE('',*,*,#4285,.F.);
#5439=ORIENTED_EDGE('',*,*,#4286,.F.);
#5440=ORIENTED_EDGE('',*,*,#4287,.F.);
#5441=ORIENTED_EDGE('',*,*,#4288,.F.);
#5442=ORIENTED_EDGE('',*,*,#4289,.F.);
#5443=ORIENTED_EDGE('',*,*,#4290,.F.);
#5444=ORIENTED_EDGE('',*,*,#4291,.F.);
#5445=ORIENTED_EDGE('',*,*,#4292,.F.);
#5446=ORIENTED_EDGE('',*,*,#4293,.F.);
#5447=ORIENTED_EDGE('',*,*,#4294,.F.);
#5448=ORIENTED_EDGE('',*,*,#4295,.F.);
#5449=ORIENTED_EDGE('',*,*,#4296,.F.);
#5450=ORIENTED_EDGE('',*,*,#4297,.F.);
#5451=ORIENTED_EDGE('',*,*,#4298,.F.);
#5452=ORIENTED_EDGE('',*,*,#4299,.F.);
#5453=ORIENTED_EDGE('',*,*,#4300,.F.);
#5454=ORIENTED_EDGE('',*,*,#4301,.F.);
#5455=ORIENTED_EDGE('',*,*,#4302,.F.);
#5456=ORIENTED_EDGE('',*,*,#4303,.F.);
#5457=ORIENTED_EDGE('',*,*,#4304,.F.);
#5458=ORIENTED_EDGE('',*,*,#4305,.F.);
#5459=ORIENTED_EDGE('',*,*,#4306,.F.);
#5460=ORIENTED_EDGE('',*,*,#4307,.F.);
#5461=ORIENTED_EDGE('',*,*,#4308,.F.);
#5462=ORIENTED_EDGE('',*,*,#4309,.F.);
#5463=ORIENTED_EDGE('',*,*,#4310,.F.);
#5464=ORIENTED_EDGE('',*,*,#4311,.F.);
#5465=ORIENTED_EDGE('',*,*,#4312,.F.);
#5466=ORIENTED_EDGE('',*,*,#4313,.F.);
#5467=ORIENTED_EDGE('',*,*,#4314,.F.);
#5468=ORIENTED_EDGE('',*,*,#4315,.F.);
#5469=ORIENTED_EDGE('',*,*,#4316,.F.);
#5470=ORIENTED_EDGE('',*,*,#4317,.F.);
#5471=ORIENTED_EDGE('',*,*,#4318,.F.);
#5472=ORIENTED_EDGE('',*,*,#4319,.F.);
#5473=ORIENTED_EDGE('',*,*,#4320,.F.);
#5474=ORIENTED_EDGE('',*,*,#4321,.F.);
#5475=ORIENTED_EDGE('',*,*,#4322,.F.);
#5476=ORIENTED_EDGE('',*,*,#4323,.F.);
#5477=ORIENTED_EDGE('',*,*,#4324,.F.);
#5478=ORIENTED_EDGE('',*,*,#4325,.F.);
#5479=ORIENTED_EDGE('',*,*,#4326,.F.);
#5480=ORIENTED_EDGE('',*,*,#4327,.F.);
#5481=ORIENTED_EDGE('',*,*,#4328,.F.);
#5482=ORIENTED_EDGE('',*,*,#4329,.F.);
#5483=ORIENTED_EDGE('',*,*,#4330,.F.);
#5484=ORIENTED_EDGE('',*,*,#4107,.F.);
#5485=ORIENTED_EDGE('',*,*,#4122,.F.);
#5486=ORIENTED_EDGE('',*,*,#4331,.F.);
#5487=ORIENTED_EDGE('',*,*,#3878,.F.);
#5488=ORIENTED_EDGE('',*,*,#3880,.F.);
#5489=ORIENTED_EDGE('',*,*,#4332,.F.);
#5490=ORIENTED_EDGE('',*,*,#4120,.F.);
#5491=ORIENTED_EDGE('',*,*,#4333,.F.);
#5492=ORIENTED_EDGE('',*,*,#3757,.T.);
#5493=ORIENTED_EDGE('',*,*,#3770,.T.);
#5494=ORIENTED_EDGE('',*,*,#3768,.T.);
#5495=ORIENTED_EDGE('',*,*,#3766,.T.);
#5496=ORIENTED_EDGE('',*,*,#3764,.T.);
#5497=ORIENTED_EDGE('',*,*,#3762,.T.);
#5498=ORIENTED_EDGE('',*,*,#3760,.T.);
#5499=ORIENTED_EDGE('',*,*,#4332,.T.);
#5500=ORIENTED_EDGE('',*,*,#3879,.T.);
#5501=ORIENTED_EDGE('',*,*,#4331,.T.);
#5502=ORIENTED_EDGE('',*,*,#4121,.F.);
#5503=ORIENTED_EDGE('',*,*,#4103,.F.);
#5504=ORIENTED_EDGE('',*,*,#3892,.F.);
#5505=ORIENTED_EDGE('',*,*,#4334,.F.);
#5506=ORIENTED_EDGE('',*,*,#4108,.F.);
#5507=ORIENTED_EDGE('',*,*,#4334,.T.);
#5508=ORIENTED_EDGE('',*,*,#3891,.T.);
#5509=ORIENTED_EDGE('',*,*,#4335,.T.);
#5510=ORIENTED_EDGE('',*,*,#4109,.F.);
#5511=ORIENTED_EDGE('',*,*,#3890,.F.);
#5512=ORIENTED_EDGE('',*,*,#4336,.F.);
#5513=ORIENTED_EDGE('',*,*,#4110,.F.);
#5514=ORIENTED_EDGE('',*,*,#4335,.F.);
#5515=ORIENTED_EDGE('',*,*,#3888,.F.);
#5516=ORIENTED_EDGE('',*,*,#4337,.F.);
#5517=ORIENTED_EDGE('',*,*,#4112,.F.);
#5518=ORIENTED_EDGE('',*,*,#4338,.F.);
#5519=ORIENTED_EDGE('',*,*,#4337,.T.);
#5520=ORIENTED_EDGE('',*,*,#3887,.T.);
#5521=ORIENTED_EDGE('',*,*,#4339,.T.);
#5522=ORIENTED_EDGE('',*,*,#4113,.F.);
#5523=ORIENTED_EDGE('',*,*,#3886,.F.);
#5524=ORIENTED_EDGE('',*,*,#4340,.F.);
#5525=ORIENTED_EDGE('',*,*,#4114,.F.);
#5526=ORIENTED_EDGE('',*,*,#4339,.F.);
#5527=ORIENTED_EDGE('',*,*,#3882,.F.);
#5528=ORIENTED_EDGE('',*,*,#4341,.F.);
#5529=ORIENTED_EDGE('',*,*,#4118,.F.);
#5530=ORIENTED_EDGE('',*,*,#4342,.F.);
#5531=ORIENTED_EDGE('',*,*,#4333,.T.);
#5532=ORIENTED_EDGE('',*,*,#4119,.F.);
#5533=ORIENTED_EDGE('',*,*,#4341,.T.);
#5534=ORIENTED_EDGE('',*,*,#3881,.T.);
#5535=ORIENTED_EDGE('',*,*,#4116,.F.);
#5536=ORIENTED_EDGE('',*,*,#4343,.F.);
#5537=ORIENTED_EDGE('',*,*,#3884,.F.);
#5538=ORIENTED_EDGE('',*,*,#4344,.F.);
#5539=ORIENTED_EDGE('',*,*,#4342,.T.);
#5540=ORIENTED_EDGE('',*,*,#4117,.F.);
#5541=ORIENTED_EDGE('',*,*,#4344,.T.);
#5542=ORIENTED_EDGE('',*,*,#3883,.T.);
#5543=ORIENTED_EDGE('',*,*,#3893,.T.);
#5544=ORIENTED_EDGE('',*,*,#4345,.T.);
#5545=ORIENTED_EDGE('',*,*,#4330,.T.);
#5546=ORIENTED_EDGE('',*,*,#4345,.F.);
#5547=ORIENTED_EDGE('',*,*,#3894,.T.);
#5548=ORIENTED_EDGE('',*,*,#4346,.T.);
#5549=ORIENTED_EDGE('',*,*,#4329,.T.);
#5550=ORIENTED_EDGE('',*,*,#4346,.F.);
#5551=ORIENTED_EDGE('',*,*,#3895,.T.);
#5552=ORIENTED_EDGE('',*,*,#4347,.T.);
#5553=ORIENTED_EDGE('',*,*,#4328,.T.);
#5554=ORIENTED_EDGE('',*,*,#4347,.F.);
#5555=ORIENTED_EDGE('',*,*,#3896,.T.);
#5556=ORIENTED_EDGE('',*,*,#4348,.T.);
#5557=ORIENTED_EDGE('',*,*,#4327,.T.);
#5558=ORIENTED_EDGE('',*,*,#4348,.F.);
#5559=ORIENTED_EDGE('',*,*,#3897,.T.);
#5560=ORIENTED_EDGE('',*,*,#4349,.T.);
#5561=ORIENTED_EDGE('',*,*,#4326,.T.);
#5562=ORIENTED_EDGE('',*,*,#4349,.F.);
#5563=ORIENTED_EDGE('',*,*,#3898,.T.);
#5564=ORIENTED_EDGE('',*,*,#4350,.T.);
#5565=ORIENTED_EDGE('',*,*,#4325,.T.);
#5566=ORIENTED_EDGE('',*,*,#4350,.F.);
#5567=ORIENTED_EDGE('',*,*,#3899,.T.);
#5568=ORIENTED_EDGE('',*,*,#4351,.T.);
#5569=ORIENTED_EDGE('',*,*,#4324,.T.);
#5570=ORIENTED_EDGE('',*,*,#4351,.F.);
#5571=ORIENTED_EDGE('',*,*,#3900,.T.);
#5572=ORIENTED_EDGE('',*,*,#4352,.T.);
#5573=ORIENTED_EDGE('',*,*,#4323,.T.);
#5574=ORIENTED_EDGE('',*,*,#4352,.F.);
#5575=ORIENTED_EDGE('',*,*,#3901,.T.);
#5576=ORIENTED_EDGE('',*,*,#4353,.T.);
#5577=ORIENTED_EDGE('',*,*,#4322,.T.);
#5578=ORIENTED_EDGE('',*,*,#4353,.F.);
#5579=ORIENTED_EDGE('',*,*,#3902,.T.);
#5580=ORIENTED_EDGE('',*,*,#4354,.T.);
#5581=ORIENTED_EDGE('',*,*,#4321,.T.);
#5582=ORIENTED_EDGE('',*,*,#4354,.F.);
#5583=ORIENTED_EDGE('',*,*,#3903,.T.);
#5584=ORIENTED_EDGE('',*,*,#4355,.T.);
#5585=ORIENTED_EDGE('',*,*,#4320,.T.);
#5586=ORIENTED_EDGE('',*,*,#4355,.F.);
#5587=ORIENTED_EDGE('',*,*,#3904,.T.);
#5588=ORIENTED_EDGE('',*,*,#4356,.T.);
#5589=ORIENTED_EDGE('',*,*,#4319,.T.);
#5590=ORIENTED_EDGE('',*,*,#4356,.F.);
#5591=ORIENTED_EDGE('',*,*,#3905,.T.);
#5592=ORIENTED_EDGE('',*,*,#4357,.T.);
#5593=ORIENTED_EDGE('',*,*,#4318,.T.);
#5594=ORIENTED_EDGE('',*,*,#4357,.F.);
#5595=ORIENTED_EDGE('',*,*,#3906,.T.);
#5596=ORIENTED_EDGE('',*,*,#4358,.T.);
#5597=ORIENTED_EDGE('',*,*,#4317,.T.);
#5598=ORIENTED_EDGE('',*,*,#4358,.F.);
#5599=ORIENTED_EDGE('',*,*,#3907,.T.);
#5600=ORIENTED_EDGE('',*,*,#4359,.T.);
#5601=ORIENTED_EDGE('',*,*,#4316,.T.);
#5602=ORIENTED_EDGE('',*,*,#4359,.F.);
#5603=ORIENTED_EDGE('',*,*,#3908,.T.);
#5604=ORIENTED_EDGE('',*,*,#4360,.T.);
#5605=ORIENTED_EDGE('',*,*,#4315,.T.);
#5606=ORIENTED_EDGE('',*,*,#4360,.F.);
#5607=ORIENTED_EDGE('',*,*,#3909,.T.);
#5608=ORIENTED_EDGE('',*,*,#4361,.T.);
#5609=ORIENTED_EDGE('',*,*,#4314,.T.);
#5610=ORIENTED_EDGE('',*,*,#4361,.F.);
#5611=ORIENTED_EDGE('',*,*,#3910,.T.);
#5612=ORIENTED_EDGE('',*,*,#4362,.T.);
#5613=ORIENTED_EDGE('',*,*,#4313,.T.);
#5614=ORIENTED_EDGE('',*,*,#4362,.F.);
#5615=ORIENTED_EDGE('',*,*,#3911,.T.);
#5616=ORIENTED_EDGE('',*,*,#4363,.T.);
#5617=ORIENTED_EDGE('',*,*,#4312,.T.);
#5618=ORIENTED_EDGE('',*,*,#4363,.F.);
#5619=ORIENTED_EDGE('',*,*,#3912,.T.);
#5620=ORIENTED_EDGE('',*,*,#4364,.T.);
#5621=ORIENTED_EDGE('',*,*,#4311,.T.);
#5622=ORIENTED_EDGE('',*,*,#4364,.F.);
#5623=ORIENTED_EDGE('',*,*,#3913,.T.);
#5624=ORIENTED_EDGE('',*,*,#4365,.T.);
#5625=ORIENTED_EDGE('',*,*,#4310,.T.);
#5626=ORIENTED_EDGE('',*,*,#4365,.F.);
#5627=ORIENTED_EDGE('',*,*,#3914,.T.);
#5628=ORIENTED_EDGE('',*,*,#4366,.T.);
#5629=ORIENTED_EDGE('',*,*,#4309,.T.);
#5630=ORIENTED_EDGE('',*,*,#4366,.F.);
#5631=ORIENTED_EDGE('',*,*,#3915,.T.);
#5632=ORIENTED_EDGE('',*,*,#4367,.T.);
#5633=ORIENTED_EDGE('',*,*,#4308,.T.);
#5634=ORIENTED_EDGE('',*,*,#4367,.F.);
#5635=ORIENTED_EDGE('',*,*,#3916,.T.);
#5636=ORIENTED_EDGE('',*,*,#4368,.T.);
#5637=ORIENTED_EDGE('',*,*,#4307,.T.);
#5638=ORIENTED_EDGE('',*,*,#4368,.F.);
#5639=ORIENTED_EDGE('',*,*,#3917,.T.);
#5640=ORIENTED_EDGE('',*,*,#4369,.T.);
#5641=ORIENTED_EDGE('',*,*,#4306,.T.);
#5642=ORIENTED_EDGE('',*,*,#4369,.F.);
#5643=ORIENTED_EDGE('',*,*,#3918,.T.);
#5644=ORIENTED_EDGE('',*,*,#4370,.T.);
#5645=ORIENTED_EDGE('',*,*,#4305,.T.);
#5646=ORIENTED_EDGE('',*,*,#4370,.F.);
#5647=ORIENTED_EDGE('',*,*,#3919,.T.);
#5648=ORIENTED_EDGE('',*,*,#4371,.T.);
#5649=ORIENTED_EDGE('',*,*,#4304,.T.);
#5650=ORIENTED_EDGE('',*,*,#4371,.F.);
#5651=ORIENTED_EDGE('',*,*,#3920,.T.);
#5652=ORIENTED_EDGE('',*,*,#4372,.T.);
#5653=ORIENTED_EDGE('',*,*,#4303,.T.);
#5654=ORIENTED_EDGE('',*,*,#4372,.F.);
#5655=ORIENTED_EDGE('',*,*,#3921,.T.);
#5656=ORIENTED_EDGE('',*,*,#4373,.T.);
#5657=ORIENTED_EDGE('',*,*,#4302,.T.);
#5658=ORIENTED_EDGE('',*,*,#4373,.F.);
#5659=ORIENTED_EDGE('',*,*,#3922,.T.);
#5660=ORIENTED_EDGE('',*,*,#4374,.T.);
#5661=ORIENTED_EDGE('',*,*,#4301,.T.);
#5662=ORIENTED_EDGE('',*,*,#4374,.F.);
#5663=ORIENTED_EDGE('',*,*,#3923,.T.);
#5664=ORIENTED_EDGE('',*,*,#4375,.T.);
#5665=ORIENTED_EDGE('',*,*,#4300,.T.);
#5666=ORIENTED_EDGE('',*,*,#4375,.F.);
#5667=ORIENTED_EDGE('',*,*,#3924,.T.);
#5668=ORIENTED_EDGE('',*,*,#4376,.T.);
#5669=ORIENTED_EDGE('',*,*,#4299,.T.);
#5670=ORIENTED_EDGE('',*,*,#4376,.F.);
#5671=ORIENTED_EDGE('',*,*,#3925,.T.);
#5672=ORIENTED_EDGE('',*,*,#4377,.T.);
#5673=ORIENTED_EDGE('',*,*,#4298,.T.);
#5674=ORIENTED_EDGE('',*,*,#4377,.F.);
#5675=ORIENTED_EDGE('',*,*,#3926,.T.);
#5676=ORIENTED_EDGE('',*,*,#4378,.T.);
#5677=ORIENTED_EDGE('',*,*,#4297,.T.);
#5678=ORIENTED_EDGE('',*,*,#4378,.F.);
#5679=ORIENTED_EDGE('',*,*,#3927,.T.);
#5680=ORIENTED_EDGE('',*,*,#4379,.T.);
#5681=ORIENTED_EDGE('',*,*,#4296,.T.);
#5682=ORIENTED_EDGE('',*,*,#4379,.F.);
#5683=ORIENTED_EDGE('',*,*,#3928,.T.);
#5684=ORIENTED_EDGE('',*,*,#4380,.T.);
#5685=ORIENTED_EDGE('',*,*,#4295,.T.);
#5686=ORIENTED_EDGE('',*,*,#4380,.F.);
#5687=ORIENTED_EDGE('',*,*,#3929,.T.);
#5688=ORIENTED_EDGE('',*,*,#4381,.T.);
#5689=ORIENTED_EDGE('',*,*,#4294,.T.);
#5690=ORIENTED_EDGE('',*,*,#4381,.F.);
#5691=ORIENTED_EDGE('',*,*,#3930,.T.);
#5692=ORIENTED_EDGE('',*,*,#4382,.T.);
#5693=ORIENTED_EDGE('',*,*,#4293,.T.);
#5694=ORIENTED_EDGE('',*,*,#4382,.F.);
#5695=ORIENTED_EDGE('',*,*,#3931,.T.);
#5696=ORIENTED_EDGE('',*,*,#4383,.T.);
#5697=ORIENTED_EDGE('',*,*,#4292,.T.);
#5698=ORIENTED_EDGE('',*,*,#4383,.F.);
#5699=ORIENTED_EDGE('',*,*,#3932,.T.);
#5700=ORIENTED_EDGE('',*,*,#4384,.T.);
#5701=ORIENTED_EDGE('',*,*,#4291,.T.);
#5702=ORIENTED_EDGE('',*,*,#4384,.F.);
#5703=ORIENTED_EDGE('',*,*,#3933,.T.);
#5704=ORIENTED_EDGE('',*,*,#4385,.T.);
#5705=ORIENTED_EDGE('',*,*,#4290,.T.);
#5706=ORIENTED_EDGE('',*,*,#4385,.F.);
#5707=ORIENTED_EDGE('',*,*,#3934,.T.);
#5708=ORIENTED_EDGE('',*,*,#4386,.T.);
#5709=ORIENTED_EDGE('',*,*,#4289,.T.);
#5710=ORIENTED_EDGE('',*,*,#4386,.F.);
#5711=ORIENTED_EDGE('',*,*,#3935,.T.);
#5712=ORIENTED_EDGE('',*,*,#4387,.T.);
#5713=ORIENTED_EDGE('',*,*,#4288,.T.);
#5714=ORIENTED_EDGE('',*,*,#4387,.F.);
#5715=ORIENTED_EDGE('',*,*,#3936,.T.);
#5716=ORIENTED_EDGE('',*,*,#4388,.T.);
#5717=ORIENTED_EDGE('',*,*,#4287,.T.);
#5718=ORIENTED_EDGE('',*,*,#4388,.F.);
#5719=ORIENTED_EDGE('',*,*,#3937,.T.);
#5720=ORIENTED_EDGE('',*,*,#4389,.T.);
#5721=ORIENTED_EDGE('',*,*,#4286,.T.);
#5722=ORIENTED_EDGE('',*,*,#4389,.F.);
#5723=ORIENTED_EDGE('',*,*,#3938,.T.);
#5724=ORIENTED_EDGE('',*,*,#4390,.T.);
#5725=ORIENTED_EDGE('',*,*,#4285,.T.);
#5726=ORIENTED_EDGE('',*,*,#4390,.F.);
#5727=ORIENTED_EDGE('',*,*,#3939,.T.);
#5728=ORIENTED_EDGE('',*,*,#4391,.T.);
#5729=ORIENTED_EDGE('',*,*,#4284,.T.);
#5730=ORIENTED_EDGE('',*,*,#4391,.F.);
#5731=ORIENTED_EDGE('',*,*,#3940,.T.);
#5732=ORIENTED_EDGE('',*,*,#4392,.T.);
#5733=ORIENTED_EDGE('',*,*,#4283,.T.);
#5734=ORIENTED_EDGE('',*,*,#4392,.F.);
#5735=ORIENTED_EDGE('',*,*,#3941,.T.);
#5736=ORIENTED_EDGE('',*,*,#4393,.T.);
#5737=ORIENTED_EDGE('',*,*,#4282,.T.);
#5738=ORIENTED_EDGE('',*,*,#4393,.F.);
#5739=ORIENTED_EDGE('',*,*,#3942,.T.);
#5740=ORIENTED_EDGE('',*,*,#4394,.T.);
#5741=ORIENTED_EDGE('',*,*,#4281,.T.);
#5742=ORIENTED_EDGE('',*,*,#4394,.F.);
#5743=ORIENTED_EDGE('',*,*,#3943,.T.);
#5744=ORIENTED_EDGE('',*,*,#4395,.T.);
#5745=ORIENTED_EDGE('',*,*,#4280,.T.);
#5746=ORIENTED_EDGE('',*,*,#4395,.F.);
#5747=ORIENTED_EDGE('',*,*,#3944,.T.);
#5748=ORIENTED_EDGE('',*,*,#4396,.T.);
#5749=ORIENTED_EDGE('',*,*,#4279,.T.);
#5750=ORIENTED_EDGE('',*,*,#4396,.F.);
#5751=ORIENTED_EDGE('',*,*,#3945,.T.);
#5752=ORIENTED_EDGE('',*,*,#4397,.T.);
#5753=ORIENTED_EDGE('',*,*,#4278,.T.);
#5754=ORIENTED_EDGE('',*,*,#4397,.F.);
#5755=ORIENTED_EDGE('',*,*,#3946,.T.);
#5756=ORIENTED_EDGE('',*,*,#4398,.T.);
#5757=ORIENTED_EDGE('',*,*,#4277,.T.);
#5758=ORIENTED_EDGE('',*,*,#4398,.F.);
#5759=ORIENTED_EDGE('',*,*,#3947,.T.);
#5760=ORIENTED_EDGE('',*,*,#4399,.T.);
#5761=ORIENTED_EDGE('',*,*,#4276,.T.);
#5762=ORIENTED_EDGE('',*,*,#4399,.F.);
#5763=ORIENTED_EDGE('',*,*,#3948,.T.);
#5764=ORIENTED_EDGE('',*,*,#4400,.T.);
#5765=ORIENTED_EDGE('',*,*,#4275,.T.);
#5766=ORIENTED_EDGE('',*,*,#4400,.F.);
#5767=ORIENTED_EDGE('',*,*,#3949,.T.);
#5768=ORIENTED_EDGE('',*,*,#4401,.T.);
#5769=ORIENTED_EDGE('',*,*,#4274,.T.);
#5770=ORIENTED_EDGE('',*,*,#4401,.F.);
#5771=ORIENTED_EDGE('',*,*,#3950,.T.);
#5772=ORIENTED_EDGE('',*,*,#4402,.T.);
#5773=ORIENTED_EDGE('',*,*,#4273,.T.);
#5774=ORIENTED_EDGE('',*,*,#4402,.F.);
#5775=ORIENTED_EDGE('',*,*,#3951,.T.);
#5776=ORIENTED_EDGE('',*,*,#4403,.T.);
#5777=ORIENTED_EDGE('',*,*,#4272,.T.);
#5778=ORIENTED_EDGE('',*,*,#4403,.F.);
#5779=ORIENTED_EDGE('',*,*,#3952,.T.);
#5780=ORIENTED_EDGE('',*,*,#4404,.T.);
#5781=ORIENTED_EDGE('',*,*,#4271,.T.);
#5782=ORIENTED_EDGE('',*,*,#4404,.F.);
#5783=ORIENTED_EDGE('',*,*,#3953,.T.);
#5784=ORIENTED_EDGE('',*,*,#4405,.T.);
#5785=ORIENTED_EDGE('',*,*,#4270,.T.);
#5786=ORIENTED_EDGE('',*,*,#4405,.F.);
#5787=ORIENTED_EDGE('',*,*,#3954,.T.);
#5788=ORIENTED_EDGE('',*,*,#4406,.T.);
#5789=ORIENTED_EDGE('',*,*,#4269,.T.);
#5790=ORIENTED_EDGE('',*,*,#4406,.F.);
#5791=ORIENTED_EDGE('',*,*,#3955,.T.);
#5792=ORIENTED_EDGE('',*,*,#4407,.T.);
#5793=ORIENTED_EDGE('',*,*,#4268,.T.);
#5794=ORIENTED_EDGE('',*,*,#4407,.F.);
#5795=ORIENTED_EDGE('',*,*,#3956,.T.);
#5796=ORIENTED_EDGE('',*,*,#4408,.T.);
#5797=ORIENTED_EDGE('',*,*,#4267,.T.);
#5798=ORIENTED_EDGE('',*,*,#4408,.F.);
#5799=ORIENTED_EDGE('',*,*,#3957,.T.);
#5800=ORIENTED_EDGE('',*,*,#4409,.T.);
#5801=ORIENTED_EDGE('',*,*,#4266,.T.);
#5802=ORIENTED_EDGE('',*,*,#4409,.F.);
#5803=ORIENTED_EDGE('',*,*,#3958,.T.);
#5804=ORIENTED_EDGE('',*,*,#4410,.T.);
#5805=ORIENTED_EDGE('',*,*,#4265,.T.);
#5806=ORIENTED_EDGE('',*,*,#4410,.F.);
#5807=ORIENTED_EDGE('',*,*,#3959,.T.);
#5808=ORIENTED_EDGE('',*,*,#4411,.T.);
#5809=ORIENTED_EDGE('',*,*,#4264,.T.);
#5810=ORIENTED_EDGE('',*,*,#4411,.F.);
#5811=ORIENTED_EDGE('',*,*,#3960,.T.);
#5812=ORIENTED_EDGE('',*,*,#4412,.T.);
#5813=ORIENTED_EDGE('',*,*,#4263,.T.);
#5814=ORIENTED_EDGE('',*,*,#4412,.F.);
#5815=ORIENTED_EDGE('',*,*,#3961,.T.);
#5816=ORIENTED_EDGE('',*,*,#4413,.T.);
#5817=ORIENTED_EDGE('',*,*,#4262,.T.);
#5818=ORIENTED_EDGE('',*,*,#4413,.F.);
#5819=ORIENTED_EDGE('',*,*,#3962,.T.);
#5820=ORIENTED_EDGE('',*,*,#4414,.T.);
#5821=ORIENTED_EDGE('',*,*,#4261,.T.);
#5822=ORIENTED_EDGE('',*,*,#4414,.F.);
#5823=ORIENTED_EDGE('',*,*,#3963,.T.);
#5824=ORIENTED_EDGE('',*,*,#4415,.T.);
#5825=ORIENTED_EDGE('',*,*,#4260,.T.);
#5826=ORIENTED_EDGE('',*,*,#4415,.F.);
#5827=ORIENTED_EDGE('',*,*,#3964,.T.);
#5828=ORIENTED_EDGE('',*,*,#4416,.T.);
#5829=ORIENTED_EDGE('',*,*,#4259,.T.);
#5830=ORIENTED_EDGE('',*,*,#4416,.F.);
#5831=ORIENTED_EDGE('',*,*,#3965,.T.);
#5832=ORIENTED_EDGE('',*,*,#4417,.T.);
#5833=ORIENTED_EDGE('',*,*,#4258,.T.);
#5834=ORIENTED_EDGE('',*,*,#4417,.F.);
#5835=ORIENTED_EDGE('',*,*,#3966,.T.);
#5836=ORIENTED_EDGE('',*,*,#4418,.T.);
#5837=ORIENTED_EDGE('',*,*,#4257,.T.);
#5838=ORIENTED_EDGE('',*,*,#4418,.F.);
#5839=ORIENTED_EDGE('',*,*,#3967,.T.);
#5840=ORIENTED_EDGE('',*,*,#4419,.T.);
#5841=ORIENTED_EDGE('',*,*,#4256,.T.);
#5842=ORIENTED_EDGE('',*,*,#4419,.F.);
#5843=ORIENTED_EDGE('',*,*,#3968,.T.);
#5844=ORIENTED_EDGE('',*,*,#4420,.T.);
#5845=ORIENTED_EDGE('',*,*,#4255,.T.);
#5846=ORIENTED_EDGE('',*,*,#4420,.F.);
#5847=ORIENTED_EDGE('',*,*,#3969,.T.);
#5848=ORIENTED_EDGE('',*,*,#4421,.T.);
#5849=ORIENTED_EDGE('',*,*,#4254,.T.);
#5850=ORIENTED_EDGE('',*,*,#4421,.F.);
#5851=ORIENTED_EDGE('',*,*,#3970,.T.);
#5852=ORIENTED_EDGE('',*,*,#4422,.T.);
#5853=ORIENTED_EDGE('',*,*,#4253,.T.);
#5854=ORIENTED_EDGE('',*,*,#4422,.F.);
#5855=ORIENTED_EDGE('',*,*,#3971,.T.);
#5856=ORIENTED_EDGE('',*,*,#4423,.T.);
#5857=ORIENTED_EDGE('',*,*,#4252,.T.);
#5858=ORIENTED_EDGE('',*,*,#4423,.F.);
#5859=ORIENTED_EDGE('',*,*,#3972,.T.);
#5860=ORIENTED_EDGE('',*,*,#4424,.T.);
#5861=ORIENTED_EDGE('',*,*,#4251,.T.);
#5862=ORIENTED_EDGE('',*,*,#4424,.F.);
#5863=ORIENTED_EDGE('',*,*,#3973,.T.);
#5864=ORIENTED_EDGE('',*,*,#4425,.T.);
#5865=ORIENTED_EDGE('',*,*,#4250,.T.);
#5866=ORIENTED_EDGE('',*,*,#4425,.F.);
#5867=ORIENTED_EDGE('',*,*,#3974,.T.);
#5868=ORIENTED_EDGE('',*,*,#4426,.T.);
#5869=ORIENTED_EDGE('',*,*,#4249,.T.);
#5870=ORIENTED_EDGE('',*,*,#4426,.F.);
#5871=ORIENTED_EDGE('',*,*,#3975,.T.);
#5872=ORIENTED_EDGE('',*,*,#4427,.T.);
#5873=ORIENTED_EDGE('',*,*,#4248,.T.);
#5874=ORIENTED_EDGE('',*,*,#4427,.F.);
#5875=ORIENTED_EDGE('',*,*,#3976,.T.);
#5876=ORIENTED_EDGE('',*,*,#4428,.T.);
#5877=ORIENTED_EDGE('',*,*,#4247,.T.);
#5878=ORIENTED_EDGE('',*,*,#4428,.F.);
#5879=ORIENTED_EDGE('',*,*,#3977,.T.);
#5880=ORIENTED_EDGE('',*,*,#4429,.T.);
#5881=ORIENTED_EDGE('',*,*,#4246,.T.);
#5882=ORIENTED_EDGE('',*,*,#4429,.F.);
#5883=ORIENTED_EDGE('',*,*,#3978,.T.);
#5884=ORIENTED_EDGE('',*,*,#4430,.T.);
#5885=ORIENTED_EDGE('',*,*,#4245,.T.);
#5886=ORIENTED_EDGE('',*,*,#4430,.F.);
#5887=ORIENTED_EDGE('',*,*,#3979,.T.);
#5888=ORIENTED_EDGE('',*,*,#4431,.T.);
#5889=ORIENTED_EDGE('',*,*,#4244,.T.);
#5890=ORIENTED_EDGE('',*,*,#4431,.F.);
#5891=ORIENTED_EDGE('',*,*,#3980,.T.);
#5892=ORIENTED_EDGE('',*,*,#4432,.T.);
#5893=ORIENTED_EDGE('',*,*,#4243,.T.);
#5894=ORIENTED_EDGE('',*,*,#4432,.F.);
#5895=ORIENTED_EDGE('',*,*,#3981,.T.);
#5896=ORIENTED_EDGE('',*,*,#4433,.T.);
#5897=ORIENTED_EDGE('',*,*,#4242,.T.);
#5898=ORIENTED_EDGE('',*,*,#4433,.F.);
#5899=ORIENTED_EDGE('',*,*,#3982,.T.);
#5900=ORIENTED_EDGE('',*,*,#4434,.T.);
#5901=ORIENTED_EDGE('',*,*,#4241,.T.);
#5902=ORIENTED_EDGE('',*,*,#4434,.F.);
#5903=ORIENTED_EDGE('',*,*,#3983,.T.);
#5904=ORIENTED_EDGE('',*,*,#4435,.T.);
#5905=ORIENTED_EDGE('',*,*,#4240,.T.);
#5906=ORIENTED_EDGE('',*,*,#4435,.F.);
#5907=ORIENTED_EDGE('',*,*,#3984,.T.);
#5908=ORIENTED_EDGE('',*,*,#4436,.T.);
#5909=ORIENTED_EDGE('',*,*,#4239,.T.);
#5910=ORIENTED_EDGE('',*,*,#4436,.F.);
#5911=ORIENTED_EDGE('',*,*,#3985,.T.);
#5912=ORIENTED_EDGE('',*,*,#4437,.T.);
#5913=ORIENTED_EDGE('',*,*,#4238,.T.);
#5914=ORIENTED_EDGE('',*,*,#4437,.F.);
#5915=ORIENTED_EDGE('',*,*,#3986,.T.);
#5916=ORIENTED_EDGE('',*,*,#4438,.T.);
#5917=ORIENTED_EDGE('',*,*,#4237,.T.);
#5918=ORIENTED_EDGE('',*,*,#4438,.F.);
#5919=ORIENTED_EDGE('',*,*,#3987,.T.);
#5920=ORIENTED_EDGE('',*,*,#4439,.T.);
#5921=ORIENTED_EDGE('',*,*,#4236,.T.);
#5922=ORIENTED_EDGE('',*,*,#4439,.F.);
#5923=ORIENTED_EDGE('',*,*,#3988,.T.);
#5924=ORIENTED_EDGE('',*,*,#4440,.T.);
#5925=ORIENTED_EDGE('',*,*,#4235,.T.);
#5926=ORIENTED_EDGE('',*,*,#4440,.F.);
#5927=ORIENTED_EDGE('',*,*,#3989,.T.);
#5928=ORIENTED_EDGE('',*,*,#4441,.T.);
#5929=ORIENTED_EDGE('',*,*,#4234,.T.);
#5930=ORIENTED_EDGE('',*,*,#4441,.F.);
#5931=ORIENTED_EDGE('',*,*,#3990,.T.);
#5932=ORIENTED_EDGE('',*,*,#4442,.T.);
#5933=ORIENTED_EDGE('',*,*,#4233,.T.);
#5934=ORIENTED_EDGE('',*,*,#4442,.F.);
#5935=ORIENTED_EDGE('',*,*,#3991,.T.);
#5936=ORIENTED_EDGE('',*,*,#4443,.T.);
#5937=ORIENTED_EDGE('',*,*,#4232,.T.);
#5938=ORIENTED_EDGE('',*,*,#4443,.F.);
#5939=ORIENTED_EDGE('',*,*,#3992,.T.);
#5940=ORIENTED_EDGE('',*,*,#4444,.T.);
#5941=ORIENTED_EDGE('',*,*,#4231,.T.);
#5942=ORIENTED_EDGE('',*,*,#4444,.F.);
#5943=ORIENTED_EDGE('',*,*,#3993,.T.);
#5944=ORIENTED_EDGE('',*,*,#4445,.T.);
#5945=ORIENTED_EDGE('',*,*,#4230,.T.);
#5946=ORIENTED_EDGE('',*,*,#4445,.F.);
#5947=ORIENTED_EDGE('',*,*,#3994,.T.);
#5948=ORIENTED_EDGE('',*,*,#4446,.T.);
#5949=ORIENTED_EDGE('',*,*,#4229,.T.);
#5950=ORIENTED_EDGE('',*,*,#4446,.F.);
#5951=ORIENTED_EDGE('',*,*,#3995,.T.);
#5952=ORIENTED_EDGE('',*,*,#4447,.T.);
#5953=ORIENTED_EDGE('',*,*,#4228,.T.);
#5954=ORIENTED_EDGE('',*,*,#4447,.F.);
#5955=ORIENTED_EDGE('',*,*,#3996,.T.);
#5956=ORIENTED_EDGE('',*,*,#4448,.T.);
#5957=ORIENTED_EDGE('',*,*,#4227,.T.);
#5958=ORIENTED_EDGE('',*,*,#4448,.F.);
#5959=ORIENTED_EDGE('',*,*,#3997,.T.);
#5960=ORIENTED_EDGE('',*,*,#4449,.T.);
#5961=ORIENTED_EDGE('',*,*,#4226,.T.);
#5962=ORIENTED_EDGE('',*,*,#4449,.F.);
#5963=ORIENTED_EDGE('',*,*,#3998,.T.);
#5964=ORIENTED_EDGE('',*,*,#4450,.T.);
#5965=ORIENTED_EDGE('',*,*,#4225,.T.);
#5966=ORIENTED_EDGE('',*,*,#4450,.F.);
#5967=ORIENTED_EDGE('',*,*,#3999,.T.);
#5968=ORIENTED_EDGE('',*,*,#4451,.T.);
#5969=ORIENTED_EDGE('',*,*,#4224,.T.);
#5970=ORIENTED_EDGE('',*,*,#4451,.F.);
#5971=ORIENTED_EDGE('',*,*,#4000,.T.);
#5972=ORIENTED_EDGE('',*,*,#4452,.T.);
#5973=ORIENTED_EDGE('',*,*,#4223,.T.);
#5974=ORIENTED_EDGE('',*,*,#4452,.F.);
#5975=ORIENTED_EDGE('',*,*,#4001,.T.);
#5976=ORIENTED_EDGE('',*,*,#4453,.T.);
#5977=ORIENTED_EDGE('',*,*,#4222,.T.);
#5978=ORIENTED_EDGE('',*,*,#4453,.F.);
#5979=ORIENTED_EDGE('',*,*,#4002,.T.);
#5980=ORIENTED_EDGE('',*,*,#4454,.T.);
#5981=ORIENTED_EDGE('',*,*,#4221,.T.);
#5982=ORIENTED_EDGE('',*,*,#4454,.F.);
#5983=ORIENTED_EDGE('',*,*,#4003,.T.);
#5984=ORIENTED_EDGE('',*,*,#4455,.T.);
#5985=ORIENTED_EDGE('',*,*,#4220,.T.);
#5986=ORIENTED_EDGE('',*,*,#4455,.F.);
#5987=ORIENTED_EDGE('',*,*,#4004,.T.);
#5988=ORIENTED_EDGE('',*,*,#4456,.T.);
#5989=ORIENTED_EDGE('',*,*,#4219,.T.);
#5990=ORIENTED_EDGE('',*,*,#4456,.F.);
#5991=ORIENTED_EDGE('',*,*,#4005,.T.);
#5992=ORIENTED_EDGE('',*,*,#4457,.T.);
#5993=ORIENTED_EDGE('',*,*,#4218,.T.);
#5994=ORIENTED_EDGE('',*,*,#4457,.F.);
#5995=ORIENTED_EDGE('',*,*,#4006,.T.);
#5996=ORIENTED_EDGE('',*,*,#4458,.T.);
#5997=ORIENTED_EDGE('',*,*,#4217,.T.);
#5998=ORIENTED_EDGE('',*,*,#4458,.F.);
#5999=ORIENTED_EDGE('',*,*,#4007,.T.);
#6000=ORIENTED_EDGE('',*,*,#4459,.T.);
#6001=ORIENTED_EDGE('',*,*,#4216,.T.);
#6002=ORIENTED_EDGE('',*,*,#4459,.F.);
#6003=ORIENTED_EDGE('',*,*,#4008,.T.);
#6004=ORIENTED_EDGE('',*,*,#4460,.T.);
#6005=ORIENTED_EDGE('',*,*,#4215,.T.);
#6006=ORIENTED_EDGE('',*,*,#4460,.F.);
#6007=ORIENTED_EDGE('',*,*,#4009,.T.);
#6008=ORIENTED_EDGE('',*,*,#4461,.T.);
#6009=ORIENTED_EDGE('',*,*,#4214,.T.);
#6010=ORIENTED_EDGE('',*,*,#4461,.F.);
#6011=ORIENTED_EDGE('',*,*,#4010,.T.);
#6012=ORIENTED_EDGE('',*,*,#4462,.T.);
#6013=ORIENTED_EDGE('',*,*,#4213,.T.);
#6014=ORIENTED_EDGE('',*,*,#4462,.F.);
#6015=ORIENTED_EDGE('',*,*,#4011,.T.);
#6016=ORIENTED_EDGE('',*,*,#4463,.T.);
#6017=ORIENTED_EDGE('',*,*,#4212,.T.);
#6018=ORIENTED_EDGE('',*,*,#4463,.F.);
#6019=ORIENTED_EDGE('',*,*,#4012,.T.);
#6020=ORIENTED_EDGE('',*,*,#4464,.T.);
#6021=ORIENTED_EDGE('',*,*,#4211,.T.);
#6022=ORIENTED_EDGE('',*,*,#4464,.F.);
#6023=ORIENTED_EDGE('',*,*,#4013,.T.);
#6024=ORIENTED_EDGE('',*,*,#4465,.T.);
#6025=ORIENTED_EDGE('',*,*,#4210,.T.);
#6026=ORIENTED_EDGE('',*,*,#4465,.F.);
#6027=ORIENTED_EDGE('',*,*,#4014,.T.);
#6028=ORIENTED_EDGE('',*,*,#4466,.T.);
#6029=ORIENTED_EDGE('',*,*,#4209,.T.);
#6030=ORIENTED_EDGE('',*,*,#4466,.F.);
#6031=ORIENTED_EDGE('',*,*,#4015,.T.);
#6032=ORIENTED_EDGE('',*,*,#4467,.T.);
#6033=ORIENTED_EDGE('',*,*,#4208,.T.);
#6034=ORIENTED_EDGE('',*,*,#4467,.F.);
#6035=ORIENTED_EDGE('',*,*,#4016,.T.);
#6036=ORIENTED_EDGE('',*,*,#4468,.T.);
#6037=ORIENTED_EDGE('',*,*,#4207,.T.);
#6038=ORIENTED_EDGE('',*,*,#4468,.F.);
#6039=ORIENTED_EDGE('',*,*,#4017,.T.);
#6040=ORIENTED_EDGE('',*,*,#4469,.T.);
#6041=ORIENTED_EDGE('',*,*,#4206,.T.);
#6042=ORIENTED_EDGE('',*,*,#4469,.F.);
#6043=ORIENTED_EDGE('',*,*,#4018,.T.);
#6044=ORIENTED_EDGE('',*,*,#4470,.T.);
#6045=ORIENTED_EDGE('',*,*,#4205,.T.);
#6046=ORIENTED_EDGE('',*,*,#4470,.F.);
#6047=ORIENTED_EDGE('',*,*,#4019,.T.);
#6048=ORIENTED_EDGE('',*,*,#4471,.T.);
#6049=ORIENTED_EDGE('',*,*,#4204,.T.);
#6050=ORIENTED_EDGE('',*,*,#4471,.F.);
#6051=ORIENTED_EDGE('',*,*,#4020,.T.);
#6052=ORIENTED_EDGE('',*,*,#4472,.T.);
#6053=ORIENTED_EDGE('',*,*,#4203,.T.);
#6054=ORIENTED_EDGE('',*,*,#4472,.F.);
#6055=ORIENTED_EDGE('',*,*,#4021,.T.);
#6056=ORIENTED_EDGE('',*,*,#4473,.T.);
#6057=ORIENTED_EDGE('',*,*,#4202,.T.);
#6058=ORIENTED_EDGE('',*,*,#4473,.F.);
#6059=ORIENTED_EDGE('',*,*,#4022,.T.);
#6060=ORIENTED_EDGE('',*,*,#4474,.T.);
#6061=ORIENTED_EDGE('',*,*,#4201,.T.);
#6062=ORIENTED_EDGE('',*,*,#4474,.F.);
#6063=ORIENTED_EDGE('',*,*,#4023,.T.);
#6064=ORIENTED_EDGE('',*,*,#4475,.T.);
#6065=ORIENTED_EDGE('',*,*,#4200,.T.);
#6066=ORIENTED_EDGE('',*,*,#4475,.F.);
#6067=ORIENTED_EDGE('',*,*,#4024,.T.);
#6068=ORIENTED_EDGE('',*,*,#4476,.T.);
#6069=ORIENTED_EDGE('',*,*,#4199,.T.);
#6070=ORIENTED_EDGE('',*,*,#4476,.F.);
#6071=ORIENTED_EDGE('',*,*,#4025,.T.);
#6072=ORIENTED_EDGE('',*,*,#4477,.T.);
#6073=ORIENTED_EDGE('',*,*,#4198,.T.);
#6074=ORIENTED_EDGE('',*,*,#4477,.F.);
#6075=ORIENTED_EDGE('',*,*,#4026,.T.);
#6076=ORIENTED_EDGE('',*,*,#4478,.T.);
#6077=ORIENTED_EDGE('',*,*,#4197,.T.);
#6078=ORIENTED_EDGE('',*,*,#4478,.F.);
#6079=ORIENTED_EDGE('',*,*,#4027,.T.);
#6080=ORIENTED_EDGE('',*,*,#4479,.T.);
#6081=ORIENTED_EDGE('',*,*,#4196,.T.);
#6082=ORIENTED_EDGE('',*,*,#4479,.F.);
#6083=ORIENTED_EDGE('',*,*,#4028,.T.);
#6084=ORIENTED_EDGE('',*,*,#4480,.T.);
#6085=ORIENTED_EDGE('',*,*,#4195,.T.);
#6086=ORIENTED_EDGE('',*,*,#4480,.F.);
#6087=ORIENTED_EDGE('',*,*,#4029,.T.);
#6088=ORIENTED_EDGE('',*,*,#4481,.T.);
#6089=ORIENTED_EDGE('',*,*,#4194,.T.);
#6090=ORIENTED_EDGE('',*,*,#4481,.F.);
#6091=ORIENTED_EDGE('',*,*,#4030,.T.);
#6092=ORIENTED_EDGE('',*,*,#4482,.T.);
#6093=ORIENTED_EDGE('',*,*,#4193,.T.);
#6094=ORIENTED_EDGE('',*,*,#4482,.F.);
#6095=ORIENTED_EDGE('',*,*,#4031,.T.);
#6096=ORIENTED_EDGE('',*,*,#4483,.T.);
#6097=ORIENTED_EDGE('',*,*,#4192,.T.);
#6098=ORIENTED_EDGE('',*,*,#4483,.F.);
#6099=ORIENTED_EDGE('',*,*,#4032,.T.);
#6100=ORIENTED_EDGE('',*,*,#4484,.T.);
#6101=ORIENTED_EDGE('',*,*,#4191,.T.);
#6102=ORIENTED_EDGE('',*,*,#4484,.F.);
#6103=ORIENTED_EDGE('',*,*,#4033,.T.);
#6104=ORIENTED_EDGE('',*,*,#4485,.T.);
#6105=ORIENTED_EDGE('',*,*,#4190,.T.);
#6106=ORIENTED_EDGE('',*,*,#4485,.F.);
#6107=ORIENTED_EDGE('',*,*,#4034,.T.);
#6108=ORIENTED_EDGE('',*,*,#4486,.T.);
#6109=ORIENTED_EDGE('',*,*,#4189,.T.);
#6110=ORIENTED_EDGE('',*,*,#4486,.F.);
#6111=ORIENTED_EDGE('',*,*,#4035,.T.);
#6112=ORIENTED_EDGE('',*,*,#4487,.T.);
#6113=ORIENTED_EDGE('',*,*,#4188,.T.);
#6114=ORIENTED_EDGE('',*,*,#4487,.F.);
#6115=ORIENTED_EDGE('',*,*,#4036,.T.);
#6116=ORIENTED_EDGE('',*,*,#4488,.T.);
#6117=ORIENTED_EDGE('',*,*,#4187,.T.);
#6118=ORIENTED_EDGE('',*,*,#4488,.F.);
#6119=ORIENTED_EDGE('',*,*,#4037,.T.);
#6120=ORIENTED_EDGE('',*,*,#4489,.T.);
#6121=ORIENTED_EDGE('',*,*,#4186,.T.);
#6122=ORIENTED_EDGE('',*,*,#4489,.F.);
#6123=ORIENTED_EDGE('',*,*,#4038,.T.);
#6124=ORIENTED_EDGE('',*,*,#4490,.T.);
#6125=ORIENTED_EDGE('',*,*,#4185,.T.);
#6126=ORIENTED_EDGE('',*,*,#4490,.F.);
#6127=ORIENTED_EDGE('',*,*,#4039,.T.);
#6128=ORIENTED_EDGE('',*,*,#4491,.T.);
#6129=ORIENTED_EDGE('',*,*,#4184,.T.);
#6130=ORIENTED_EDGE('',*,*,#4491,.F.);
#6131=ORIENTED_EDGE('',*,*,#4040,.T.);
#6132=ORIENTED_EDGE('',*,*,#4492,.T.);
#6133=ORIENTED_EDGE('',*,*,#4183,.T.);
#6134=ORIENTED_EDGE('',*,*,#4492,.F.);
#6135=ORIENTED_EDGE('',*,*,#4041,.T.);
#6136=ORIENTED_EDGE('',*,*,#4493,.T.);
#6137=ORIENTED_EDGE('',*,*,#4182,.T.);
#6138=ORIENTED_EDGE('',*,*,#4493,.F.);
#6139=ORIENTED_EDGE('',*,*,#4042,.T.);
#6140=ORIENTED_EDGE('',*,*,#4494,.T.);
#6141=ORIENTED_EDGE('',*,*,#4181,.T.);
#6142=ORIENTED_EDGE('',*,*,#4494,.F.);
#6143=ORIENTED_EDGE('',*,*,#4043,.T.);
#6144=ORIENTED_EDGE('',*,*,#4495,.T.);
#6145=ORIENTED_EDGE('',*,*,#4180,.T.);
#6146=ORIENTED_EDGE('',*,*,#4495,.F.);
#6147=ORIENTED_EDGE('',*,*,#4044,.T.);
#6148=ORIENTED_EDGE('',*,*,#4496,.T.);
#6149=ORIENTED_EDGE('',*,*,#4179,.T.);
#6150=ORIENTED_EDGE('',*,*,#4496,.F.);
#6151=ORIENTED_EDGE('',*,*,#4045,.T.);
#6152=ORIENTED_EDGE('',*,*,#4497,.T.);
#6153=ORIENTED_EDGE('',*,*,#4178,.T.);
#6154=ORIENTED_EDGE('',*,*,#4497,.F.);
#6155=ORIENTED_EDGE('',*,*,#4046,.T.);
#6156=ORIENTED_EDGE('',*,*,#4498,.T.);
#6157=ORIENTED_EDGE('',*,*,#4177,.T.);
#6158=ORIENTED_EDGE('',*,*,#4498,.F.);
#6159=ORIENTED_EDGE('',*,*,#4047,.T.);
#6160=ORIENTED_EDGE('',*,*,#4499,.T.);
#6161=ORIENTED_EDGE('',*,*,#4176,.T.);
#6162=ORIENTED_EDGE('',*,*,#4499,.F.);
#6163=ORIENTED_EDGE('',*,*,#4048,.T.);
#6164=ORIENTED_EDGE('',*,*,#4500,.T.);
#6165=ORIENTED_EDGE('',*,*,#4175,.T.);
#6166=ORIENTED_EDGE('',*,*,#4500,.F.);
#6167=ORIENTED_EDGE('',*,*,#4049,.T.);
#6168=ORIENTED_EDGE('',*,*,#4501,.T.);
#6169=ORIENTED_EDGE('',*,*,#4174,.T.);
#6170=ORIENTED_EDGE('',*,*,#4501,.F.);
#6171=ORIENTED_EDGE('',*,*,#4050,.T.);
#6172=ORIENTED_EDGE('',*,*,#4502,.T.);
#6173=ORIENTED_EDGE('',*,*,#4173,.T.);
#6174=ORIENTED_EDGE('',*,*,#4502,.F.);
#6175=ORIENTED_EDGE('',*,*,#4051,.T.);
#6176=ORIENTED_EDGE('',*,*,#4503,.T.);
#6177=ORIENTED_EDGE('',*,*,#4172,.T.);
#6178=ORIENTED_EDGE('',*,*,#4503,.F.);
#6179=ORIENTED_EDGE('',*,*,#4052,.T.);
#6180=ORIENTED_EDGE('',*,*,#4504,.T.);
#6181=ORIENTED_EDGE('',*,*,#4171,.T.);
#6182=ORIENTED_EDGE('',*,*,#4504,.F.);
#6183=ORIENTED_EDGE('',*,*,#4053,.T.);
#6184=ORIENTED_EDGE('',*,*,#4505,.T.);
#6185=ORIENTED_EDGE('',*,*,#4170,.T.);
#6186=ORIENTED_EDGE('',*,*,#4505,.F.);
#6187=ORIENTED_EDGE('',*,*,#4054,.T.);
#6188=ORIENTED_EDGE('',*,*,#4506,.T.);
#6189=ORIENTED_EDGE('',*,*,#4169,.T.);
#6190=ORIENTED_EDGE('',*,*,#4506,.F.);
#6191=ORIENTED_EDGE('',*,*,#4055,.T.);
#6192=ORIENTED_EDGE('',*,*,#4507,.T.);
#6193=ORIENTED_EDGE('',*,*,#4168,.T.);
#6194=ORIENTED_EDGE('',*,*,#4507,.F.);
#6195=ORIENTED_EDGE('',*,*,#4056,.T.);
#6196=ORIENTED_EDGE('',*,*,#4508,.T.);
#6197=ORIENTED_EDGE('',*,*,#4167,.T.);
#6198=ORIENTED_EDGE('',*,*,#4508,.F.);
#6199=ORIENTED_EDGE('',*,*,#4057,.T.);
#6200=ORIENTED_EDGE('',*,*,#4509,.T.);
#6201=ORIENTED_EDGE('',*,*,#4166,.T.);
#6202=ORIENTED_EDGE('',*,*,#4509,.F.);
#6203=ORIENTED_EDGE('',*,*,#4058,.T.);
#6204=ORIENTED_EDGE('',*,*,#4510,.T.);
#6205=ORIENTED_EDGE('',*,*,#4165,.T.);
#6206=ORIENTED_EDGE('',*,*,#4510,.F.);
#6207=ORIENTED_EDGE('',*,*,#4059,.T.);
#6208=ORIENTED_EDGE('',*,*,#4511,.T.);
#6209=ORIENTED_EDGE('',*,*,#4164,.T.);
#6210=ORIENTED_EDGE('',*,*,#4511,.F.);
#6211=ORIENTED_EDGE('',*,*,#4060,.T.);
#6212=ORIENTED_EDGE('',*,*,#4512,.T.);
#6213=ORIENTED_EDGE('',*,*,#4163,.T.);
#6214=ORIENTED_EDGE('',*,*,#4512,.F.);
#6215=ORIENTED_EDGE('',*,*,#4061,.T.);
#6216=ORIENTED_EDGE('',*,*,#4513,.T.);
#6217=ORIENTED_EDGE('',*,*,#4162,.T.);
#6218=ORIENTED_EDGE('',*,*,#4513,.F.);
#6219=ORIENTED_EDGE('',*,*,#4062,.T.);
#6220=ORIENTED_EDGE('',*,*,#4514,.T.);
#6221=ORIENTED_EDGE('',*,*,#4161,.T.);
#6222=ORIENTED_EDGE('',*,*,#4514,.F.);
#6223=ORIENTED_EDGE('',*,*,#4063,.T.);
#6224=ORIENTED_EDGE('',*,*,#4515,.T.);
#6225=ORIENTED_EDGE('',*,*,#4160,.T.);
#6226=ORIENTED_EDGE('',*,*,#4515,.F.);
#6227=ORIENTED_EDGE('',*,*,#4064,.T.);
#6228=ORIENTED_EDGE('',*,*,#4516,.T.);
#6229=ORIENTED_EDGE('',*,*,#4159,.T.);
#6230=ORIENTED_EDGE('',*,*,#4516,.F.);
#6231=ORIENTED_EDGE('',*,*,#4065,.T.);
#6232=ORIENTED_EDGE('',*,*,#4517,.T.);
#6233=ORIENTED_EDGE('',*,*,#4158,.T.);
#6234=ORIENTED_EDGE('',*,*,#4517,.F.);
#6235=ORIENTED_EDGE('',*,*,#4066,.T.);
#6236=ORIENTED_EDGE('',*,*,#4518,.T.);
#6237=ORIENTED_EDGE('',*,*,#4157,.T.);
#6238=ORIENTED_EDGE('',*,*,#4518,.F.);
#6239=ORIENTED_EDGE('',*,*,#4067,.T.);
#6240=ORIENTED_EDGE('',*,*,#4519,.T.);
#6241=ORIENTED_EDGE('',*,*,#4156,.T.);
#6242=ORIENTED_EDGE('',*,*,#4519,.F.);
#6243=ORIENTED_EDGE('',*,*,#4068,.T.);
#6244=ORIENTED_EDGE('',*,*,#4520,.T.);
#6245=ORIENTED_EDGE('',*,*,#4155,.T.);
#6246=ORIENTED_EDGE('',*,*,#4520,.F.);
#6247=ORIENTED_EDGE('',*,*,#4069,.T.);
#6248=ORIENTED_EDGE('',*,*,#4521,.T.);
#6249=ORIENTED_EDGE('',*,*,#4154,.T.);
#6250=ORIENTED_EDGE('',*,*,#4521,.F.);
#6251=ORIENTED_EDGE('',*,*,#4070,.T.);
#6252=ORIENTED_EDGE('',*,*,#4522,.T.);
#6253=ORIENTED_EDGE('',*,*,#4153,.T.);
#6254=ORIENTED_EDGE('',*,*,#4522,.F.);
#6255=ORIENTED_EDGE('',*,*,#4071,.T.);
#6256=ORIENTED_EDGE('',*,*,#4523,.T.);
#6257=ORIENTED_EDGE('',*,*,#4152,.T.);
#6258=ORIENTED_EDGE('',*,*,#4523,.F.);
#6259=ORIENTED_EDGE('',*,*,#4072,.T.);
#6260=ORIENTED_EDGE('',*,*,#4524,.T.);
#6261=ORIENTED_EDGE('',*,*,#4151,.T.);
#6262=ORIENTED_EDGE('',*,*,#4524,.F.);
#6263=ORIENTED_EDGE('',*,*,#4073,.T.);
#6264=ORIENTED_EDGE('',*,*,#4525,.T.);
#6265=ORIENTED_EDGE('',*,*,#4150,.T.);
#6266=ORIENTED_EDGE('',*,*,#4525,.F.);
#6267=ORIENTED_EDGE('',*,*,#4074,.T.);
#6268=ORIENTED_EDGE('',*,*,#4526,.T.);
#6269=ORIENTED_EDGE('',*,*,#4149,.T.);
#6270=ORIENTED_EDGE('',*,*,#4526,.F.);
#6271=ORIENTED_EDGE('',*,*,#4075,.T.);
#6272=ORIENTED_EDGE('',*,*,#4527,.T.);
#6273=ORIENTED_EDGE('',*,*,#4148,.T.);
#6274=ORIENTED_EDGE('',*,*,#4527,.F.);
#6275=ORIENTED_EDGE('',*,*,#4076,.T.);
#6276=ORIENTED_EDGE('',*,*,#4528,.T.);
#6277=ORIENTED_EDGE('',*,*,#4147,.T.);
#6278=ORIENTED_EDGE('',*,*,#4528,.F.);
#6279=ORIENTED_EDGE('',*,*,#4077,.T.);
#6280=ORIENTED_EDGE('',*,*,#4529,.T.);
#6281=ORIENTED_EDGE('',*,*,#4146,.T.);
#6282=ORIENTED_EDGE('',*,*,#4529,.F.);
#6283=ORIENTED_EDGE('',*,*,#4078,.T.);
#6284=ORIENTED_EDGE('',*,*,#4530,.T.);
#6285=ORIENTED_EDGE('',*,*,#4145,.T.);
#6286=ORIENTED_EDGE('',*,*,#4530,.F.);
#6287=ORIENTED_EDGE('',*,*,#4079,.T.);
#6288=ORIENTED_EDGE('',*,*,#4531,.T.);
#6289=ORIENTED_EDGE('',*,*,#4144,.T.);
#6290=ORIENTED_EDGE('',*,*,#4531,.F.);
#6291=ORIENTED_EDGE('',*,*,#4080,.T.);
#6292=ORIENTED_EDGE('',*,*,#4532,.T.);
#6293=ORIENTED_EDGE('',*,*,#4143,.T.);
#6294=ORIENTED_EDGE('',*,*,#4532,.F.);
#6295=ORIENTED_EDGE('',*,*,#4081,.T.);
#6296=ORIENTED_EDGE('',*,*,#4533,.T.);
#6297=ORIENTED_EDGE('',*,*,#4142,.T.);
#6298=ORIENTED_EDGE('',*,*,#4533,.F.);
#6299=ORIENTED_EDGE('',*,*,#4082,.T.);
#6300=ORIENTED_EDGE('',*,*,#4534,.T.);
#6301=ORIENTED_EDGE('',*,*,#4141,.T.);
#6302=ORIENTED_EDGE('',*,*,#4534,.F.);
#6303=ORIENTED_EDGE('',*,*,#4083,.T.);
#6304=ORIENTED_EDGE('',*,*,#4535,.T.);
#6305=ORIENTED_EDGE('',*,*,#4140,.T.);
#6306=ORIENTED_EDGE('',*,*,#4535,.F.);
#6307=ORIENTED_EDGE('',*,*,#4084,.T.);
#6308=ORIENTED_EDGE('',*,*,#4536,.T.);
#6309=ORIENTED_EDGE('',*,*,#4139,.T.);
#6310=ORIENTED_EDGE('',*,*,#4536,.F.);
#6311=ORIENTED_EDGE('',*,*,#4085,.T.);
#6312=ORIENTED_EDGE('',*,*,#4537,.T.);
#6313=ORIENTED_EDGE('',*,*,#4138,.T.);
#6314=ORIENTED_EDGE('',*,*,#4537,.F.);
#6315=ORIENTED_EDGE('',*,*,#4086,.T.);
#6316=ORIENTED_EDGE('',*,*,#4538,.T.);
#6317=ORIENTED_EDGE('',*,*,#4137,.T.);
#6318=ORIENTED_EDGE('',*,*,#4538,.F.);
#6319=ORIENTED_EDGE('',*,*,#4087,.T.);
#6320=ORIENTED_EDGE('',*,*,#4539,.T.);
#6321=ORIENTED_EDGE('',*,*,#4136,.T.);
#6322=ORIENTED_EDGE('',*,*,#4539,.F.);
#6323=ORIENTED_EDGE('',*,*,#4088,.T.);
#6324=ORIENTED_EDGE('',*,*,#4540,.T.);
#6325=ORIENTED_EDGE('',*,*,#4135,.T.);
#6326=ORIENTED_EDGE('',*,*,#4540,.F.);
#6327=ORIENTED_EDGE('',*,*,#4089,.T.);
#6328=ORIENTED_EDGE('',*,*,#4541,.T.);
#6329=ORIENTED_EDGE('',*,*,#4134,.T.);
#6330=ORIENTED_EDGE('',*,*,#4541,.F.);
#6331=ORIENTED_EDGE('',*,*,#4090,.T.);
#6332=ORIENTED_EDGE('',*,*,#4542,.T.);
#6333=ORIENTED_EDGE('',*,*,#4133,.T.);
#6334=ORIENTED_EDGE('',*,*,#4542,.F.);
#6335=ORIENTED_EDGE('',*,*,#4091,.T.);
#6336=ORIENTED_EDGE('',*,*,#4543,.T.);
#6337=ORIENTED_EDGE('',*,*,#4132,.T.);
#6338=ORIENTED_EDGE('',*,*,#4543,.F.);
#6339=ORIENTED_EDGE('',*,*,#4092,.T.);
#6340=ORIENTED_EDGE('',*,*,#4544,.T.);
#6341=ORIENTED_EDGE('',*,*,#4131,.T.);
#6342=ORIENTED_EDGE('',*,*,#4544,.F.);
#6343=ORIENTED_EDGE('',*,*,#4093,.T.);
#6344=ORIENTED_EDGE('',*,*,#4545,.T.);
#6345=ORIENTED_EDGE('',*,*,#4130,.T.);
#6346=ORIENTED_EDGE('',*,*,#4545,.F.);
#6347=ORIENTED_EDGE('',*,*,#4094,.T.);
#6348=ORIENTED_EDGE('',*,*,#4546,.T.);
#6349=ORIENTED_EDGE('',*,*,#4129,.T.);
#6350=ORIENTED_EDGE('',*,*,#4546,.F.);
#6351=ORIENTED_EDGE('',*,*,#4095,.T.);
#6352=ORIENTED_EDGE('',*,*,#4547,.T.);
#6353=ORIENTED_EDGE('',*,*,#4128,.T.);
#6354=ORIENTED_EDGE('',*,*,#4547,.F.);
#6355=ORIENTED_EDGE('',*,*,#4096,.T.);
#6356=ORIENTED_EDGE('',*,*,#4548,.T.);
#6357=ORIENTED_EDGE('',*,*,#4127,.T.);
#6358=ORIENTED_EDGE('',*,*,#4548,.F.);
#6359=ORIENTED_EDGE('',*,*,#4097,.T.);
#6360=ORIENTED_EDGE('',*,*,#4549,.T.);
#6361=ORIENTED_EDGE('',*,*,#4126,.T.);
#6362=ORIENTED_EDGE('',*,*,#4549,.F.);
#6363=ORIENTED_EDGE('',*,*,#4098,.T.);
#6364=ORIENTED_EDGE('',*,*,#4550,.T.);
#6365=ORIENTED_EDGE('',*,*,#4125,.T.);
#6366=ORIENTED_EDGE('',*,*,#4550,.F.);
#6367=ORIENTED_EDGE('',*,*,#4099,.T.);
#6368=ORIENTED_EDGE('',*,*,#4551,.T.);
#6369=ORIENTED_EDGE('',*,*,#4124,.T.);
#6370=ORIENTED_EDGE('',*,*,#4551,.F.);
#6371=ORIENTED_EDGE('',*,*,#4100,.T.);
#6372=ORIENTED_EDGE('',*,*,#4552,.T.);
#6373=ORIENTED_EDGE('',*,*,#4123,.T.);
#6374=ORIENTED_EDGE('',*,*,#4552,.F.);
#6375=ORIENTED_EDGE('',*,*,#4340,.T.);
#6376=ORIENTED_EDGE('',*,*,#3885,.T.);
#6377=ORIENTED_EDGE('',*,*,#4343,.T.);
#6378=ORIENTED_EDGE('',*,*,#4115,.T.);
#6379=ORIENTED_EDGE('',*,*,#4336,.T.);
#6380=ORIENTED_EDGE('',*,*,#3889,.T.);
#6381=ORIENTED_EDGE('',*,*,#4338,.T.);
#6382=ORIENTED_EDGE('',*,*,#4111,.F.);
#6383=B_SPLINE_SURFACE_WITH_KNOTS('',3,1,((#9223,#9224),(#9225,#9226),(#9227,
#9228),(#9229,#9230),(#9231,#9232)),.UNSPECIFIED.,.F.,.F.,.F.,(4,1,4),(2,
2),(0.,1.00296708207774,2.04366228957596),(0.,0.0635),.UNSPECIFIED.);
#6384=B_SPLINE_SURFACE_WITH_KNOTS('',3,1,((#9254,#9255),(#9256,#9257),(#9258,
#9259),(#9260,#9261),(#9262,#9263)),.UNSPECIFIED.,.F.,.F.,.F.,(4,1,4),(2,
2),(0.,0.259874090046602,0.505974631846347),(0.,0.0635),.UNSPECIFIED.);
#6385=B_SPLINE_SURFACE_WITH_KNOTS('',3,1,((#9280,#9281),(#9282,#9283),(#9284,
#9285),(#9286,#9287),(#9288,#9289)),.UNSPECIFIED.,.F.,.F.,.F.,(4,1,4),(2,
2),(0.,0.567833032550711,1.03443864064612),(0.,0.0635),.UNSPECIFIED.);
#6386=B_SPLINE_SURFACE_WITH_KNOTS('',3,1,((#9303,#9304),(#9305,#9306),(#9307,
#9308),(#9309,#9310),(#9311,#9312)),.UNSPECIFIED.,.F.,.F.,.F.,(4,1,4),(2,
2),(0.,0.71617108499886,1.25218084142006),(0.,0.0635),.UNSPECIFIED.);
#6387=B_SPLINE_SURFACE_WITH_KNOTS('',3,1,((#9326,#9327),(#9328,#9329),(#9330,
#9331),(#9332,#9333),(#9334,#9335)),.UNSPECIFIED.,.F.,.F.,.F.,(4,1,4),(2,
2),(0.,0.48741485043301,1.13843760497018),(0.,0.0635),.UNSPECIFIED.);
#6388=B_SPLINE_SURFACE_WITH_KNOTS('',3,1,((#9349,#9350),(#9351,#9352),(#9353,
#9354),(#9355,#9356),(#9357,#9358)),.UNSPECIFIED.,.F.,.F.,.F.,(4,1,4),(2,
2),(0.,0.237594045621905,0.505653848821779),(0.,0.0635),.UNSPECIFIED.);
#6389=B_SPLINE_SURFACE_WITH_KNOTS('',3,1,((#9372,#9373),(#9374,#9375),(#9376,
#9377),(#9378,#9379),(#9380,#9381)),.UNSPECIFIED.,.F.,.F.,.F.,(4,1,4),(2,
2),(0.,0.385619593488526,0.67506170560566),(0.,0.0635),.UNSPECIFIED.);
#6390=B_SPLINE_SURFACE_WITH_KNOTS('',3,1,((#9401,#9402),(#9403,#9404),(#9405,
#9406),(#9407,#9408),(#9409,#9410)),.UNSPECIFIED.,.F.,.F.,.F.,(4,1,4),(2,
2),(0.,0.707630018224226,1.47523631684446),(0.,0.0635),.UNSPECIFIED.);
#6391=B_SPLINE_SURFACE_WITH_KNOTS('',3,1,((#9424,#9425),(#9426,#9427),(#9428,
#9429),(#9430,#9431),(#9432,#9433)),.UNSPECIFIED.,.F.,.F.,.F.,(4,1,4),(2,
2),(0.,0.762160408272402,1.46805166834049),(0.,0.0635),.UNSPECIFIED.);
#6392=B_SPLINE_SURFACE_WITH_KNOTS('',3,1,((#9452,#9453),(#9454,#9455),(#9456,
#9457),(#9458,#9459),(#9460,#9461)),.UNSPECIFIED.,.F.,.F.,.F.,(4,1,4),(2,
2),(0.,1.05201089647896,2.08771045413424),(0.,0.0635),.UNSPECIFIED.);
#6393=B_SPLINE_SURFACE_WITH_KNOTS('',3,1,((#9475,#9476),(#9477,#9478),(#9479,
#9480),(#9481,#9482),(#9483,#9484)),.UNSPECIFIED.,.F.,.F.,.F.,(4,1,4),(2,
2),(0.,0.80065786047363,1.67984593351066),(0.,0.0635),.UNSPECIFIED.);
#6394=B_SPLINE_SURFACE_WITH_KNOTS('',3,1,((#9498,#9499),(#9500,#9501),(#9502,
#9503),(#9504,#9505),(#9506,#9507)),.UNSPECIFIED.,.F.,.F.,.F.,(4,1,4),(2,
2),(0.,0.818922521070838,1.58941590088937),(0.,0.0635),.UNSPECIFIED.);
#6395=B_SPLINE_SURFACE_WITH_KNOTS('',3,1,((#9521,#9522),(#9523,#9524),(#9525,
#9526),(#9527,#9528),(#9529,#9530)),.UNSPECIFIED.,.F.,.F.,.F.,(4,1,4),(2,
2),(0.,0.71872453204344,1.4847546756517),(0.,0.0635),.UNSPECIFIED.);
#6396=B_SPLINE_SURFACE_WITH_KNOTS('',3,1,((#9544,#9545),(#9546,#9547),(#9548,
#9549),(#9550,#9551),(#9552,#9553)),.UNSPECIFIED.,.F.,.F.,.F.,(4,1,4),(2,
2),(0.,0.772808649270766,1.50666284596758),(0.,0.0635),.UNSPECIFIED.);
#6397=B_SPLINE_SURFACE_WITH_KNOTS('',3,1,((#9573,#9574),(#9575,#9576),(#9577,
#9578),(#9579,#9580),(#9581,#9582)),.UNSPECIFIED.,.F.,.F.,.F.,(4,1,4),(2,
2),(0.,0.296119231373969,0.687530641078023),(0.,0.0635),.UNSPECIFIED.);
#6398=B_SPLINE_SURFACE_WITH_KNOTS('',3,1,((#9593,#9594),(#9595,#9596),(#9597,
#9598),(#9599,#9600),(#9601,#9602)),.UNSPECIFIED.,.F.,.F.,.F.,(4,1,4),(2,
2),(0.,0.589887912315865,1.34513345929401),(0.,0.0635),.UNSPECIFIED.);
#6399=B_SPLINE_SURFACE_WITH_KNOTS('',3,1,((#9882,#9883),(#9884,#9885),(#9886,
#9887),(#9888,#9889),(#9890,#9891)),.UNSPECIFIED.,.F.,.F.,.F.,(4,1,4),(2,
2),(0.,0.195120662554882,0.435926073554806),(0.,0.0635),.UNSPECIFIED.);
#6400=B_SPLINE_SURFACE_WITH_KNOTS('',3,1,((#9899,#9900),(#9901,#9902),(#9903,
#9904),(#9905,#9906),(#9907,#9908)),.UNSPECIFIED.,.F.,.F.,.F.,(4,1,4),(2,
2),(0.,0.185964140394214,0.362874204297689),(0.,0.0635),.UNSPECIFIED.);
#6401=B_SPLINE_SURFACE_WITH_KNOTS('',3,1,((#9916,#9917),(#9918,#9919),(#9920,
#9921),(#9922,#9923),(#9924,#9925)),.UNSPECIFIED.,.F.,.F.,.F.,(4,1,4),(2,
2),(0.,0.173495104780883,0.334468206873122),(0.,0.0635),.UNSPECIFIED.);
#6402=B_SPLINE_SURFACE_WITH_KNOTS('',3,1,((#9933,#9934),(#9935,#9936),(#9937,
#9938),(#9939,#9940),(#9941,#9942)),.UNSPECIFIED.,.F.,.F.,.F.,(4,1,4),(2,
2),(0.,0.282253107458031,0.488002694520238),(0.,0.0635),.UNSPECIFIED.);
#6403=B_SPLINE_SURFACE_WITH_KNOTS('',3,1,((#9962,#9963),(#9964,#9965),(#9966,
#9967),(#9968,#9969),(#9970,#9971)),.UNSPECIFIED.,.F.,.F.,.F.,(4,1,4),(2,
2),(0.,0.313198122695674,0.712811781998212),(0.,0.0635),.UNSPECIFIED.);
#6404=B_SPLINE_SURFACE_WITH_KNOTS('',3,1,((#9979,#9980),(#9981,#9982),(#9983,
#9984),(#9985,#9986),(#9987,#9988)),.UNSPECIFIED.,.F.,.F.,.F.,(4,1,4),(2,
2),(0.,0.501983155723507,0.865279999016306),(0.,0.0635),.UNSPECIFIED.);
#6405=B_SPLINE_SURFACE_WITH_KNOTS('',3,1,((#10002,#10003),(#10004,#10005),
(#10006,#10007),(#10008,#10009),(#10010,#10011)),.UNSPECIFIED.,.F.,.F.,
 .F.,(4,1,4),(2,2),(0.,0.529109629305882,1.06208932202612),(0.,0.0635),
 .UNSPECIFIED.);
#6406=B_SPLINE_SURFACE_WITH_KNOTS('',3,1,((#10019,#10020),(#10021,#10022),
(#10023,#10024),(#10025,#10026),(#10027,#10028)),.UNSPECIFIED.,.F.,.F.,
 .F.,(4,1,4),(2,2),(0.,0.710043227231542,1.37884786536175),(0.,0.0635),
 .UNSPECIFIED.);
#6407=B_SPLINE_SURFACE_WITH_KNOTS('',3,1,((#10036,#10037),(#10038,#10039),
(#10040,#10041),(#10042,#10043),(#10044,#10045)),.UNSPECIFIED.,.F.,.F.,
 .F.,(4,1,4),(2,2),(0.,0.411400365594907,0.856155416607994),(0.,0.0635),
 .UNSPECIFIED.);
#6408=B_SPLINE_SURFACE_WITH_KNOTS('',3,1,((#10053,#10054),(#10055,#10056),
(#10057,#10058),(#10059,#10060),(#10061,#10062)),.UNSPECIFIED.,.F.,.F.,
 .F.,(4,1,4),(2,2),(0.,0.409259635138128,0.805463459708589),(0.,0.0635),
 .UNSPECIFIED.);
#6409=B_SPLINE_SURFACE_WITH_KNOTS('',3,1,((#10070,#10071),(#10072,#10073),
(#10074,#10075),(#10076,#10077),(#10078,#10079)),.UNSPECIFIED.,.F.,.F.,
 .F.,(4,1,4),(2,2),(0.,0.365890119148305,0.74283178001565),(0.,0.0635),
 .UNSPECIFIED.);
#6410=B_SPLINE_SURFACE_WITH_KNOTS('',3,1,((#10087,#10088),(#10089,#10090),
(#10091,#10092),(#10093,#10094),(#10095,#10096)),.UNSPECIFIED.,.F.,.F.,
 .F.,(4,1,4),(2,2),(0.,0.346732012971916,0.704581949318119),(0.,0.0635),
 .UNSPECIFIED.);
#6411=B_SPLINE_SURFACE_WITH_KNOTS('',3,1,((#10104,#10105),(#10106,#10107),
(#10108,#10109),(#10110,#10111),(#10112,#10113)),.UNSPECIFIED.,.F.,.F.,
 .F.,(4,1,4),(2,2),(0.,0.489050104423309,0.886389723453954),(0.,0.0635),
 .UNSPECIFIED.);
#6412=B_SPLINE_SURFACE_WITH_KNOTS('',3,1,((#10148,#10149),(#10150,#10151),
(#10152,#10153),(#10154,#10155),(#10156,#10157)),.UNSPECIFIED.,.F.,.F.,
 .F.,(4,1,4),(2,2),(0.,0.182109412423807,0.393595551682471),(0.,0.0635),
 .UNSPECIFIED.);
#6413=B_SPLINE_SURFACE_WITH_KNOTS('',3,1,((#10165,#10166),(#10167,#10168),
(#10169,#10170),(#10171,#10172),(#10173,#10174)),.UNSPECIFIED.,.F.,.F.,
 .F.,(4,1,4),(2,2),(0.,0.222676309751575,0.370686190864099),(0.,0.0635),
 .UNSPECIFIED.);
#6414=B_SPLINE_SURFACE_WITH_KNOTS('',3,1,((#10203,#10204),(#10205,#10206),
(#10207,#10208),(#10209,#10210),(#10211,#10212)),.UNSPECIFIED.,.F.,.F.,
 .F.,(4,1,4),(2,2),(0.,0.92508436818749,1.71651081675583),(0.,0.0635),
 .UNSPECIFIED.);
#6415=B_SPLINE_SURFACE_WITH_KNOTS('',3,1,((#10220,#10221),(#10222,#10223),
(#10224,#10225),(#10226,#10227),(#10228,#10229)),.UNSPECIFIED.,.F.,.F.,
 .F.,(4,1,4),(2,2),(0.,0.220247015113623,0.384818544772047),(0.,0.0635),
 .UNSPECIFIED.);
#6416=B_SPLINE_SURFACE_WITH_KNOTS('',3,1,((#10237,#10238),(#10239,#10240),
(#10241,#10242),(#10243,#10244),(#10245,#10246)),.UNSPECIFIED.,.F.,.F.,
 .F.,(4,1,4),(2,2),(0.,0.380485859831419,0.78420336514519),(0.,0.0635),
 .UNSPECIFIED.);
#6417=B_SPLINE_SURFACE_WITH_KNOTS('',3,1,((#10260,#10261),(#10262,#10263),
(#10264,#10265),(#10266,#10267),(#10268,#10269)),.UNSPECIFIED.,.F.,.F.,
 .F.,(4,1,4),(2,2),(0.,0.45456573800559,0.842425999921268),(0.,0.0635),
 .UNSPECIFIED.);
#6418=B_SPLINE_SURFACE_WITH_KNOTS('',3,1,((#10277,#10278),(#10279,#10280),
(#10281,#10282),(#10283,#10284),(#10285,#10286)),.UNSPECIFIED.,.F.,.F.,
 .F.,(4,1,4),(2,2),(0.,0.145497439592288,0.350005147028831),(0.,0.0635),
 .UNSPECIFIED.);
#6419=B_SPLINE_SURFACE_WITH_KNOTS('',3,1,((#10294,#10295),(#10296,#10297),
(#10298,#10299),(#10300,#10301),(#10302,#10303)),.UNSPECIFIED.,.F.,.F.,
 .F.,(4,1,4),(2,2),(0.,0.312507574401999,0.539336992251019),(0.,0.0635),
 .UNSPECIFIED.);
#6420=B_SPLINE_SURFACE_WITH_KNOTS('',3,1,((#10311,#10312),(#10313,#10314),
(#10315,#10316),(#10317,#10318),(#10319,#10320)),.UNSPECIFIED.,.F.,.F.,
 .F.,(4,1,4),(2,2),(0.,0.406635153242439,0.834274871146701),(0.,0.0635),
 .UNSPECIFIED.);
#6421=B_SPLINE_SURFACE_WITH_KNOTS('',3,1,((#10342,#10343),(#10344,#10345),
(#10346,#10347),(#10348,#10349),(#10350,#10351)),.UNSPECIFIED.,.F.,.F.,
 .F.,(4,1,4),(2,2),(0.,0.542450308753518,1.15205959834036),(0.,0.0635),
 .UNSPECIFIED.);
#6422=B_SPLINE_SURFACE_WITH_KNOTS('',3,1,((#10365,#10366),(#10367,#10368),
(#10369,#10370),(#10371,#10372),(#10373,#10374)),.UNSPECIFIED.,.F.,.F.,
 .F.,(4,1,4),(2,2),(0.,0.271861940129701,0.673366782721002),(0.,0.0635),
 .UNSPECIFIED.);
#6423=B_SPLINE_SURFACE_WITH_KNOTS('',3,1,((#10382,#10383),(#10384,#10385),
(#10386,#10387),(#10388,#10389),(#10390,#10391)),.UNSPECIFIED.,.F.,.F.,
 .F.,(4,1,4),(2,2),(0.,0.275380983839803,0.504884698910087),(0.,0.0635),
 .UNSPECIFIED.);
#6424=B_SPLINE_SURFACE_WITH_KNOTS('',3,1,((#10399,#10400),(#10401,#10402),
(#10403,#10404),(#10405,#10406),(#10407,#10408)),.UNSPECIFIED.,.F.,.F.,
 .F.,(4,1,4),(2,2),(0.,0.215479748893581,0.447109021032151),(0.,0.0635),
 .UNSPECIFIED.);
#6425=B_SPLINE_SURFACE_WITH_KNOTS('',3,1,((#10416,#10417),(#10418,#10419),
(#10420,#10421),(#10422,#10423),(#10424,#10425)),.UNSPECIFIED.,.F.,.F.,
 .F.,(4,1,4),(2,2),(0.,0.201086152445866,0.400227613525008),(0.,0.0635),
 .UNSPECIFIED.);
#6426=B_SPLINE_SURFACE_WITH_KNOTS('',3,1,((#10433,#10434),(#10435,#10436),
(#10437,#10438),(#10439,#10440),(#10441,#10442)),.UNSPECIFIED.,.F.,.F.,
 .F.,(4,1,4),(2,2),(0.,0.211670413265786,0.358580085796146),(0.,0.0635),
 .UNSPECIFIED.);
#6427=B_SPLINE_SURFACE_WITH_KNOTS('',3,1,((#10462,#10463),(#10464,#10465),
(#10466,#10467),(#10468,#10469),(#10470,#10471)),.UNSPECIFIED.,.F.,.F.,
 .F.,(4,1,4),(2,2),(0.,0.242793761851626,0.519120154101438),(0.,0.0635),
 .UNSPECIFIED.);
#6428=B_SPLINE_SURFACE_WITH_KNOTS('',3,1,((#10479,#10480),(#10481,#10482),
(#10483,#10484),(#10485,#10486),(#10487,#10488)),.UNSPECIFIED.,.F.,.F.,
 .F.,(4,1,4),(2,2),(0.,0.562266337205909,1.16398023739906),(0.,0.0635),
 .UNSPECIFIED.);
#6429=B_SPLINE_SURFACE_WITH_KNOTS('',3,1,((#10496,#10497),(#10498,#10499),
(#10500,#10501),(#10502,#10503),(#10504,#10505)),.UNSPECIFIED.,.F.,.F.,
 .F.,(4,1,4),(2,2),(0.,0.756416128554811,1.38238689796608),(0.,0.0635),
 .UNSPECIFIED.);
#6430=B_SPLINE_SURFACE_WITH_KNOTS('',3,1,((#10511,#10512),(#10513,#10514),
(#10515,#10516),(#10517,#10518),(#10519,#10520)),.UNSPECIFIED.,.F.,.F.,
 .F.,(4,1,4),(2,2),(0.,0.422826612137849,0.901490130403881),(0.,0.0635),
 .UNSPECIFIED.);
#6431=B_SPLINE_SURFACE_WITH_KNOTS('',3,1,((#10528,#10529),(#10530,#10531),
(#10532,#10533),(#10534,#10535),(#10536,#10537)),.UNSPECIFIED.,.F.,.F.,
 .F.,(4,1,4),(2,2),(0.,0.665528928839319,1.15688780364724),(0.,0.0635),
 .UNSPECIFIED.);
#6432=ADVANCED_FACE('',(#1129),#6383,.F.);
#6433=ADVANCED_FACE('',(#1130),#6384,.F.);
#6434=ADVANCED_FACE('',(#1131),#6385,.F.);
#6435=ADVANCED_FACE('',(#1132),#6386,.F.);
#6436=ADVANCED_FACE('',(#1133),#6387,.F.);
#6437=ADVANCED_FACE('',(#1134),#6388,.F.);
#6438=ADVANCED_FACE('',(#1135),#6389,.F.);
#6439=ADVANCED_FACE('',(#1136),#1085,.F.);
#6440=ADVANCED_FACE('',(#1137),#6390,.F.);
#6441=ADVANCED_FACE('',(#1138),#6391,.F.);
#6442=ADVANCED_FACE('',(#1139),#6392,.F.);
#6443=ADVANCED_FACE('',(#1140),#6393,.F.);
#6444=ADVANCED_FACE('',(#1141),#6394,.F.);
#6445=ADVANCED_FACE('',(#1142),#6395,.F.);
#6446=ADVANCED_FACE('',(#1143),#6396,.F.);
#6447=ADVANCED_FACE('',(#1144),#1086,.F.);
#6448=ADVANCED_FACE('',(#1145),#6397,.F.);
#6449=ADVANCED_FACE('',(#1146),#6398,.F.);
#6450=ADVANCED_FACE('',(#1147,#666,#667),#1087,.T.);
#6451=ADVANCED_FACE('',(#1148),#1088,.F.);
#6452=ADVANCED_FACE('',(#1149),#1089,.F.);
#6453=ADVANCED_FACE('',(#1150),#6399,.F.);
#6454=ADVANCED_FACE('',(#1151),#6400,.F.);
#6455=ADVANCED_FACE('',(#1152),#6401,.F.);
#6456=ADVANCED_FACE('',(#1153),#6402,.F.);
#6457=ADVANCED_FACE('',(#1154),#1090,.F.);
#6458=ADVANCED_FACE('',(#1155),#1091,.F.);
#6459=ADVANCED_FACE('',(#1156),#1092,.F.);
#6460=ADVANCED_FACE('',(#1157),#6403,.F.);
#6461=ADVANCED_FACE('',(#1158),#6404,.F.);
#6462=ADVANCED_FACE('',(#1159),#1093,.F.);
#6463=ADVANCED_FACE('',(#1160),#1094,.F.);
#6464=ADVANCED_FACE('',(#1161),#6405,.F.);
#6465=ADVANCED_FACE('',(#1162),#6406,.F.);
#6466=ADVANCED_FACE('',(#1163),#6407,.F.);
#6467=ADVANCED_FACE('',(#1164),#6408,.F.);
#6468=ADVANCED_FACE('',(#1165),#6409,.F.);
#6469=ADVANCED_FACE('',(#1166),#6410,.F.);
#6470=ADVANCED_FACE('',(#1167),#6411,.F.);
#6471=ADVANCED_FACE('',(#1168),#1095,.F.);
#6472=ADVANCED_FACE('',(#1169),#1096,.F.);
#6473=ADVANCED_FACE('',(#1170),#1097,.F.);
#6474=ADVANCED_FACE('',(#1171),#1098,.F.);
#6475=ADVANCED_FACE('',(#1172),#1099,.F.);
#6476=ADVANCED_FACE('',(#1173),#6412,.F.);
#6477=ADVANCED_FACE('',(#1174),#6413,.F.);
#6478=ADVANCED_FACE('',(#1175),#1100,.F.);
#6479=ADVANCED_FACE('',(#1176),#1101,.F.);
#6480=ADVANCED_FACE('',(#1177),#1102,.F.);
#6481=ADVANCED_FACE('',(#1178),#1103,.F.);
#6482=ADVANCED_FACE('',(#1179),#6414,.F.);
#6483=ADVANCED_FACE('',(#1180),#6415,.F.);
#6484=ADVANCED_FACE('',(#1181),#6416,.F.);
#6485=ADVANCED_FACE('',(#1182),#1104,.F.);
#6486=ADVANCED_FACE('',(#1183),#1105,.F.);
#6487=ADVANCED_FACE('',(#1184),#6417,.F.);
#6488=ADVANCED_FACE('',(#1185),#6418,.F.);
#6489=ADVANCED_FACE('',(#1186),#6419,.F.);
#6490=ADVANCED_FACE('',(#1187),#6420,.F.);
#6491=ADVANCED_FACE('',(#1188),#1106,.F.);
#6492=ADVANCED_FACE('',(#1189),#1107,.F.);
#6493=ADVANCED_FACE('',(#1190),#1108,.F.);
#6494=ADVANCED_FACE('',(#1191),#1109,.F.);
#6495=ADVANCED_FACE('',(#1192),#6421,.F.);
#6496=ADVANCED_FACE('',(#1193),#1110,.F.);
#6497=ADVANCED_FACE('',(#1194),#6422,.F.);
#6498=ADVANCED_FACE('',(#1195),#6423,.F.);
#6499=ADVANCED_FACE('',(#1196),#6424,.F.);
#6500=ADVANCED_FACE('',(#1197),#6425,.F.);
#6501=ADVANCED_FACE('',(#1198),#6426,.F.);
#6502=ADVANCED_FACE('',(#1199),#1111,.F.);
#6503=ADVANCED_FACE('',(#1200),#1112,.F.);
#6504=ADVANCED_FACE('',(#1201),#1113,.F.);
#6505=ADVANCED_FACE('',(#1202),#6427,.F.);
#6506=ADVANCED_FACE('',(#1203),#6428,.F.);
#6507=ADVANCED_FACE('',(#1204),#6429,.F.);
#6508=ADVANCED_FACE('',(#1205),#6430,.F.);
#6509=ADVANCED_FACE('',(#1206),#6431,.F.);
#6510=ADVANCED_FACE('',(#1207),#1114,.F.);
#6511=ADVANCED_FACE('',(#1208),#1115,.F.);
#6512=ADVANCED_FACE('',(#1209,#668,#669,#670,#671,#672,#673,#674,#675,#676,
#677,#678,#679,#680,#681,#682,#683,#684,#685,#686,#687,#688,#689,#690,#691,
#692,#693,#694,#695,#696,#697,#698,#699,#700,#701,#702,#703,#704,#705,#706,
#707,#708,#709,#710,#711,#712,#713,#714,#715,#716,#717,#718,#719,#720,#721,
#722,#723,#724,#725,#726,#727,#728,#729,#730,#731,#732,#733,#734,#735,#736,
#737,#738,#739,#740,#741,#742,#743,#744,#745,#746,#747,#748,#749,#750,#751,
#752,#753,#754,#755,#756,#757,#758,#759,#760,#761,#762,#763,#764,#765,#766,
#767,#768,#769,#770,#771,#772,#773,#774,#775,#776,#777,#778,#779,#780,#781,
#782,#783,#784,#785,#786,#787,#788,#789,#790,#791,#792,#793,#794,#795,#796,
#797,#798,#799,#800,#801,#802,#803,#804,#805,#806,#807,#808,#809,#810,#811,
#812,#813,#814,#815,#816,#817,#818,#819,#820,#821,#822,#823,#824,#825,#826,
#827,#828,#829,#830,#831,#832,#833,#834,#835,#836,#837,#838,#839,#840,#841,
#842,#843,#844,#845,#846,#847,#848,#849,#850,#851,#852,#853,#854,#855,#856,
#857,#858,#859,#860,#861,#862,#863,#864,#865,#866,#867,#868,#869,#870,#871,
#872,#873,#874,#875,#876),#1116,.F.);
#6513=ADVANCED_FACE('',(#1210),#1117,.F.);
#6514=ADVANCED_FACE('',(#1211),#1118,.T.);
#6515=ADVANCED_FACE('',(#1212),#15,.F.);
#6516=ADVANCED_FACE('',(#1213),#1119,.T.);
#6517=ADVANCED_FACE('',(#1214,#877,#878,#879,#880,#881,#882,#883,#884,#885,
#886,#887,#888,#889,#890,#891,#892,#893,#894,#895,#896,#897,#898,#899,#900,
#901,#902,#903,#904,#905,#906,#907,#908,#909,#910,#911,#912,#913,#914,#915,
#916,#917,#918,#919,#920,#921,#922,#923,#924,#925,#926,#927,#928,#929,#930,
#931,#932,#933,#934,#935,#936,#937,#938,#939,#940,#941,#942,#943,#944,#945,
#946,#947,#948,#949,#950,#951,#952,#953,#954,#955,#956,#957,#958,#959,#960,
#961,#962,#963,#964,#965,#966,#967,#968,#969,#970,#971,#972,#973,#974,#975,
#976,#977,#978,#979,#980,#981,#982,#983,#984,#985,#986,#987,#988,#989,#990,
#991,#992,#993,#994,#995,#996,#997,#998,#999,#1000,#1001,#1002,#1003,#1004,
#1005,#1006,#1007,#1008,#1009,#1010,#1011,#1012,#1013,#1014,#1015,#1016,
#1017,#1018,#1019,#1020,#1021,#1022,#1023,#1024,#1025,#1026,#1027,#1028,
#1029,#1030,#1031,#1032,#1033,#1034,#1035,#1036,#1037,#1038,#1039,#1040,
#1041,#1042,#1043,#1044,#1045,#1046,#1047,#1048,#1049,#1050,#1051,#1052,
#1053,#1054,#1055,#1056,#1057,#1058,#1059,#1060,#1061,#1062,#1063,#1064,
#1065,#1066,#1067,#1068,#1069,#1070,#1071,#1072,#1073,#1074,#1075,#1076,
#1077,#1078,#1079,#1080,#1081,#1082,#1083,#1084),#1120,.T.);
#6518=ADVANCED_FACE('',(#1215),#16,.T.);
#6519=ADVANCED_FACE('',(#1216),#17,.T.);
#6520=ADVANCED_FACE('',(#1217),#1121,.F.);
#6521=ADVANCED_FACE('',(#1218),#1122,.F.);
#6522=ADVANCED_FACE('',(#1219),#18,.F.);
#6523=ADVANCED_FACE('',(#1220),#1123,.F.);
#6524=ADVANCED_FACE('',(#1221),#19,.T.);
#6525=ADVANCED_FACE('',(#1222),#20,.T.);
#6526=ADVANCED_FACE('',(#1223),#1124,.F.);
#6527=ADVANCED_FACE('',(#1224),#21,.T.);
#6528=ADVANCED_FACE('',(#1225),#22,.T.);
#6529=ADVANCED_FACE('',(#1226),#1125,.F.);
#6530=ADVANCED_FACE('',(#1227),#23,.F.);
#6531=ADVANCED_FACE('',(#1228),#1126,.F.);
#6532=ADVANCED_FACE('',(#1229),#24,.F.);
#6533=ADVANCED_FACE('',(#1230),#25,.F.);
#6534=ADVANCED_FACE('',(#1231),#26,.F.);
#6535=ADVANCED_FACE('',(#1232),#27,.F.);
#6536=ADVANCED_FACE('',(#1233),#28,.F.);
#6537=ADVANCED_FACE('',(#1234),#29,.F.);
#6538=ADVANCED_FACE('',(#1235),#30,.F.);
#6539=ADVANCED_FACE('',(#1236),#31,.F.);
#6540=ADVANCED_FACE('',(#1237),#32,.F.);
#6541=ADVANCED_FACE('',(#1238),#33,.F.);
#6542=ADVANCED_FACE('',(#1239),#34,.F.);
#6543=ADVANCED_FACE('',(#1240),#35,.F.);
#6544=ADVANCED_FACE('',(#1241),#36,.F.);
#6545=ADVANCED_FACE('',(#1242),#37,.F.);
#6546=ADVANCED_FACE('',(#1243),#38,.F.);
#6547=ADVANCED_FACE('',(#1244),#39,.F.);
#6548=ADVANCED_FACE('',(#1245),#40,.F.);
#6549=ADVANCED_FACE('',(#1246),#41,.F.);
#6550=ADVANCED_FACE('',(#1247),#42,.F.);
#6551=ADVANCED_FACE('',(#1248),#43,.F.);
#6552=ADVANCED_FACE('',(#1249),#44,.F.);
#6553=ADVANCED_FACE('',(#1250),#45,.F.);
#6554=ADVANCED_FACE('',(#1251),#46,.F.);
#6555=ADVANCED_FACE('',(#1252),#47,.F.);
#6556=ADVANCED_FACE('',(#1253),#48,.F.);
#6557=ADVANCED_FACE('',(#1254),#49,.F.);
#6558=ADVANCED_FACE('',(#1255),#50,.F.);
#6559=ADVANCED_FACE('',(#1256),#51,.F.);
#6560=ADVANCED_FACE('',(#1257),#52,.F.);
#6561=ADVANCED_FACE('',(#1258),#53,.F.);
#6562=ADVANCED_FACE('',(#1259),#54,.F.);
#6563=ADVANCED_FACE('',(#1260),#55,.F.);
#6564=ADVANCED_FACE('',(#1261),#56,.F.);
#6565=ADVANCED_FACE('',(#1262),#57,.F.);
#6566=ADVANCED_FACE('',(#1263),#58,.F.);
#6567=ADVANCED_FACE('',(#1264),#59,.F.);
#6568=ADVANCED_FACE('',(#1265),#60,.F.);
#6569=ADVANCED_FACE('',(#1266),#61,.F.);
#6570=ADVANCED_FACE('',(#1267),#62,.F.);
#6571=ADVANCED_FACE('',(#1268),#63,.F.);
#6572=ADVANCED_FACE('',(#1269),#64,.F.);
#6573=ADVANCED_FACE('',(#1270),#65,.F.);
#6574=ADVANCED_FACE('',(#1271),#66,.F.);
#6575=ADVANCED_FACE('',(#1272),#67,.F.);
#6576=ADVANCED_FACE('',(#1273),#68,.F.);
#6577=ADVANCED_FACE('',(#1274),#69,.F.);
#6578=ADVANCED_FACE('',(#1275),#70,.F.);
#6579=ADVANCED_FACE('',(#1276),#71,.F.);
#6580=ADVANCED_FACE('',(#1277),#72,.F.);
#6581=ADVANCED_FACE('',(#1278),#73,.F.);
#6582=ADVANCED_FACE('',(#1279),#74,.F.);
#6583=ADVANCED_FACE('',(#1280),#75,.F.);
#6584=ADVANCED_FACE('',(#1281),#76,.F.);
#6585=ADVANCED_FACE('',(#1282),#77,.F.);
#6586=ADVANCED_FACE('',(#1283),#78,.F.);
#6587=ADVANCED_FACE('',(#1284),#79,.F.);
#6588=ADVANCED_FACE('',(#1285),#80,.F.);
#6589=ADVANCED_FACE('',(#1286),#81,.F.);
#6590=ADVANCED_FACE('',(#1287),#82,.F.);
#6591=ADVANCED_FACE('',(#1288),#83,.F.);
#6592=ADVANCED_FACE('',(#1289),#84,.F.);
#6593=ADVANCED_FACE('',(#1290),#85,.F.);
#6594=ADVANCED_FACE('',(#1291),#86,.F.);
#6595=ADVANCED_FACE('',(#1292),#87,.F.);
#6596=ADVANCED_FACE('',(#1293),#88,.F.);
#6597=ADVANCED_FACE('',(#1294),#89,.F.);
#6598=ADVANCED_FACE('',(#1295),#90,.F.);
#6599=ADVANCED_FACE('',(#1296),#91,.F.);
#6600=ADVANCED_FACE('',(#1297),#92,.F.);
#6601=ADVANCED_FACE('',(#1298),#93,.F.);
#6602=ADVANCED_FACE('',(#1299),#94,.F.);
#6603=ADVANCED_FACE('',(#1300),#95,.F.);
#6604=ADVANCED_FACE('',(#1301),#96,.F.);
#6605=ADVANCED_FACE('',(#1302),#97,.F.);
#6606=ADVANCED_FACE('',(#1303),#98,.F.);
#6607=ADVANCED_FACE('',(#1304),#99,.F.);
#6608=ADVANCED_FACE('',(#1305),#100,.F.);
#6609=ADVANCED_FACE('',(#1306),#101,.F.);
#6610=ADVANCED_FACE('',(#1307),#102,.F.);
#6611=ADVANCED_FACE('',(#1308),#103,.F.);
#6612=ADVANCED_FACE('',(#1309),#104,.F.);
#6613=ADVANCED_FACE('',(#1310),#105,.F.);
#6614=ADVANCED_FACE('',(#1311),#106,.F.);
#6615=ADVANCED_FACE('',(#1312),#107,.F.);
#6616=ADVANCED_FACE('',(#1313),#108,.F.);
#6617=ADVANCED_FACE('',(#1314),#109,.F.);
#6618=ADVANCED_FACE('',(#1315),#110,.F.);
#6619=ADVANCED_FACE('',(#1316),#111,.F.);
#6620=ADVANCED_FACE('',(#1317),#112,.F.);
#6621=ADVANCED_FACE('',(#1318),#113,.F.);
#6622=ADVANCED_FACE('',(#1319),#114,.F.);
#6623=ADVANCED_FACE('',(#1320),#115,.F.);
#6624=ADVANCED_FACE('',(#1321),#116,.F.);
#6625=ADVANCED_FACE('',(#1322),#117,.F.);
#6626=ADVANCED_FACE('',(#1323),#118,.F.);
#6627=ADVANCED_FACE('',(#1324),#119,.F.);
#6628=ADVANCED_FACE('',(#1325),#120,.F.);
#6629=ADVANCED_FACE('',(#1326),#121,.F.);
#6630=ADVANCED_FACE('',(#1327),#122,.F.);
#6631=ADVANCED_FACE('',(#1328),#123,.F.);
#6632=ADVANCED_FACE('',(#1329),#124,.F.);
#6633=ADVANCED_FACE('',(#1330),#125,.F.);
#6634=ADVANCED_FACE('',(#1331),#126,.F.);
#6635=ADVANCED_FACE('',(#1332),#127,.F.);
#6636=ADVANCED_FACE('',(#1333),#128,.F.);
#6637=ADVANCED_FACE('',(#1334),#129,.F.);
#6638=ADVANCED_FACE('',(#1335),#130,.F.);
#6639=ADVANCED_FACE('',(#1336),#131,.F.);
#6640=ADVANCED_FACE('',(#1337),#132,.F.);
#6641=ADVANCED_FACE('',(#1338),#133,.F.);
#6642=ADVANCED_FACE('',(#1339),#134,.F.);
#6643=ADVANCED_FACE('',(#1340),#135,.F.);
#6644=ADVANCED_FACE('',(#1341),#136,.F.);
#6645=ADVANCED_FACE('',(#1342),#137,.F.);
#6646=ADVANCED_FACE('',(#1343),#138,.F.);
#6647=ADVANCED_FACE('',(#1344),#139,.F.);
#6648=ADVANCED_FACE('',(#1345),#140,.F.);
#6649=ADVANCED_FACE('',(#1346),#141,.F.);
#6650=ADVANCED_FACE('',(#1347),#142,.F.);
#6651=ADVANCED_FACE('',(#1348),#143,.F.);
#6652=ADVANCED_FACE('',(#1349),#144,.F.);
#6653=ADVANCED_FACE('',(#1350),#145,.F.);
#6654=ADVANCED_FACE('',(#1351),#146,.F.);
#6655=ADVANCED_FACE('',(#1352),#147,.F.);
#6656=ADVANCED_FACE('',(#1353),#148,.F.);
#6657=ADVANCED_FACE('',(#1354),#149,.F.);
#6658=ADVANCED_FACE('',(#1355),#150,.F.);
#6659=ADVANCED_FACE('',(#1356),#151,.F.);
#6660=ADVANCED_FACE('',(#1357),#152,.F.);
#6661=ADVANCED_FACE('',(#1358),#153,.F.);
#6662=ADVANCED_FACE('',(#1359),#154,.F.);
#6663=ADVANCED_FACE('',(#1360),#155,.F.);
#6664=ADVANCED_FACE('',(#1361),#156,.F.);
#6665=ADVANCED_FACE('',(#1362),#157,.F.);
#6666=ADVANCED_FACE('',(#1363),#158,.F.);
#6667=ADVANCED_FACE('',(#1364),#159,.F.);
#6668=ADVANCED_FACE('',(#1365),#160,.F.);
#6669=ADVANCED_FACE('',(#1366),#161,.F.);
#6670=ADVANCED_FACE('',(#1367),#162,.F.);
#6671=ADVANCED_FACE('',(#1368),#163,.F.);
#6672=ADVANCED_FACE('',(#1369),#164,.F.);
#6673=ADVANCED_FACE('',(#1370),#165,.F.);
#6674=ADVANCED_FACE('',(#1371),#166,.F.);
#6675=ADVANCED_FACE('',(#1372),#167,.F.);
#6676=ADVANCED_FACE('',(#1373),#168,.F.);
#6677=ADVANCED_FACE('',(#1374),#169,.F.);
#6678=ADVANCED_FACE('',(#1375),#170,.F.);
#6679=ADVANCED_FACE('',(#1376),#171,.F.);
#6680=ADVANCED_FACE('',(#1377),#172,.F.);
#6681=ADVANCED_FACE('',(#1378),#173,.F.);
#6682=ADVANCED_FACE('',(#1379),#174,.F.);
#6683=ADVANCED_FACE('',(#1380),#175,.F.);
#6684=ADVANCED_FACE('',(#1381),#176,.F.);
#6685=ADVANCED_FACE('',(#1382),#177,.F.);
#6686=ADVANCED_FACE('',(#1383),#178,.F.);
#6687=ADVANCED_FACE('',(#1384),#179,.F.);
#6688=ADVANCED_FACE('',(#1385),#180,.F.);
#6689=ADVANCED_FACE('',(#1386),#181,.F.);
#6690=ADVANCED_FACE('',(#1387),#182,.F.);
#6691=ADVANCED_FACE('',(#1388),#183,.F.);
#6692=ADVANCED_FACE('',(#1389),#184,.F.);
#6693=ADVANCED_FACE('',(#1390),#185,.F.);
#6694=ADVANCED_FACE('',(#1391),#186,.F.);
#6695=ADVANCED_FACE('',(#1392),#187,.F.);
#6696=ADVANCED_FACE('',(#1393),#188,.F.);
#6697=ADVANCED_FACE('',(#1394),#189,.F.);
#6698=ADVANCED_FACE('',(#1395),#190,.F.);
#6699=ADVANCED_FACE('',(#1396),#191,.F.);
#6700=ADVANCED_FACE('',(#1397),#192,.F.);
#6701=ADVANCED_FACE('',(#1398),#193,.F.);
#6702=ADVANCED_FACE('',(#1399),#194,.F.);
#6703=ADVANCED_FACE('',(#1400),#195,.F.);
#6704=ADVANCED_FACE('',(#1401),#196,.F.);
#6705=ADVANCED_FACE('',(#1402),#197,.F.);
#6706=ADVANCED_FACE('',(#1403),#198,.F.);
#6707=ADVANCED_FACE('',(#1404),#199,.F.);
#6708=ADVANCED_FACE('',(#1405),#200,.F.);
#6709=ADVANCED_FACE('',(#1406),#201,.F.);
#6710=ADVANCED_FACE('',(#1407),#202,.F.);
#6711=ADVANCED_FACE('',(#1408),#203,.F.);
#6712=ADVANCED_FACE('',(#1409),#204,.F.);
#6713=ADVANCED_FACE('',(#1410),#205,.F.);
#6714=ADVANCED_FACE('',(#1411),#206,.F.);
#6715=ADVANCED_FACE('',(#1412),#207,.F.);
#6716=ADVANCED_FACE('',(#1413),#208,.F.);
#6717=ADVANCED_FACE('',(#1414),#209,.F.);
#6718=ADVANCED_FACE('',(#1415),#210,.F.);
#6719=ADVANCED_FACE('',(#1416),#211,.F.);
#6720=ADVANCED_FACE('',(#1417),#212,.F.);
#6721=ADVANCED_FACE('',(#1418),#213,.F.);
#6722=ADVANCED_FACE('',(#1419),#214,.F.);
#6723=ADVANCED_FACE('',(#1420),#215,.F.);
#6724=ADVANCED_FACE('',(#1421),#216,.F.);
#6725=ADVANCED_FACE('',(#1422),#217,.F.);
#6726=ADVANCED_FACE('',(#1423),#218,.F.);
#6727=ADVANCED_FACE('',(#1424),#219,.F.);
#6728=ADVANCED_FACE('',(#1425),#220,.F.);
#6729=ADVANCED_FACE('',(#1426),#221,.F.);
#6730=ADVANCED_FACE('',(#1427),#222,.F.);
#6731=ADVANCED_FACE('',(#1428),#223,.F.);
#6732=ADVANCED_FACE('',(#1429),#224,.F.);
#6733=ADVANCED_FACE('',(#1430),#225,.F.);
#6734=ADVANCED_FACE('',(#1431),#226,.F.);
#6735=ADVANCED_FACE('',(#1432),#227,.F.);
#6736=ADVANCED_FACE('',(#1433),#228,.F.);
#6737=ADVANCED_FACE('',(#1434),#229,.F.);
#6738=ADVANCED_FACE('',(#1435),#230,.F.);
#6739=ADVANCED_FACE('',(#1436),#231,.F.);
#6740=ADVANCED_FACE('',(#1437),#1127,.F.);
#6741=ADVANCED_FACE('',(#1438),#1128,.F.);
#6742=CLOSED_SHELL('',(#6432,#6433,#6434,#6435,#6436,#6437,#6438,#6439,
#6440,#6441,#6442,#6443,#6444,#6445,#6446,#6447,#6448,#6449,#6450,#6451,
#6452,#6453,#6454,#6455,#6456,#6457,#6458,#6459,#6460,#6461,#6462,#6463,
#6464,#6465,#6466,#6467,#6468,#6469,#6470,#6471,#6472,#6473,#6474,#6475,
#6476,#6477,#6478,#6479,#6480,#6481,#6482,#6483,#6484,#6485,#6486,#6487,
#6488,#6489,#6490,#6491,#6492,#6493,#6494,#6495,#6496,#6497,#6498,#6499,
#6500,#6501,#6502,#6503,#6504,#6505,#6506,#6507,#6508,#6509,#6510,#6511,
#6512,#6513,#6514,#6515,#6516,#6517,#6518,#6519,#6520,#6521,#6522,#6523,
#6524,#6525,#6526,#6527,#6528,#6529,#6530,#6531,#6532,#6533,#6534,#6535,
#6536,#6537,#6538,#6539,#6540,#6541,#6542,#6543,#6544,#6545,#6546,#6547,
#6548,#6549,#6550,#6551,#6552,#6553,#6554,#6555,#6556,#6557,#6558,#6559,
#6560,#6561,#6562,#6563,#6564,#6565,#6566,#6567,#6568,#6569,#6570,#6571,
#6572,#6573,#6574,#6575,#6576,#6577,#6578,#6579,#6580,#6581,#6582,#6583,
#6584,#6585,#6586,#6587,#6588,#6589,#6590,#6591,#6592,#6593,#6594,#6595,
#6596,#6597,#6598,#6599,#6600,#6601,#6602,#6603,#6604,#6605,#6606,#6607,
#6608,#6609,#6610,#6611,#6612,#6613,#6614,#6615,#6616,#6617,#6618,#6619,
#6620,#6621,#6622,#6623,#6624,#6625,#6626,#6627,#6628,#6629,#6630,#6631,
#6632,#6633,#6634,#6635,#6636,#6637,#6638,#6639,#6640,#6641,#6642,#6643,
#6644,#6645,#6646,#6647,#6648,#6649,#6650,#6651,#6652,#6653,#6654,#6655,
#6656,#6657,#6658,#6659,#6660,#6661,#6662,#6663,#6664,#6665,#6666,#6667,
#6668,#6669,#6670,#6671,#6672,#6673,#6674,#6675,#6676,#6677,#6678,#6679,
#6680,#6681,#6682,#6683,#6684,#6685,#6686,#6687,#6688,#6689,#6690,#6691,
#6692,#6693,#6694,#6695,#6696,#6697,#6698,#6699,#6700,#6701,#6702,#6703,
#6704,#6705,#6706,#6707,#6708,#6709,#6710,#6711,#6712,#6713,#6714,#6715,
#6716,#6717,#6718,#6719,#6720,#6721,#6722,#6723,#6724,#6725,#6726,#6727,
#6728,#6729,#6730,#6731,#6732,#6733,#6734,#6735,#6736,#6737,#6738,#6739,
#6740,#6741));
#6743=DERIVED_UNIT_ELEMENT(#6745,1.);
#6744=DERIVED_UNIT_ELEMENT(#11918,-3.);
#6745=(
MASS_UNIT()
NAMED_UNIT(*)
SI_UNIT(.KILO.,.GRAM.)
);
#6746=DERIVED_UNIT((#6743,#6744));
#6747=MEASURE_REPRESENTATION_ITEM('density measure',
POSITIVE_RATIO_MEASURE(7850.),#6746);
#6748=PROPERTY_DEFINITION_REPRESENTATION(#6753,#6750);
#6749=PROPERTY_DEFINITION_REPRESENTATION(#6754,#6751);
#6750=REPRESENTATION('material name',(#6752),#11913);
#6751=REPRESENTATION('density',(#6747),#11913);
#6752=DESCRIPTIVE_REPRESENTATION_ITEM('Steel','Steel');
#6753=PROPERTY_DEFINITION('material property','material name',#11926);
#6754=PROPERTY_DEFINITION('material property','density of part',#11926);
#6755=AXIS2_PLACEMENT_3D('',#9222,#7451,#7452);
#6756=AXIS2_PLACEMENT_3D('',#9395,#7461,#7462);
#6757=AXIS2_PLACEMENT_3D('',#9567,#7472,#7473);
#6758=AXIS2_PLACEMENT_3D('',#9616,#7478,#7479);
#6759=AXIS2_PLACEMENT_3D('',#9870,#7508,#7509);
#6760=AXIS2_PLACEMENT_3D('',#9876,#7513,#7514);
#6761=AXIS2_PLACEMENT_3D('',#9950,#7522,#7523);
#6762=AXIS2_PLACEMENT_3D('',#9954,#7526,#7527);
#6763=AXIS2_PLACEMENT_3D('',#9956,#7529,#7530);
#6764=AXIS2_PLACEMENT_3D('',#9996,#7536,#7537);
#6765=AXIS2_PLACEMENT_3D('',#10000,#7540,#7541);
#6766=AXIS2_PLACEMENT_3D('',#10119,#7549,#7550);
#6767=AXIS2_PLACEMENT_3D('',#10125,#7554,#7555);
#6768=AXIS2_PLACEMENT_3D('',#10129,#7558,#7559);
#6769=AXIS2_PLACEMENT_3D('',#10131,#7561,#7562);
#6770=AXIS2_PLACEMENT_3D('',#10142,#7565,#7566);
#6771=AXIS2_PLACEMENT_3D('',#10182,#7572,#7573);
#6772=AXIS2_PLACEMENT_3D('',#10191,#7575,#7576);
#6773=AXIS2_PLACEMENT_3D('',#10195,#7579,#7580);
#6774=AXIS2_PLACEMENT_3D('',#10199,#7583,#7584);
#6775=AXIS2_PLACEMENT_3D('',#10254,#7590,#7591);
#6776=AXIS2_PLACEMENT_3D('',#10256,#7593,#7594);
#6777=AXIS2_PLACEMENT_3D('',#10328,#7601,#7602);
#6778=AXIS2_PLACEMENT_3D('',#10332,#7605,#7606);
#6779=AXIS2_PLACEMENT_3D('',#10336,#7609,#7610);
#6780=AXIS2_PLACEMENT_3D('',#10340,#7613,#7614);
#6781=AXIS2_PLACEMENT_3D('',#10359,#7617,#7618);
#6782=AXIS2_PLACEMENT_3D('',#10450,#7627,#7628);
#6783=AXIS2_PLACEMENT_3D('',#10454,#7631,#7632);
#6784=AXIS2_PLACEMENT_3D('',#10458,#7635,#7636);
#6785=AXIS2_PLACEMENT_3D('',#10545,#7643,#7644);
#6786=AXIS2_PLACEMENT_3D('',#10549,#7647,#7648);
#6787=AXIS2_PLACEMENT_3D('',#10551,#7650,#7651);
#6788=AXIS2_PLACEMENT_3D('',#10556,#7653,#7654);
#6789=AXIS2_PLACEMENT_3D('',#10560,#7656,#7657);
#6790=AXIS2_PLACEMENT_3D('',#10564,#7659,#7660);
#6791=AXIS2_PLACEMENT_3D('',#10568,#7662,#7663);
#6792=AXIS2_PLACEMENT_3D('',#10572,#7665,#7666);
#6793=AXIS2_PLACEMENT_3D('',#10576,#7668,#7669);
#6794=AXIS2_PLACEMENT_3D('',#10580,#7671,#7672);
#6795=AXIS2_PLACEMENT_3D('',#10584,#7674,#7675);
#6796=AXIS2_PLACEMENT_3D('',#10587,#7677,#7678);
#6797=AXIS2_PLACEMENT_3D('',#10589,#7679,#7680);
#6798=AXIS2_PLACEMENT_3D('',#10591,#7681,#7682);
#6799=AXIS2_PLACEMENT_3D('',#10593,#7683,#7684);
#6800=AXIS2_PLACEMENT_3D('',#10595,#7685,#7686);
#6801=AXIS2_PLACEMENT_3D('',#10597,#7687,#7688);
#6802=AXIS2_PLACEMENT_3D('',#10599,#7689,#7690);
#6803=AXIS2_PLACEMENT_3D('',#10601,#7691,#7692);
#6804=AXIS2_PLACEMENT_3D('',#10603,#7693,#7694);
#6805=AXIS2_PLACEMENT_3D('',#10605,#7695,#7696);
#6806=AXIS2_PLACEMENT_3D('',#10607,#7697,#7698);
#6807=AXIS2_PLACEMENT_3D('',#10609,#7699,#7700);
#6808=AXIS2_PLACEMENT_3D('',#10611,#7701,#7702);
#6809=AXIS2_PLACEMENT_3D('',#10613,#7703,#7704);
#6810=AXIS2_PLACEMENT_3D('',#10615,#7705,#7706);
#6811=AXIS2_PLACEMENT_3D('',#10617,#7707,#7708);
#6812=AXIS2_PLACEMENT_3D('',#10619,#7709,#7710);
#6813=AXIS2_PLACEMENT_3D('',#10621,#7711,#7712);
#6814=AXIS2_PLACEMENT_3D('',#10623,#7713,#7714);
#6815=AXIS2_PLACEMENT_3D('',#10625,#7715,#7716);
#6816=AXIS2_PLACEMENT_3D('',#10627,#7717,#7718);
#6817=AXIS2_PLACEMENT_3D('',#10629,#7719,#7720);
#6818=AXIS2_PLACEMENT_3D('',#10631,#7721,#7722);
#6819=AXIS2_PLACEMENT_3D('',#10633,#7723,#7724);
#6820=AXIS2_PLACEMENT_3D('',#10635,#7725,#7726);
#6821=AXIS2_PLACEMENT_3D('',#10637,#7727,#7728);
#6822=AXIS2_PLACEMENT_3D('',#10639,#7729,#7730);
#6823=AXIS2_PLACEMENT_3D('',#10641,#7731,#7732);
#6824=AXIS2_PLACEMENT_3D('',#10643,#7733,#7734);
#6825=AXIS2_PLACEMENT_3D('',#10645,#7735,#7736);
#6826=AXIS2_PLACEMENT_3D('',#10647,#7737,#7738);
#6827=AXIS2_PLACEMENT_3D('',#10649,#7739,#7740);
#6828=AXIS2_PLACEMENT_3D('',#10651,#7741,#7742);
#6829=AXIS2_PLACEMENT_3D('',#10653,#7743,#7744);
#6830=AXIS2_PLACEMENT_3D('',#10655,#7745,#7746);
#6831=AXIS2_PLACEMENT_3D('',#10657,#7747,#7748);
#6832=AXIS2_PLACEMENT_3D('',#10659,#7749,#7750);
#6833=AXIS2_PLACEMENT_3D('',#10661,#7751,#7752);
#6834=AXIS2_PLACEMENT_3D('',#10663,#7753,#7754);
#6835=AXIS2_PLACEMENT_3D('',#10665,#7755,#7756);
#6836=AXIS2_PLACEMENT_3D('',#10667,#7757,#7758);
#6837=AXIS2_PLACEMENT_3D('',#10669,#7759,#7760);
#6838=AXIS2_PLACEMENT_3D('',#10671,#7761,#7762);
#6839=AXIS2_PLACEMENT_3D('',#10673,#7763,#7764);
#6840=AXIS2_PLACEMENT_3D('',#10675,#7765,#7766);
#6841=AXIS2_PLACEMENT_3D('',#10677,#7767,#7768);
#6842=AXIS2_PLACEMENT_3D('',#10679,#7769,#7770);
#6843=AXIS2_PLACEMENT_3D('',#10681,#7771,#7772);
#6844=AXIS2_PLACEMENT_3D('',#10683,#7773,#7774);
#6845=AXIS2_PLACEMENT_3D('',#10685,#7775,#7776);
#6846=AXIS2_PLACEMENT_3D('',#10687,#7777,#7778);
#6847=AXIS2_PLACEMENT_3D('',#10689,#7779,#7780);
#6848=AXIS2_PLACEMENT_3D('',#10691,#7781,#7782);
#6849=AXIS2_PLACEMENT_3D('',#10693,#7783,#7784);
#6850=AXIS2_PLACEMENT_3D('',#10695,#7785,#7786);
#6851=AXIS2_PLACEMENT_3D('',#10697,#7787,#7788);
#6852=AXIS2_PLACEMENT_3D('',#10699,#7789,#7790);
#6853=AXIS2_PLACEMENT_3D('',#10701,#7791,#7792);
#6854=AXIS2_PLACEMENT_3D('',#10703,#7793,#7794);
#6855=AXIS2_PLACEMENT_3D('',#10705,#7795,#7796);
#6856=AXIS2_PLACEMENT_3D('',#10707,#7797,#7798);
#6857=AXIS2_PLACEMENT_3D('',#10709,#7799,#7800);
#6858=AXIS2_PLACEMENT_3D('',#10711,#7801,#7802);
#6859=AXIS2_PLACEMENT_3D('',#10713,#7803,#7804);
#6860=AXIS2_PLACEMENT_3D('',#10715,#7805,#7806);
#6861=AXIS2_PLACEMENT_3D('',#10717,#7807,#7808);
#6862=AXIS2_PLACEMENT_3D('',#10719,#7809,#7810);
#6863=AXIS2_PLACEMENT_3D('',#10721,#7811,#7812);
#6864=AXIS2_PLACEMENT_3D('',#10723,#7813,#7814);
#6865=AXIS2_PLACEMENT_3D('',#10725,#7815,#7816);
#6866=AXIS2_PLACEMENT_3D('',#10727,#7817,#7818);
#6867=AXIS2_PLACEMENT_3D('',#10729,#7819,#7820);
#6868=AXIS2_PLACEMENT_3D('',#10731,#7821,#7822);
#6869=AXIS2_PLACEMENT_3D('',#10733,#7823,#7824);
#6870=AXIS2_PLACEMENT_3D('',#10735,#7825,#7826);
#6871=AXIS2_PLACEMENT_3D('',#10737,#7827,#7828);
#6872=AXIS2_PLACEMENT_3D('',#10739,#7829,#7830);
#6873=AXIS2_PLACEMENT_3D('',#10741,#7831,#7832);
#6874=AXIS2_PLACEMENT_3D('',#10743,#7833,#7834);
#6875=AXIS2_PLACEMENT_3D('',#10745,#7835,#7836);
#6876=AXIS2_PLACEMENT_3D('',#10747,#7837,#7838);
#6877=AXIS2_PLACEMENT_3D('',#10749,#7839,#7840);
#6878=AXIS2_PLACEMENT_3D('',#10751,#7841,#7842);
#6879=AXIS2_PLACEMENT_3D('',#10753,#7843,#7844);
#6880=AXIS2_PLACEMENT_3D('',#10755,#7845,#7846);
#6881=AXIS2_PLACEMENT_3D('',#10757,#7847,#7848);
#6882=AXIS2_PLACEMENT_3D('',#10759,#7849,#7850);
#6883=AXIS2_PLACEMENT_3D('',#10761,#7851,#7852);
#6884=AXIS2_PLACEMENT_3D('',#10763,#7853,#7854);
#6885=AXIS2_PLACEMENT_3D('',#10765,#7855,#7856);
#6886=AXIS2_PLACEMENT_3D('',#10767,#7857,#7858);
#6887=AXIS2_PLACEMENT_3D('',#10769,#7859,#7860);
#6888=AXIS2_PLACEMENT_3D('',#10771,#7861,#7862);
#6889=AXIS2_PLACEMENT_3D('',#10773,#7863,#7864);
#6890=AXIS2_PLACEMENT_3D('',#10775,#7865,#7866);
#6891=AXIS2_PLACEMENT_3D('',#10777,#7867,#7868);
#6892=AXIS2_PLACEMENT_3D('',#10779,#7869,#7870);
#6893=AXIS2_PLACEMENT_3D('',#10781,#7871,#7872);
#6894=AXIS2_PLACEMENT_3D('',#10783,#7873,#7874);
#6895=AXIS2_PLACEMENT_3D('',#10785,#7875,#7876);
#6896=AXIS2_PLACEMENT_3D('',#10787,#7877,#7878);
#6897=AXIS2_PLACEMENT_3D('',#10789,#7879,#7880);
#6898=AXIS2_PLACEMENT_3D('',#10791,#7881,#7882);
#6899=AXIS2_PLACEMENT_3D('',#10793,#7883,#7884);
#6900=AXIS2_PLACEMENT_3D('',#10795,#7885,#7886);
#6901=AXIS2_PLACEMENT_3D('',#10797,#7887,#7888);
#6902=AXIS2_PLACEMENT_3D('',#10799,#7889,#7890);
#6903=AXIS2_PLACEMENT_3D('',#10801,#7891,#7892);
#6904=AXIS2_PLACEMENT_3D('',#10803,#7893,#7894);
#6905=AXIS2_PLACEMENT_3D('',#10805,#7895,#7896);
#6906=AXIS2_PLACEMENT_3D('',#10807,#7897,#7898);
#6907=AXIS2_PLACEMENT_3D('',#10809,#7899,#7900);
#6908=AXIS2_PLACEMENT_3D('',#10811,#7901,#7902);
#6909=AXIS2_PLACEMENT_3D('',#10813,#7903,#7904);
#6910=AXIS2_PLACEMENT_3D('',#10815,#7905,#7906);
#6911=AXIS2_PLACEMENT_3D('',#10817,#7907,#7908);
#6912=AXIS2_PLACEMENT_3D('',#10819,#7909,#7910);
#6913=AXIS2_PLACEMENT_3D('',#10821,#7911,#7912);
#6914=AXIS2_PLACEMENT_3D('',#10823,#7913,#7914);
#6915=AXIS2_PLACEMENT_3D('',#10825,#7915,#7916);
#6916=AXIS2_PLACEMENT_3D('',#10827,#7917,#7918);
#6917=AXIS2_PLACEMENT_3D('',#10829,#7919,#7920);
#6918=AXIS2_PLACEMENT_3D('',#10831,#7921,#7922);
#6919=AXIS2_PLACEMENT_3D('',#10833,#7923,#7924);
#6920=AXIS2_PLACEMENT_3D('',#10835,#7925,#7926);
#6921=AXIS2_PLACEMENT_3D('',#10837,#7927,#7928);
#6922=AXIS2_PLACEMENT_3D('',#10839,#7929,#7930);
#6923=AXIS2_PLACEMENT_3D('',#10841,#7931,#7932);
#6924=AXIS2_PLACEMENT_3D('',#10843,#7933,#7934);
#6925=AXIS2_PLACEMENT_3D('',#10845,#7935,#7936);
#6926=AXIS2_PLACEMENT_3D('',#10847,#7937,#7938);
#6927=AXIS2_PLACEMENT_3D('',#10849,#7939,#7940);
#6928=AXIS2_PLACEMENT_3D('',#10851,#7941,#7942);
#6929=AXIS2_PLACEMENT_3D('',#10853,#7943,#7944);
#6930=AXIS2_PLACEMENT_3D('',#10855,#7945,#7946);
#6931=AXIS2_PLACEMENT_3D('',#10857,#7947,#7948);
#6932=AXIS2_PLACEMENT_3D('',#10859,#7949,#7950);
#6933=AXIS2_PLACEMENT_3D('',#10861,#7951,#7952);
#6934=AXIS2_PLACEMENT_3D('',#10863,#7953,#7954);
#6935=AXIS2_PLACEMENT_3D('',#10865,#7955,#7956);
#6936=AXIS2_PLACEMENT_3D('',#10867,#7957,#7958);
#6937=AXIS2_PLACEMENT_3D('',#10869,#7959,#7960);
#6938=AXIS2_PLACEMENT_3D('',#10871,#7961,#7962);
#6939=AXIS2_PLACEMENT_3D('',#10873,#7963,#7964);
#6940=AXIS2_PLACEMENT_3D('',#10875,#7965,#7966);
#6941=AXIS2_PLACEMENT_3D('',#10877,#7967,#7968);
#6942=AXIS2_PLACEMENT_3D('',#10879,#7969,#7970);
#6943=AXIS2_PLACEMENT_3D('',#10881,#7971,#7972);
#6944=AXIS2_PLACEMENT_3D('',#10883,#7973,#7974);
#6945=AXIS2_PLACEMENT_3D('',#10885,#7975,#7976);
#6946=AXIS2_PLACEMENT_3D('',#10887,#7977,#7978);
#6947=AXIS2_PLACEMENT_3D('',#10889,#7979,#7980);
#6948=AXIS2_PLACEMENT_3D('',#10891,#7981,#7982);
#6949=AXIS2_PLACEMENT_3D('',#10893,#7983,#7984);
#6950=AXIS2_PLACEMENT_3D('',#10895,#7985,#7986);
#6951=AXIS2_PLACEMENT_3D('',#10897,#7987,#7988);
#6952=AXIS2_PLACEMENT_3D('',#10899,#7989,#7990);
#6953=AXIS2_PLACEMENT_3D('',#10901,#7991,#7992);
#6954=AXIS2_PLACEMENT_3D('',#10903,#7993,#7994);
#6955=AXIS2_PLACEMENT_3D('',#10905,#7995,#7996);
#6956=AXIS2_PLACEMENT_3D('',#10907,#7997,#7998);
#6957=AXIS2_PLACEMENT_3D('',#10909,#7999,#8000);
#6958=AXIS2_PLACEMENT_3D('',#10911,#8001,#8002);
#6959=AXIS2_PLACEMENT_3D('',#10913,#8003,#8004);
#6960=AXIS2_PLACEMENT_3D('',#10915,#8005,#8006);
#6961=AXIS2_PLACEMENT_3D('',#10917,#8007,#8008);
#6962=AXIS2_PLACEMENT_3D('',#10919,#8009,#8010);
#6963=AXIS2_PLACEMENT_3D('',#10921,#8011,#8012);
#6964=AXIS2_PLACEMENT_3D('',#10923,#8013,#8014);
#6965=AXIS2_PLACEMENT_3D('',#10925,#8015,#8016);
#6966=AXIS2_PLACEMENT_3D('',#10927,#8017,#8018);
#6967=AXIS2_PLACEMENT_3D('',#10929,#8019,#8020);
#6968=AXIS2_PLACEMENT_3D('',#10931,#8021,#8022);
#6969=AXIS2_PLACEMENT_3D('',#10933,#8023,#8024);
#6970=AXIS2_PLACEMENT_3D('',#10935,#8025,#8026);
#6971=AXIS2_PLACEMENT_3D('',#10937,#8027,#8028);
#6972=AXIS2_PLACEMENT_3D('',#10939,#8029,#8030);
#6973=AXIS2_PLACEMENT_3D('',#10941,#8031,#8032);
#6974=AXIS2_PLACEMENT_3D('',#10943,#8033,#8034);
#6975=AXIS2_PLACEMENT_3D('',#10945,#8035,#8036);
#6976=AXIS2_PLACEMENT_3D('',#10947,#8037,#8038);
#6977=AXIS2_PLACEMENT_3D('',#10949,#8039,#8040);
#6978=AXIS2_PLACEMENT_3D('',#10951,#8041,#8042);
#6979=AXIS2_PLACEMENT_3D('',#10953,#8043,#8044);
#6980=AXIS2_PLACEMENT_3D('',#10955,#8045,#8046);
#6981=AXIS2_PLACEMENT_3D('',#10957,#8047,#8048);
#6982=AXIS2_PLACEMENT_3D('',#10959,#8049,#8050);
#6983=AXIS2_PLACEMENT_3D('',#10961,#8051,#8052);
#6984=AXIS2_PLACEMENT_3D('',#10963,#8053,#8054);
#6985=AXIS2_PLACEMENT_3D('',#10965,#8055,#8056);
#6986=AXIS2_PLACEMENT_3D('',#10967,#8057,#8058);
#6987=AXIS2_PLACEMENT_3D('',#10969,#8059,#8060);
#6988=AXIS2_PLACEMENT_3D('',#10971,#8061,#8062);
#6989=AXIS2_PLACEMENT_3D('',#10973,#8063,#8064);
#6990=AXIS2_PLACEMENT_3D('',#10975,#8065,#8066);
#6991=AXIS2_PLACEMENT_3D('',#10977,#8067,#8068);
#6992=AXIS2_PLACEMENT_3D('',#10979,#8069,#8070);
#6993=AXIS2_PLACEMENT_3D('',#10981,#8071,#8072);
#6994=AXIS2_PLACEMENT_3D('',#10983,#8073,#8074);
#6995=AXIS2_PLACEMENT_3D('',#10985,#8075,#8076);
#6996=AXIS2_PLACEMENT_3D('',#10987,#8077,#8078);
#6997=AXIS2_PLACEMENT_3D('',#10989,#8079,#8080);
#6998=AXIS2_PLACEMENT_3D('',#10991,#8081,#8082);
#6999=AXIS2_PLACEMENT_3D('',#10993,#8083,#8084);
#7000=AXIS2_PLACEMENT_3D('',#10995,#8085,#8086);
#7001=AXIS2_PLACEMENT_3D('',#10997,#8087,#8088);
#7002=AXIS2_PLACEMENT_3D('',#10999,#8089,#8090);
#7003=AXIS2_PLACEMENT_3D('',#11001,#8091,#8092);
#7004=AXIS2_PLACEMENT_3D('',#11003,#8093,#8094);
#7005=AXIS2_PLACEMENT_3D('',#11004,#8095,#8096);
#7006=AXIS2_PLACEMENT_3D('',#11005,#8097,#8098);
#7007=AXIS2_PLACEMENT_3D('',#11011,#8102,#8103);
#7008=AXIS2_PLACEMENT_3D('',#11013,#8104,#8105);
#7009=AXIS2_PLACEMENT_3D('',#11015,#8107,#8108);
#7010=AXIS2_PLACEMENT_3D('',#11019,#8111,#8112);
#7011=AXIS2_PLACEMENT_3D('',#11021,#8113,#8114);
#7012=AXIS2_PLACEMENT_3D('',#11025,#8116,#8117);
#7013=AXIS2_PLACEMENT_3D('',#11029,#8119,#8120);
#7014=AXIS2_PLACEMENT_3D('',#11033,#8122,#8123);
#7015=AXIS2_PLACEMENT_3D('',#11037,#8125,#8126);
#7016=AXIS2_PLACEMENT_3D('',#11041,#8128,#8129);
#7017=AXIS2_PLACEMENT_3D('',#11045,#8131,#8132);
#7018=AXIS2_PLACEMENT_3D('',#11048,#8134,#8135);
#7019=AXIS2_PLACEMENT_3D('',#11050,#8136,#8137);
#7020=AXIS2_PLACEMENT_3D('',#11052,#8138,#8139);
#7021=AXIS2_PLACEMENT_3D('',#11054,#8140,#8141);
#7022=AXIS2_PLACEMENT_3D('',#11056,#8142,#8143);
#7023=AXIS2_PLACEMENT_3D('',#11058,#8144,#8145);
#7024=AXIS2_PLACEMENT_3D('',#11060,#8146,#8147);
#7025=AXIS2_PLACEMENT_3D('',#11062,#8148,#8149);
#7026=AXIS2_PLACEMENT_3D('',#11064,#8150,#8151);
#7027=AXIS2_PLACEMENT_3D('',#11066,#8152,#8153);
#7028=AXIS2_PLACEMENT_3D('',#11068,#8154,#8155);
#7029=AXIS2_PLACEMENT_3D('',#11070,#8156,#8157);
#7030=AXIS2_PLACEMENT_3D('',#11072,#8158,#8159);
#7031=AXIS2_PLACEMENT_3D('',#11074,#8160,#8161);
#7032=AXIS2_PLACEMENT_3D('',#11076,#8162,#8163);
#7033=AXIS2_PLACEMENT_3D('',#11078,#8164,#8165);
#7034=AXIS2_PLACEMENT_3D('',#11080,#8166,#8167);
#7035=AXIS2_PLACEMENT_3D('',#11082,#8168,#8169);
#7036=AXIS2_PLACEMENT_3D('',#11084,#8170,#8171);
#7037=AXIS2_PLACEMENT_3D('',#11086,#8172,#8173);
#7038=AXIS2_PLACEMENT_3D('',#11088,#8174,#8175);
#7039=AXIS2_PLACEMENT_3D('',#11090,#8176,#8177);
#7040=AXIS2_PLACEMENT_3D('',#11092,#8178,#8179);
#7041=AXIS2_PLACEMENT_3D('',#11094,#8180,#8181);
#7042=AXIS2_PLACEMENT_3D('',#11096,#8182,#8183);
#7043=AXIS2_PLACEMENT_3D('',#11098,#8184,#8185);
#7044=AXIS2_PLACEMENT_3D('',#11100,#8186,#8187);
#7045=AXIS2_PLACEMENT_3D('',#11102,#8188,#8189);
#7046=AXIS2_PLACEMENT_3D('',#11104,#8190,#8191);
#7047=AXIS2_PLACEMENT_3D('',#11106,#8192,#8193);
#7048=AXIS2_PLACEMENT_3D('',#11108,#8194,#8195);
#7049=AXIS2_PLACEMENT_3D('',#11110,#8196,#8197);
#7050=AXIS2_PLACEMENT_3D('',#11112,#8198,#8199);
#7051=AXIS2_PLACEMENT_3D('',#11114,#8200,#8201);
#7052=AXIS2_PLACEMENT_3D('',#11116,#8202,#8203);
#7053=AXIS2_PLACEMENT_3D('',#11118,#8204,#8205);
#7054=AXIS2_PLACEMENT_3D('',#11120,#8206,#8207);
#7055=AXIS2_PLACEMENT_3D('',#11122,#8208,#8209);
#7056=AXIS2_PLACEMENT_3D('',#11124,#8210,#8211);
#7057=AXIS2_PLACEMENT_3D('',#11126,#8212,#8213);
#7058=AXIS2_PLACEMENT_3D('',#11128,#8214,#8215);
#7059=AXIS2_PLACEMENT_3D('',#11130,#8216,#8217);
#7060=AXIS2_PLACEMENT_3D('',#11132,#8218,#8219);
#7061=AXIS2_PLACEMENT_3D('',#11134,#8220,#8221);
#7062=AXIS2_PLACEMENT_3D('',#11136,#8222,#8223);
#7063=AXIS2_PLACEMENT_3D('',#11138,#8224,#8225);
#7064=AXIS2_PLACEMENT_3D('',#11140,#8226,#8227);
#7065=AXIS2_PLACEMENT_3D('',#11142,#8228,#8229);
#7066=AXIS2_PLACEMENT_3D('',#11144,#8230,#8231);
#7067=AXIS2_PLACEMENT_3D('',#11146,#8232,#8233);
#7068=AXIS2_PLACEMENT_3D('',#11148,#8234,#8235);
#7069=AXIS2_PLACEMENT_3D('',#11150,#8236,#8237);
#7070=AXIS2_PLACEMENT_3D('',#11152,#8238,#8239);
#7071=AXIS2_PLACEMENT_3D('',#11154,#8240,#8241);
#7072=AXIS2_PLACEMENT_3D('',#11156,#8242,#8243);
#7073=AXIS2_PLACEMENT_3D('',#11158,#8244,#8245);
#7074=AXIS2_PLACEMENT_3D('',#11160,#8246,#8247);
#7075=AXIS2_PLACEMENT_3D('',#11162,#8248,#8249);
#7076=AXIS2_PLACEMENT_3D('',#11164,#8250,#8251);
#7077=AXIS2_PLACEMENT_3D('',#11166,#8252,#8253);
#7078=AXIS2_PLACEMENT_3D('',#11168,#8254,#8255);
#7079=AXIS2_PLACEMENT_3D('',#11170,#8256,#8257);
#7080=AXIS2_PLACEMENT_3D('',#11172,#8258,#8259);
#7081=AXIS2_PLACEMENT_3D('',#11174,#8260,#8261);
#7082=AXIS2_PLACEMENT_3D('',#11176,#8262,#8263);
#7083=AXIS2_PLACEMENT_3D('',#11178,#8264,#8265);
#7084=AXIS2_PLACEMENT_3D('',#11180,#8266,#8267);
#7085=AXIS2_PLACEMENT_3D('',#11182,#8268,#8269);
#7086=AXIS2_PLACEMENT_3D('',#11184,#8270,#8271);
#7087=AXIS2_PLACEMENT_3D('',#11186,#8272,#8273);
#7088=AXIS2_PLACEMENT_3D('',#11188,#8274,#8275);
#7089=AXIS2_PLACEMENT_3D('',#11190,#8276,#8277);
#7090=AXIS2_PLACEMENT_3D('',#11192,#8278,#8279);
#7091=AXIS2_PLACEMENT_3D('',#11194,#8280,#8281);
#7092=AXIS2_PLACEMENT_3D('',#11196,#8282,#8283);
#7093=AXIS2_PLACEMENT_3D('',#11198,#8284,#8285);
#7094=AXIS2_PLACEMENT_3D('',#11200,#8286,#8287);
#7095=AXIS2_PLACEMENT_3D('',#11202,#8288,#8289);
#7096=AXIS2_PLACEMENT_3D('',#11204,#8290,#8291);
#7097=AXIS2_PLACEMENT_3D('',#11206,#8292,#8293);
#7098=AXIS2_PLACEMENT_3D('',#11208,#8294,#8295);
#7099=AXIS2_PLACEMENT_3D('',#11210,#8296,#8297);
#7100=AXIS2_PLACEMENT_3D('',#11212,#8298,#8299);
#7101=AXIS2_PLACEMENT_3D('',#11214,#8300,#8301);
#7102=AXIS2_PLACEMENT_3D('',#11216,#8302,#8303);
#7103=AXIS2_PLACEMENT_3D('',#11218,#8304,#8305);
#7104=AXIS2_PLACEMENT_3D('',#11220,#8306,#8307);
#7105=AXIS2_PLACEMENT_3D('',#11222,#8308,#8309);
#7106=AXIS2_PLACEMENT_3D('',#11224,#8310,#8311);
#7107=AXIS2_PLACEMENT_3D('',#11226,#8312,#8313);
#7108=AXIS2_PLACEMENT_3D('',#11228,#8314,#8315);
#7109=AXIS2_PLACEMENT_3D('',#11230,#8316,#8317);
#7110=AXIS2_PLACEMENT_3D('',#11232,#8318,#8319);
#7111=AXIS2_PLACEMENT_3D('',#11234,#8320,#8321);
#7112=AXIS2_PLACEMENT_3D('',#11236,#8322,#8323);
#7113=AXIS2_PLACEMENT_3D('',#11238,#8324,#8325);
#7114=AXIS2_PLACEMENT_3D('',#11240,#8326,#8327);
#7115=AXIS2_PLACEMENT_3D('',#11242,#8328,#8329);
#7116=AXIS2_PLACEMENT_3D('',#11244,#8330,#8331);
#7117=AXIS2_PLACEMENT_3D('',#11246,#8332,#8333);
#7118=AXIS2_PLACEMENT_3D('',#11248,#8334,#8335);
#7119=AXIS2_PLACEMENT_3D('',#11250,#8336,#8337);
#7120=AXIS2_PLACEMENT_3D('',#11252,#8338,#8339);
#7121=AXIS2_PLACEMENT_3D('',#11254,#8340,#8341);
#7122=AXIS2_PLACEMENT_3D('',#11256,#8342,#8343);
#7123=AXIS2_PLACEMENT_3D('',#11258,#8344,#8345);
#7124=AXIS2_PLACEMENT_3D('',#11260,#8346,#8347);
#7125=AXIS2_PLACEMENT_3D('',#11262,#8348,#8349);
#7126=AXIS2_PLACEMENT_3D('',#11264,#8350,#8351);
#7127=AXIS2_PLACEMENT_3D('',#11266,#8352,#8353);
#7128=AXIS2_PLACEMENT_3D('',#11268,#8354,#8355);
#7129=AXIS2_PLACEMENT_3D('',#11270,#8356,#8357);
#7130=AXIS2_PLACEMENT_3D('',#11272,#8358,#8359);
#7131=AXIS2_PLACEMENT_3D('',#11274,#8360,#8361);
#7132=AXIS2_PLACEMENT_3D('',#11276,#8362,#8363);
#7133=AXIS2_PLACEMENT_3D('',#11278,#8364,#8365);
#7134=AXIS2_PLACEMENT_3D('',#11280,#8366,#8367);
#7135=AXIS2_PLACEMENT_3D('',#11282,#8368,#8369);
#7136=AXIS2_PLACEMENT_3D('',#11284,#8370,#8371);
#7137=AXIS2_PLACEMENT_3D('',#11286,#8372,#8373);
#7138=AXIS2_PLACEMENT_3D('',#11288,#8374,#8375);
#7139=AXIS2_PLACEMENT_3D('',#11290,#8376,#8377);
#7140=AXIS2_PLACEMENT_3D('',#11292,#8378,#8379);
#7141=AXIS2_PLACEMENT_3D('',#11294,#8380,#8381);
#7142=AXIS2_PLACEMENT_3D('',#11296,#8382,#8383);
#7143=AXIS2_PLACEMENT_3D('',#11298,#8384,#8385);
#7144=AXIS2_PLACEMENT_3D('',#11300,#8386,#8387);
#7145=AXIS2_PLACEMENT_3D('',#11302,#8388,#8389);
#7146=AXIS2_PLACEMENT_3D('',#11304,#8390,#8391);
#7147=AXIS2_PLACEMENT_3D('',#11306,#8392,#8393);
#7148=AXIS2_PLACEMENT_3D('',#11308,#8394,#8395);
#7149=AXIS2_PLACEMENT_3D('',#11310,#8396,#8397);
#7150=AXIS2_PLACEMENT_3D('',#11312,#8398,#8399);
#7151=AXIS2_PLACEMENT_3D('',#11314,#8400,#8401);
#7152=AXIS2_PLACEMENT_3D('',#11316,#8402,#8403);
#7153=AXIS2_PLACEMENT_3D('',#11318,#8404,#8405);
#7154=AXIS2_PLACEMENT_3D('',#11320,#8406,#8407);
#7155=AXIS2_PLACEMENT_3D('',#11322,#8408,#8409);
#7156=AXIS2_PLACEMENT_3D('',#11324,#8410,#8411);
#7157=AXIS2_PLACEMENT_3D('',#11326,#8412,#8413);
#7158=AXIS2_PLACEMENT_3D('',#11328,#8414,#8415);
#7159=AXIS2_PLACEMENT_3D('',#11330,#8416,#8417);
#7160=AXIS2_PLACEMENT_3D('',#11332,#8418,#8419);
#7161=AXIS2_PLACEMENT_3D('',#11334,#8420,#8421);
#7162=AXIS2_PLACEMENT_3D('',#11336,#8422,#8423);
#7163=AXIS2_PLACEMENT_3D('',#11338,#8424,#8425);
#7164=AXIS2_PLACEMENT_3D('',#11340,#8426,#8427);
#7165=AXIS2_PLACEMENT_3D('',#11342,#8428,#8429);
#7166=AXIS2_PLACEMENT_3D('',#11344,#8430,#8431);
#7167=AXIS2_PLACEMENT_3D('',#11346,#8432,#8433);
#7168=AXIS2_PLACEMENT_3D('',#11348,#8434,#8435);
#7169=AXIS2_PLACEMENT_3D('',#11350,#8436,#8437);
#7170=AXIS2_PLACEMENT_3D('',#11352,#8438,#8439);
#7171=AXIS2_PLACEMENT_3D('',#11354,#8440,#8441);
#7172=AXIS2_PLACEMENT_3D('',#11356,#8442,#8443);
#7173=AXIS2_PLACEMENT_3D('',#11358,#8444,#8445);
#7174=AXIS2_PLACEMENT_3D('',#11360,#8446,#8447);
#7175=AXIS2_PLACEMENT_3D('',#11362,#8448,#8449);
#7176=AXIS2_PLACEMENT_3D('',#11364,#8450,#8451);
#7177=AXIS2_PLACEMENT_3D('',#11366,#8452,#8453);
#7178=AXIS2_PLACEMENT_3D('',#11368,#8454,#8455);
#7179=AXIS2_PLACEMENT_3D('',#11370,#8456,#8457);
#7180=AXIS2_PLACEMENT_3D('',#11372,#8458,#8459);
#7181=AXIS2_PLACEMENT_3D('',#11374,#8460,#8461);
#7182=AXIS2_PLACEMENT_3D('',#11376,#8462,#8463);
#7183=AXIS2_PLACEMENT_3D('',#11378,#8464,#8465);
#7184=AXIS2_PLACEMENT_3D('',#11380,#8466,#8467);
#7185=AXIS2_PLACEMENT_3D('',#11382,#8468,#8469);
#7186=AXIS2_PLACEMENT_3D('',#11384,#8470,#8471);
#7187=AXIS2_PLACEMENT_3D('',#11386,#8472,#8473);
#7188=AXIS2_PLACEMENT_3D('',#11388,#8474,#8475);
#7189=AXIS2_PLACEMENT_3D('',#11390,#8476,#8477);
#7190=AXIS2_PLACEMENT_3D('',#11392,#8478,#8479);
#7191=AXIS2_PLACEMENT_3D('',#11394,#8480,#8481);
#7192=AXIS2_PLACEMENT_3D('',#11396,#8482,#8483);
#7193=AXIS2_PLACEMENT_3D('',#11398,#8484,#8485);
#7194=AXIS2_PLACEMENT_3D('',#11400,#8486,#8487);
#7195=AXIS2_PLACEMENT_3D('',#11402,#8488,#8489);
#7196=AXIS2_PLACEMENT_3D('',#11404,#8490,#8491);
#7197=AXIS2_PLACEMENT_3D('',#11406,#8492,#8493);
#7198=AXIS2_PLACEMENT_3D('',#11408,#8494,#8495);
#7199=AXIS2_PLACEMENT_3D('',#11410,#8496,#8497);
#7200=AXIS2_PLACEMENT_3D('',#11412,#8498,#8499);
#7201=AXIS2_PLACEMENT_3D('',#11414,#8500,#8501);
#7202=AXIS2_PLACEMENT_3D('',#11416,#8502,#8503);
#7203=AXIS2_PLACEMENT_3D('',#11418,#8504,#8505);
#7204=AXIS2_PLACEMENT_3D('',#11420,#8506,#8507);
#7205=AXIS2_PLACEMENT_3D('',#11422,#8508,#8509);
#7206=AXIS2_PLACEMENT_3D('',#11424,#8510,#8511);
#7207=AXIS2_PLACEMENT_3D('',#11426,#8512,#8513);
#7208=AXIS2_PLACEMENT_3D('',#11428,#8514,#8515);
#7209=AXIS2_PLACEMENT_3D('',#11430,#8516,#8517);
#7210=AXIS2_PLACEMENT_3D('',#11432,#8518,#8519);
#7211=AXIS2_PLACEMENT_3D('',#11434,#8520,#8521);
#7212=AXIS2_PLACEMENT_3D('',#11436,#8522,#8523);
#7213=AXIS2_PLACEMENT_3D('',#11438,#8524,#8525);
#7214=AXIS2_PLACEMENT_3D('',#11440,#8526,#8527);
#7215=AXIS2_PLACEMENT_3D('',#11442,#8528,#8529);
#7216=AXIS2_PLACEMENT_3D('',#11444,#8530,#8531);
#7217=AXIS2_PLACEMENT_3D('',#11446,#8532,#8533);
#7218=AXIS2_PLACEMENT_3D('',#11448,#8534,#8535);
#7219=AXIS2_PLACEMENT_3D('',#11450,#8536,#8537);
#7220=AXIS2_PLACEMENT_3D('',#11452,#8538,#8539);
#7221=AXIS2_PLACEMENT_3D('',#11454,#8540,#8541);
#7222=AXIS2_PLACEMENT_3D('',#11456,#8542,#8543);
#7223=AXIS2_PLACEMENT_3D('',#11458,#8544,#8545);
#7224=AXIS2_PLACEMENT_3D('',#11460,#8546,#8547);
#7225=AXIS2_PLACEMENT_3D('',#11462,#8548,#8549);
#7226=AXIS2_PLACEMENT_3D('',#11464,#8550,#8551);
#7227=AXIS2_PLACEMENT_3D('',#11465,#8552,#8553);
#7228=AXIS2_PLACEMENT_3D('',#11467,#8555,#8556);
#7229=AXIS2_PLACEMENT_3D('',#11470,#8559,#8560);
#7230=AXIS2_PLACEMENT_3D('',#11471,#8561,#8562);
#7231=AXIS2_PLACEMENT_3D('',#11472,#8563,#8564);
#7232=AXIS2_PLACEMENT_3D('',#11474,#8566,#8567);
#7233=AXIS2_PLACEMENT_3D('',#11476,#8569,#8570);
#7234=AXIS2_PLACEMENT_3D('',#11478,#8572,#8573);
#7235=AXIS2_PLACEMENT_3D('',#11481,#8576,#8577);
#7236=AXIS2_PLACEMENT_3D('',#11483,#8579,#8580);
#7237=AXIS2_PLACEMENT_3D('',#11485,#8582,#8583);
#7238=AXIS2_PLACEMENT_3D('',#11488,#8586,#8587);
#7239=AXIS2_PLACEMENT_3D('',#11489,#8588,#8589);
#7240=AXIS2_PLACEMENT_3D('',#11492,#8592,#8593);
#7241=AXIS2_PLACEMENT_3D('',#11493,#8594,#8595);
#7242=AXIS2_PLACEMENT_3D('',#11495,#8597,#8598);
#7243=AXIS2_PLACEMENT_3D('',#11497,#8600,#8601);
#7244=AXIS2_PLACEMENT_3D('',#11499,#8603,#8604);
#7245=AXIS2_PLACEMENT_3D('',#11501,#8606,#8607);
#7246=AXIS2_PLACEMENT_3D('',#11503,#8609,#8610);
#7247=AXIS2_PLACEMENT_3D('',#11505,#8612,#8613);
#7248=AXIS2_PLACEMENT_3D('',#11507,#8615,#8616);
#7249=AXIS2_PLACEMENT_3D('',#11509,#8618,#8619);
#7250=AXIS2_PLACEMENT_3D('',#11511,#8621,#8622);
#7251=AXIS2_PLACEMENT_3D('',#11513,#8624,#8625);
#7252=AXIS2_PLACEMENT_3D('',#11515,#8627,#8628);
#7253=AXIS2_PLACEMENT_3D('',#11517,#8630,#8631);
#7254=AXIS2_PLACEMENT_3D('',#11519,#8633,#8634);
#7255=AXIS2_PLACEMENT_3D('',#11521,#8636,#8637);
#7256=AXIS2_PLACEMENT_3D('',#11523,#8639,#8640);
#7257=AXIS2_PLACEMENT_3D('',#11525,#8642,#8643);
#7258=AXIS2_PLACEMENT_3D('',#11527,#8645,#8646);
#7259=AXIS2_PLACEMENT_3D('',#11529,#8648,#8649);
#7260=AXIS2_PLACEMENT_3D('',#11531,#8651,#8652);
#7261=AXIS2_PLACEMENT_3D('',#11533,#8654,#8655);
#7262=AXIS2_PLACEMENT_3D('',#11535,#8657,#8658);
#7263=AXIS2_PLACEMENT_3D('',#11537,#8660,#8661);
#7264=AXIS2_PLACEMENT_3D('',#11539,#8663,#8664);
#7265=AXIS2_PLACEMENT_3D('',#11541,#8666,#8667);
#7266=AXIS2_PLACEMENT_3D('',#11543,#8669,#8670);
#7267=AXIS2_PLACEMENT_3D('',#11545,#8672,#8673);
#7268=AXIS2_PLACEMENT_3D('',#11547,#8675,#8676);
#7269=AXIS2_PLACEMENT_3D('',#11549,#8678,#8679);
#7270=AXIS2_PLACEMENT_3D('',#11551,#8681,#8682);
#7271=AXIS2_PLACEMENT_3D('',#11553,#8684,#8685);
#7272=AXIS2_PLACEMENT_3D('',#11555,#8687,#8688);
#7273=AXIS2_PLACEMENT_3D('',#11557,#8690,#8691);
#7274=AXIS2_PLACEMENT_3D('',#11559,#8693,#8694);
#7275=AXIS2_PLACEMENT_3D('',#11561,#8696,#8697);
#7276=AXIS2_PLACEMENT_3D('',#11563,#8699,#8700);
#7277=AXIS2_PLACEMENT_3D('',#11565,#8702,#8703);
#7278=AXIS2_PLACEMENT_3D('',#11567,#8705,#8706);
#7279=AXIS2_PLACEMENT_3D('',#11569,#8708,#8709);
#7280=AXIS2_PLACEMENT_3D('',#11571,#8711,#8712);
#7281=AXIS2_PLACEMENT_3D('',#11573,#8714,#8715);
#7282=AXIS2_PLACEMENT_3D('',#11575,#8717,#8718);
#7283=AXIS2_PLACEMENT_3D('',#11577,#8720,#8721);
#7284=AXIS2_PLACEMENT_3D('',#11579,#8723,#8724);
#7285=AXIS2_PLACEMENT_3D('',#11581,#8726,#8727);
#7286=AXIS2_PLACEMENT_3D('',#11583,#8729,#8730);
#7287=AXIS2_PLACEMENT_3D('',#11585,#8732,#8733);
#7288=AXIS2_PLACEMENT_3D('',#11587,#8735,#8736);
#7289=AXIS2_PLACEMENT_3D('',#11589,#8738,#8739);
#7290=AXIS2_PLACEMENT_3D('',#11591,#8741,#8742);
#7291=AXIS2_PLACEMENT_3D('',#11593,#8744,#8745);
#7292=AXIS2_PLACEMENT_3D('',#11595,#8747,#8748);
#7293=AXIS2_PLACEMENT_3D('',#11597,#8750,#8751);
#7294=AXIS2_PLACEMENT_3D('',#11599,#8753,#8754);
#7295=AXIS2_PLACEMENT_3D('',#11601,#8756,#8757);
#7296=AXIS2_PLACEMENT_3D('',#11603,#8759,#8760);
#7297=AXIS2_PLACEMENT_3D('',#11605,#8762,#8763);
#7298=AXIS2_PLACEMENT_3D('',#11607,#8765,#8766);
#7299=AXIS2_PLACEMENT_3D('',#11609,#8768,#8769);
#7300=AXIS2_PLACEMENT_3D('',#11611,#8771,#8772);
#7301=AXIS2_PLACEMENT_3D('',#11613,#8774,#8775);
#7302=AXIS2_PLACEMENT_3D('',#11615,#8777,#8778);
#7303=AXIS2_PLACEMENT_3D('',#11617,#8780,#8781);
#7304=AXIS2_PLACEMENT_3D('',#11619,#8783,#8784);
#7305=AXIS2_PLACEMENT_3D('',#11621,#8786,#8787);
#7306=AXIS2_PLACEMENT_3D('',#11623,#8789,#8790);
#7307=AXIS2_PLACEMENT_3D('',#11625,#8792,#8793);
#7308=AXIS2_PLACEMENT_3D('',#11627,#8795,#8796);
#7309=AXIS2_PLACEMENT_3D('',#11629,#8798,#8799);
#7310=AXIS2_PLACEMENT_3D('',#11631,#8801,#8802);
#7311=AXIS2_PLACEMENT_3D('',#11633,#8804,#8805);
#7312=AXIS2_PLACEMENT_3D('',#11635,#8807,#8808);
#7313=AXIS2_PLACEMENT_3D('',#11637,#8810,#8811);
#7314=AXIS2_PLACEMENT_3D('',#11639,#8813,#8814);
#7315=AXIS2_PLACEMENT_3D('',#11641,#8816,#8817);
#7316=AXIS2_PLACEMENT_3D('',#11643,#8819,#8820);
#7317=AXIS2_PLACEMENT_3D('',#11645,#8822,#8823);
#7318=AXIS2_PLACEMENT_3D('',#11647,#8825,#8826);
#7319=AXIS2_PLACEMENT_3D('',#11649,#8828,#8829);
#7320=AXIS2_PLACEMENT_3D('',#11651,#8831,#8832);
#7321=AXIS2_PLACEMENT_3D('',#11653,#8834,#8835);
#7322=AXIS2_PLACEMENT_3D('',#11655,#8837,#8838);
#7323=AXIS2_PLACEMENT_3D('',#11657,#8840,#8841);
#7324=AXIS2_PLACEMENT_3D('',#11659,#8843,#8844);
#7325=AXIS2_PLACEMENT_3D('',#11661,#8846,#8847);
#7326=AXIS2_PLACEMENT_3D('',#11663,#8849,#8850);
#7327=AXIS2_PLACEMENT_3D('',#11665,#8852,#8853);
#7328=AXIS2_PLACEMENT_3D('',#11667,#8855,#8856);
#7329=AXIS2_PLACEMENT_3D('',#11669,#8858,#8859);
#7330=AXIS2_PLACEMENT_3D('',#11671,#8861,#8862);
#7331=AXIS2_PLACEMENT_3D('',#11673,#8864,#8865);
#7332=AXIS2_PLACEMENT_3D('',#11675,#8867,#8868);
#7333=AXIS2_PLACEMENT_3D('',#11677,#8870,#8871);
#7334=AXIS2_PLACEMENT_3D('',#11679,#8873,#8874);
#7335=AXIS2_PLACEMENT_3D('',#11681,#8876,#8877);
#7336=AXIS2_PLACEMENT_3D('',#11683,#8879,#8880);
#7337=AXIS2_PLACEMENT_3D('',#11685,#8882,#8883);
#7338=AXIS2_PLACEMENT_3D('',#11687,#8885,#8886);
#7339=AXIS2_PLACEMENT_3D('',#11689,#8888,#8889);
#7340=AXIS2_PLACEMENT_3D('',#11691,#8891,#8892);
#7341=AXIS2_PLACEMENT_3D('',#11693,#8894,#8895);
#7342=AXIS2_PLACEMENT_3D('',#11695,#8897,#8898);
#7343=AXIS2_PLACEMENT_3D('',#11697,#8900,#8901);
#7344=AXIS2_PLACEMENT_3D('',#11699,#8903,#8904);
#7345=AXIS2_PLACEMENT_3D('',#11701,#8906,#8907);
#7346=AXIS2_PLACEMENT_3D('',#11703,#8909,#8910);
#7347=AXIS2_PLACEMENT_3D('',#11705,#8912,#8913);
#7348=AXIS2_PLACEMENT_3D('',#11707,#8915,#8916);
#7349=AXIS2_PLACEMENT_3D('',#11709,#8918,#8919);
#7350=AXIS2_PLACEMENT_3D('',#11711,#8921,#8922);
#7351=AXIS2_PLACEMENT_3D('',#11713,#8924,#8925);
#7352=AXIS2_PLACEMENT_3D('',#11715,#8927,#8928);
#7353=AXIS2_PLACEMENT_3D('',#11717,#8930,#8931);
#7354=AXIS2_PLACEMENT_3D('',#11719,#8933,#8934);
#7355=AXIS2_PLACEMENT_3D('',#11721,#8936,#8937);
#7356=AXIS2_PLACEMENT_3D('',#11723,#8939,#8940);
#7357=AXIS2_PLACEMENT_3D('',#11725,#8942,#8943);
#7358=AXIS2_PLACEMENT_3D('',#11727,#8945,#8946);
#7359=AXIS2_PLACEMENT_3D('',#11729,#8948,#8949);
#7360=AXIS2_PLACEMENT_3D('',#11731,#8951,#8952);
#7361=AXIS2_PLACEMENT_3D('',#11733,#8954,#8955);
#7362=AXIS2_PLACEMENT_3D('',#11735,#8957,#8958);
#7363=AXIS2_PLACEMENT_3D('',#11737,#8960,#8961);
#7364=AXIS2_PLACEMENT_3D('',#11739,#8963,#8964);
#7365=AXIS2_PLACEMENT_3D('',#11741,#8966,#8967);
#7366=AXIS2_PLACEMENT_3D('',#11743,#8969,#8970);
#7367=AXIS2_PLACEMENT_3D('',#11745,#8972,#8973);
#7368=AXIS2_PLACEMENT_3D('',#11747,#8975,#8976);
#7369=AXIS2_PLACEMENT_3D('',#11749,#8978,#8979);
#7370=AXIS2_PLACEMENT_3D('',#11751,#8981,#8982);
#7371=AXIS2_PLACEMENT_3D('',#11753,#8984,#8985);
#7372=AXIS2_PLACEMENT_3D('',#11755,#8987,#8988);
#7373=AXIS2_PLACEMENT_3D('',#11757,#8990,#8991);
#7374=AXIS2_PLACEMENT_3D('',#11759,#8993,#8994);
#7375=AXIS2_PLACEMENT_3D('',#11761,#8996,#8997);
#7376=AXIS2_PLACEMENT_3D('',#11763,#8999,#9000);
#7377=AXIS2_PLACEMENT_3D('',#11765,#9002,#9003);
#7378=AXIS2_PLACEMENT_3D('',#11767,#9005,#9006);
#7379=AXIS2_PLACEMENT_3D('',#11769,#9008,#9009);
#7380=AXIS2_PLACEMENT_3D('',#11771,#9011,#9012);
#7381=AXIS2_PLACEMENT_3D('',#11773,#9014,#9015);
#7382=AXIS2_PLACEMENT_3D('',#11775,#9017,#9018);
#7383=AXIS2_PLACEMENT_3D('',#11777,#9020,#9021);
#7384=AXIS2_PLACEMENT_3D('',#11779,#9023,#9024);
#7385=AXIS2_PLACEMENT_3D('',#11781,#9026,#9027);
#7386=AXIS2_PLACEMENT_3D('',#11783,#9029,#9030);
#7387=AXIS2_PLACEMENT_3D('',#11785,#9032,#9033);
#7388=AXIS2_PLACEMENT_3D('',#11787,#9035,#9036);
#7389=AXIS2_PLACEMENT_3D('',#11789,#9038,#9039);
#7390=AXIS2_PLACEMENT_3D('',#11791,#9041,#9042);
#7391=AXIS2_PLACEMENT_3D('',#11793,#9044,#9045);
#7392=AXIS2_PLACEMENT_3D('',#11795,#9047,#9048);
#7393=AXIS2_PLACEMENT_3D('',#11797,#9050,#9051);
#7394=AXIS2_PLACEMENT_3D('',#11799,#9053,#9054);
#7395=AXIS2_PLACEMENT_3D('',#11801,#9056,#9057);
#7396=AXIS2_PLACEMENT_3D('',#11803,#9059,#9060);
#7397=AXIS2_PLACEMENT_3D('',#11805,#9062,#9063);
#7398=AXIS2_PLACEMENT_3D('',#11807,#9065,#9066);
#7399=AXIS2_PLACEMENT_3D('',#11809,#9068,#9069);
#7400=AXIS2_PLACEMENT_3D('',#11811,#9071,#9072);
#7401=AXIS2_PLACEMENT_3D('',#11813,#9074,#9075);
#7402=AXIS2_PLACEMENT_3D('',#11815,#9077,#9078);
#7403=AXIS2_PLACEMENT_3D('',#11817,#9080,#9081);
#7404=AXIS2_PLACEMENT_3D('',#11819,#9083,#9084);
#7405=AXIS2_PLACEMENT_3D('',#11821,#9086,#9087);
#7406=AXIS2_PLACEMENT_3D('',#11823,#9089,#9090);
#7407=AXIS2_PLACEMENT_3D('',#11825,#9092,#9093);
#7408=AXIS2_PLACEMENT_3D('',#11827,#9095,#9096);
#7409=AXIS2_PLACEMENT_3D('',#11829,#9098,#9099);
#7410=AXIS2_PLACEMENT_3D('',#11831,#9101,#9102);
#7411=AXIS2_PLACEMENT_3D('',#11833,#9104,#9105);
#7412=AXIS2_PLACEMENT_3D('',#11835,#9107,#9108);
#7413=AXIS2_PLACEMENT_3D('',#11837,#9110,#9111);
#7414=AXIS2_PLACEMENT_3D('',#11839,#9113,#9114);
#7415=AXIS2_PLACEMENT_3D('',#11841,#9116,#9117);
#7416=AXIS2_PLACEMENT_3D('',#11843,#9119,#9120);
#7417=AXIS2_PLACEMENT_3D('',#11845,#9122,#9123);
#7418=AXIS2_PLACEMENT_3D('',#11847,#9125,#9126);
#7419=AXIS2_PLACEMENT_3D('',#11849,#9128,#9129);
#7420=AXIS2_PLACEMENT_3D('',#11851,#9131,#9132);
#7421=AXIS2_PLACEMENT_3D('',#11853,#9134,#9135);
#7422=AXIS2_PLACEMENT_3D('',#11855,#9137,#9138);
#7423=AXIS2_PLACEMENT_3D('',#11857,#9140,#9141);
#7424=AXIS2_PLACEMENT_3D('',#11859,#9143,#9144);
#7425=AXIS2_PLACEMENT_3D('',#11861,#9146,#9147);
#7426=AXIS2_PLACEMENT_3D('',#11863,#9149,#9150);
#7427=AXIS2_PLACEMENT_3D('',#11865,#9152,#9153);
#7428=AXIS2_PLACEMENT_3D('',#11867,#9155,#9156);
#7429=AXIS2_PLACEMENT_3D('',#11869,#9158,#9159);
#7430=AXIS2_PLACEMENT_3D('',#11871,#9161,#9162);
#7431=AXIS2_PLACEMENT_3D('',#11873,#9164,#9165);
#7432=AXIS2_PLACEMENT_3D('',#11875,#9167,#9168);
#7433=AXIS2_PLACEMENT_3D('',#11877,#9170,#9171);
#7434=AXIS2_PLACEMENT_3D('',#11879,#9173,#9174);
#7435=AXIS2_PLACEMENT_3D('',#11881,#9176,#9177);
#7436=AXIS2_PLACEMENT_3D('',#11883,#9179,#9180);
#7437=AXIS2_PLACEMENT_3D('',#11885,#9182,#9183);
#7438=AXIS2_PLACEMENT_3D('',#11887,#9185,#9186);
#7439=AXIS2_PLACEMENT_3D('',#11889,#9188,#9189);
#7440=AXIS2_PLACEMENT_3D('',#11891,#9191,#9192);
#7441=AXIS2_PLACEMENT_3D('',#11893,#9194,#9195);
#7442=AXIS2_PLACEMENT_3D('',#11895,#9197,#9198);
#7443=AXIS2_PLACEMENT_3D('',#11897,#9200,#9201);
#7444=AXIS2_PLACEMENT_3D('',#11899,#9203,#9204);
#7445=AXIS2_PLACEMENT_3D('',#11901,#9206,#9207);
#7446=AXIS2_PLACEMENT_3D('',#11903,#9209,#9210);
#7447=AXIS2_PLACEMENT_3D('',#11905,#9212,#9213);
#7448=AXIS2_PLACEMENT_3D('',#11907,#9215,#9216);
#7449=AXIS2_PLACEMENT_3D('',#11909,#9218,#9219);
#7450=AXIS2_PLACEMENT_3D('',#11910,#9220,#9221);
#7451=DIRECTION('axis',(0.,0.,1.));
#7452=DIRECTION('refdir',(1.,0.,0.));
#7453=DIRECTION('',(0.,0.,-1.));
#7454=DIRECTION('',(0.,0.,-1.));
#7455=DIRECTION('',(0.,0.,-1.));
#7456=DIRECTION('',(0.,0.,-1.));
#7457=DIRECTION('',(0.,0.,-1.));
#7458=DIRECTION('',(0.,0.,-1.));
#7459=DIRECTION('',(0.,0.,-1.));
#7460=DIRECTION('',(0.,0.,-1.));
#7461=DIRECTION('center_axis',(0.0725356733670628,-0.99736581858874,0.));
#7462=DIRECTION('ref_axis',(-0.99736581858874,-0.0725356733670628,0.));
#7463=DIRECTION('',(-0.99736581858874,-0.0725356733670628,0.));
#7464=DIRECTION('',(0.,0.,-1.));
#7465=DIRECTION('',(-0.99736581858874,-0.0725356733670628,0.));
#7466=DIRECTION('',(0.,0.,-1.));
#7467=DIRECTION('',(0.,0.,-1.));
#7468=DIRECTION('',(0.,0.,-1.));
#7469=DIRECTION('',(0.,0.,-1.));
#7470=DIRECTION('',(0.,0.,-1.));
#7471=DIRECTION('',(0.,0.,-1.));
#7472=DIRECTION('center_axis',(0.127369272448488,0.991855366692111,0.));
#7473=DIRECTION('ref_axis',(0.991855366692111,-0.127369272448488,0.));
#7474=DIRECTION('',(0.991855366692111,-0.127369272448488,0.));
#7475=DIRECTION('',(0.,0.,-1.));
#7476=DIRECTION('',(0.991855366692111,-0.127369272448488,0.));
#7477=DIRECTION('',(0.,0.,-1.));
#7478=DIRECTION('center_axis',(0.,0.,1.));
#7479=DIRECTION('ref_axis',(-1.,0.,0.));
#7480=DIRECTION('',(1.,0.,0.));
#7481=DIRECTION('',(-0.406515573654538,-0.913643852043192,0.));
#7482=DIRECTION('',(0.165498910713436,0.986209972851961,0.));
#7483=DIRECTION('',(-1.,0.,0.));
#7484=DIRECTION('',(-0.164750523789375,-0.986335270033028,0.));
#7485=DIRECTION('',(1.,0.,0.));
#7486=DIRECTION('',(0.408710890445942,0.912663907487792,0.));
#7487=DIRECTION('',(0.120367424624314,-0.992729410811078,0.));
#7488=DIRECTION('',(-0.164399143454518,-0.986393897807271,0.));
#7489=DIRECTION('',(1.,0.,0.));
#7490=DIRECTION('',(0.165124641931099,0.986272707027385,0.));
#7491=DIRECTION('',(-0.164003247038607,-0.986459798958272,0.));
#7492=DIRECTION('',(1.,0.,0.));
#7493=DIRECTION('',(0.165541199226818,0.986202875355039,0.));
#7494=DIRECTION('',(1.,0.,0.));
#7495=DIRECTION('',(0.164420960172364,0.98639026143611,0.));
#7496=DIRECTION('',(-1.,0.,0.));
#7497=DIRECTION('',(-0.164687990902312,-0.986345713050227,0.));
#7498=DIRECTION('',(-0.117219997620914,0.993105972269704,0.));
#7499=DIRECTION('',(1.,0.,0.));
#7500=DIRECTION('',(0.164750523789375,0.986335270033028,0.));
#7501=DIRECTION('',(-1.,0.,0.));
#7502=DIRECTION('',(-0.164763786396464,-0.98633305464853,0.));
#7503=DIRECTION('',(-1.,0.,0.));
#7504=DIRECTION('',(1.,0.,0.));
#7505=DIRECTION('',(-0.164828643538903,-0.986322218278147,0.));
#7506=DIRECTION('',(-1.,0.,0.));
#7507=DIRECTION('',(1.,0.,0.));
#7508=DIRECTION('center_axis',(0.,1.,0.));
#7509=DIRECTION('ref_axis',(1.,0.,0.));
#7510=DIRECTION('',(0.,0.,-1.));
#7511=DIRECTION('',(0.,0.,-1.));
#7512=DIRECTION('',(1.,0.,0.));
#7513=DIRECTION('center_axis',(0.,-1.,0.));
#7514=DIRECTION('ref_axis',(-1.,0.,0.));
#7515=DIRECTION('',(-1.,0.,0.));
#7516=DIRECTION('',(0.,0.,-1.));
#7517=DIRECTION('',(0.,0.,-1.));
#7518=DIRECTION('',(0.,0.,-1.));
#7519=DIRECTION('',(0.,0.,-1.));
#7520=DIRECTION('',(0.,0.,-1.));
#7521=DIRECTION('',(0.,0.,-1.));
#7522=DIRECTION('center_axis',(0.,1.,0.));
#7523=DIRECTION('ref_axis',(1.,0.,0.));
#7524=DIRECTION('',(1.,0.,0.));
#7525=DIRECTION('',(0.,0.,-1.));
#7526=DIRECTION('center_axis',(0.986322218278147,-0.164828643538903,0.));
#7527=DIRECTION('ref_axis',(-0.164828643538903,-0.986322218278147,0.));
#7528=DIRECTION('',(-0.164828643538903,-0.986322218278147,0.));
#7529=DIRECTION('center_axis',(0.,-1.,0.));
#7530=DIRECTION('ref_axis',(-1.,0.,0.));
#7531=DIRECTION('',(-1.,0.,0.));
#7532=DIRECTION('',(0.,0.,-1.));
#7533=DIRECTION('',(0.,0.,-1.));
#7534=DIRECTION('',(0.,0.,-1.));
#7535=DIRECTION('',(0.,0.,-1.));
#7536=DIRECTION('center_axis',(0.,1.,0.));
#7537=DIRECTION('ref_axis',(1.,0.,0.));
#7538=DIRECTION('',(1.,0.,0.));
#7539=DIRECTION('',(0.,0.,-1.));
#7540=DIRECTION('center_axis',(0.98633305464853,-0.164763786396464,0.));
#7541=DIRECTION('ref_axis',(-0.164763786396464,-0.98633305464853,0.));
#7542=DIRECTION('',(-0.164763786396464,-0.98633305464853,0.));
#7543=DIRECTION('',(0.,0.,-1.));
#7544=DIRECTION('',(0.,0.,-1.));
#7545=DIRECTION('',(0.,0.,-1.));
#7546=DIRECTION('',(0.,0.,-1.));
#7547=DIRECTION('',(0.,0.,-1.));
#7548=DIRECTION('',(0.,0.,-1.));
#7549=DIRECTION('center_axis',(0.,1.,0.));
#7550=DIRECTION('ref_axis',(1.,0.,0.));
#7551=DIRECTION('',(0.,0.,-1.));
#7552=DIRECTION('',(1.,0.,0.));
#7553=DIRECTION('',(0.,0.,-1.));
#7554=DIRECTION('center_axis',(-0.986335270033028,0.164750523789375,0.));
#7555=DIRECTION('ref_axis',(0.164750523789375,0.986335270033028,0.));
#7556=DIRECTION('',(0.164750523789375,0.986335270033028,0.));
#7557=DIRECTION('',(0.,0.,-1.));
#7558=DIRECTION('center_axis',(0.,-1.,0.));
#7559=DIRECTION('ref_axis',(-1.,0.,0.));
#7560=DIRECTION('',(-1.,0.,0.));
#7561=DIRECTION('center_axis',(0.,1.,0.));
#7562=DIRECTION('ref_axis',(1.,0.,0.));
#7563=DIRECTION('',(1.,0.,0.));
#7564=DIRECTION('',(0.,0.,-1.));
#7565=DIRECTION('center_axis',(-0.912663907487792,0.408710890445942,0.));
#7566=DIRECTION('ref_axis',(0.408710890445942,0.912663907487792,0.));
#7567=DIRECTION('',(0.408710890445942,0.912663907487792,0.));
#7568=DIRECTION('',(0.,0.,-1.));
#7569=DIRECTION('',(0.,0.,-1.));
#7570=DIRECTION('',(0.,0.,-1.));
#7571=DIRECTION('',(0.,0.,-1.));
#7572=DIRECTION('center_axis',(0.992729410811078,0.120367424624314,0.));
#7573=DIRECTION('ref_axis',(0.120367424624314,-0.992729410811078,0.));
#7574=DIRECTION('',(0.120367424624314,-0.992729410811078,0.));
#7575=DIRECTION('center_axis',(-0.98639026143611,0.164420960172364,0.));
#7576=DIRECTION('ref_axis',(0.164420960172364,0.98639026143611,0.));
#7577=DIRECTION('',(0.164420960172364,0.98639026143611,0.));
#7578=DIRECTION('',(0.,0.,-1.));
#7579=DIRECTION('center_axis',(0.,-1.,0.));
#7580=DIRECTION('ref_axis',(-1.,0.,0.));
#7581=DIRECTION('',(-1.,0.,0.));
#7582=DIRECTION('',(0.,0.,-1.));
#7583=DIRECTION('center_axis',(0.986345713050227,-0.164687990902312,0.));
#7584=DIRECTION('ref_axis',(-0.164687990902312,-0.986345713050227,0.));
#7585=DIRECTION('',(-0.164687990902312,-0.986345713050227,0.));
#7586=DIRECTION('',(0.,0.,-1.));
#7587=DIRECTION('',(0.,0.,-1.));
#7588=DIRECTION('',(0.,0.,-1.));
#7589=DIRECTION('',(0.,0.,-1.));
#7590=DIRECTION('center_axis',(-0.993105972269703,-0.117219997620914,0.));
#7591=DIRECTION('ref_axis',(-0.117219997620914,0.993105972269704,0.));
#7592=DIRECTION('',(-0.117219997620914,0.993105972269703,0.));
#7593=DIRECTION('center_axis',(0.913643852043192,-0.406515573654538,0.));
#7594=DIRECTION('ref_axis',(-0.406515573654538,-0.913643852043192,0.));
#7595=DIRECTION('',(-0.406515573654538,-0.913643852043192,0.));
#7596=DIRECTION('',(0.,0.,-1.));
#7597=DIRECTION('',(0.,0.,-1.));
#7598=DIRECTION('',(0.,0.,-1.));
#7599=DIRECTION('',(0.,0.,-1.));
#7600=DIRECTION('',(0.,0.,-1.));
#7601=DIRECTION('center_axis',(-0.986209972851961,0.165498910713436,0.));
#7602=DIRECTION('ref_axis',(0.165498910713436,0.986209972851961,0.));
#7603=DIRECTION('',(0.165498910713436,0.986209972851961,0.));
#7604=DIRECTION('',(0.,0.,-1.));
#7605=DIRECTION('center_axis',(0.,-1.,0.));
#7606=DIRECTION('ref_axis',(-1.,0.,0.));
#7607=DIRECTION('',(-1.,0.,0.));
#7608=DIRECTION('',(0.,0.,-1.));
#7609=DIRECTION('center_axis',(0.986335270033028,-0.164750523789375,0.));
#7610=DIRECTION('ref_axis',(-0.164750523789375,-0.986335270033028,0.));
#7611=DIRECTION('',(-0.164750523789375,-0.986335270033028,0.));
#7612=DIRECTION('',(0.,0.,-1.));
#7613=DIRECTION('center_axis',(0.,1.,0.));
#7614=DIRECTION('ref_axis',(1.,0.,0.));
#7615=DIRECTION('',(1.,0.,0.));
#7616=DIRECTION('',(0.,0.,-1.));
#7617=DIRECTION('center_axis',(-0.986272707027385,0.165124641931099,0.));
#7618=DIRECTION('ref_axis',(0.165124641931099,0.986272707027385,0.));
#7619=DIRECTION('',(0.165124641931099,0.986272707027385,0.));
#7620=DIRECTION('',(0.,0.,-1.));
#7621=DIRECTION('',(0.,0.,-1.));
#7622=DIRECTION('',(0.,0.,-1.));
#7623=DIRECTION('',(0.,0.,-1.));
#7624=DIRECTION('',(0.,0.,-1.));
#7625=DIRECTION('',(0.,0.,-1.));
#7626=DIRECTION('',(0.,0.,-1.));
#7627=DIRECTION('center_axis',(0.986459798958272,-0.164003247038607,0.));
#7628=DIRECTION('ref_axis',(-0.164003247038607,-0.986459798958272,0.));
#7629=DIRECTION('',(-0.164003247038607,-0.986459798958272,0.));
#7630=DIRECTION('',(0.,0.,-1.));
#7631=DIRECTION('center_axis',(0.,1.,0.));
#7632=DIRECTION('ref_axis',(1.,0.,0.));
#7633=DIRECTION('',(1.,0.,0.));
#7634=DIRECTION('',(0.,0.,-1.));
#7635=DIRECTION('center_axis',(-0.986202875355039,0.165541199226818,0.));
#7636=DIRECTION('ref_axis',(0.165541199226818,0.986202875355039,0.));
#7637=DIRECTION('',(0.165541199226818,0.986202875355039,0.));
#7638=DIRECTION('',(0.,0.,-1.));
#7639=DIRECTION('',(0.,0.,-1.));
#7640=DIRECTION('',(0.,0.,-1.));
#7641=DIRECTION('',(0.,0.,-1.));
#7642=DIRECTION('',(0.,0.,-1.));
#7643=DIRECTION('center_axis',(0.986393897807271,-0.164399143454518,0.));
#7644=DIRECTION('ref_axis',(-0.164399143454518,-0.986393897807271,0.));
#7645=DIRECTION('',(-0.164399143454518,-0.986393897807271,0.));
#7646=DIRECTION('',(0.,0.,-1.));
#7647=DIRECTION('center_axis',(0.,1.,0.));
#7648=DIRECTION('ref_axis',(1.,0.,0.));
#7649=DIRECTION('',(1.,0.,0.));
#7650=DIRECTION('center_axis',(0.,0.,-1.));
#7651=DIRECTION('ref_axis',(-1.,4.44089209850062E-16,0.));
#7652=DIRECTION('',(-4.44089209850062E-16,-1.,0.));
#7653=DIRECTION('center_axis',(0.,0.,1.));
#7654=DIRECTION('ref_axis',(1.,-4.44089209850063E-16,0.));
#7655=DIRECTION('',(4.44089209850062E-16,1.,0.));
#7656=DIRECTION('center_axis',(0.,0.,1.));
#7657=DIRECTION('ref_axis',(-0.340425263753024,-0.94027157768311,0.));
#7658=DIRECTION('',(-1.,4.44089209850062E-16,0.));
#7659=DIRECTION('center_axis',(0.,0.,1.));
#7660=DIRECTION('ref_axis',(0.707106781186551,-0.707106781186544,0.));
#7661=DIRECTION('',(-4.44089209850062E-16,-1.,0.));
#7662=DIRECTION('center_axis',(0.,0.,1.));
#7663=DIRECTION('ref_axis',(0.707106781186548,0.707106781186547,0.));
#7664=DIRECTION('',(1.,-4.44089209850062E-16,0.));
#7665=DIRECTION('center_axis',(0.,0.,-1.));
#7666=DIRECTION('ref_axis',(-0.340425263753023,-0.94027157768311,0.));
#7667=DIRECTION('',(0.768221279597376,-0.64018439966448,0.));
#7668=DIRECTION('center_axis',(0.,0.,1.));
#7669=DIRECTION('ref_axis',(0.340425263753018,0.940271577683112,0.));
#7670=DIRECTION('',(1.,-4.44089209850062E-16,0.));
#7671=DIRECTION('center_axis',(0.,0.,1.));
#7672=DIRECTION('ref_axis',(-0.707106781186547,0.707106781186548,0.));
#7673=DIRECTION('',(4.44089209850062E-16,1.,0.));
#7674=DIRECTION('center_axis',(0.,0.,1.));
#7675=DIRECTION('ref_axis',(-0.707106781186552,-0.707106781186544,0.));
#7676=DIRECTION('',(-1.,4.44089209850062E-16,0.));
#7677=DIRECTION('center_axis',(0.,0.,-1.));
#7678=DIRECTION('ref_axis',(0.340425263753015,0.940271577683113,0.));
#7679=DIRECTION('center_axis',(0.,0.,1.));
#7680=DIRECTION('ref_axis',(1.,-4.44089209850063E-16,0.));
#7681=DIRECTION('center_axis',(0.,0.,1.));
#7682=DIRECTION('ref_axis',(1.,-4.44089209850063E-16,0.));
#7683=DIRECTION('center_axis',(0.,0.,1.));
#7684=DIRECTION('ref_axis',(1.,-4.44089209850063E-16,0.));
#7685=DIRECTION('center_axis',(0.,0.,1.));
#7686=DIRECTION('ref_axis',(1.,-4.44089209850063E-16,0.));
#7687=DIRECTION('center_axis',(0.,0.,1.));
#7688=DIRECTION('ref_axis',(1.,-4.44089209850063E-16,0.));
#7689=DIRECTION('center_axis',(0.,0.,1.));
#7690=DIRECTION('ref_axis',(1.,-4.44089209850063E-16,0.));
#7691=DIRECTION('center_axis',(0.,0.,1.));
#7692=DIRECTION('ref_axis',(1.,-4.44089209850063E-16,0.));
#7693=DIRECTION('center_axis',(0.,0.,1.));
#7694=DIRECTION('ref_axis',(1.,-4.44089209850063E-16,0.));
#7695=DIRECTION('center_axis',(0.,0.,1.));
#7696=DIRECTION('ref_axis',(1.,-4.44089209850063E-16,0.));
#7697=DIRECTION('center_axis',(0.,0.,1.));
#7698=DIRECTION('ref_axis',(1.,-4.44089209850063E-16,0.));
#7699=DIRECTION('center_axis',(0.,0.,1.));
#7700=DIRECTION('ref_axis',(1.,-4.44089209850063E-16,0.));
#7701=DIRECTION('center_axis',(0.,0.,1.));
#7702=DIRECTION('ref_axis',(1.,-4.44089209850063E-16,0.));
#7703=DIRECTION('center_axis',(0.,0.,1.));
#7704=DIRECTION('ref_axis',(1.,-4.44089209850063E-16,0.));
#7705=DIRECTION('center_axis',(0.,0.,1.));
#7706=DIRECTION('ref_axis',(1.,-4.44089209850063E-16,0.));
#7707=DIRECTION('center_axis',(0.,0.,1.));
#7708=DIRECTION('ref_axis',(1.,-4.44089209850063E-16,0.));
#7709=DIRECTION('center_axis',(0.,0.,1.));
#7710=DIRECTION('ref_axis',(1.,-4.44089209850063E-16,0.));
#7711=DIRECTION('center_axis',(0.,0.,1.));
#7712=DIRECTION('ref_axis',(1.,-4.44089209850063E-16,0.));
#7713=DIRECTION('center_axis',(0.,0.,1.));
#7714=DIRECTION('ref_axis',(1.,-4.44089209850063E-16,0.));
#7715=DIRECTION('center_axis',(0.,0.,1.));
#7716=DIRECTION('ref_axis',(1.,-4.44089209850063E-16,0.));
#7717=DIRECTION('center_axis',(0.,0.,1.));
#7718=DIRECTION('ref_axis',(1.,-4.44089209850063E-16,0.));
#7719=DIRECTION('center_axis',(0.,0.,1.));
#7720=DIRECTION('ref_axis',(1.,-4.44089209850063E-16,0.));
#7721=DIRECTION('center_axis',(0.,0.,1.));
#7722=DIRECTION('ref_axis',(1.,-4.44089209850063E-16,0.));
#7723=DIRECTION('center_axis',(0.,0.,1.));
#7724=DIRECTION('ref_axis',(1.,-4.44089209850063E-16,0.));
#7725=DIRECTION('center_axis',(0.,0.,1.));
#7726=DIRECTION('ref_axis',(1.,-4.44089209850063E-16,0.));
#7727=DIRECTION('center_axis',(0.,0.,1.));
#7728=DIRECTION('ref_axis',(1.,-4.44089209850063E-16,0.));
#7729=DIRECTION('center_axis',(0.,0.,1.));
#7730=DIRECTION('ref_axis',(1.,-4.44089209850063E-16,0.));
#7731=DIRECTION('center_axis',(0.,0.,1.));
#7732=DIRECTION('ref_axis',(1.,-4.44089209850063E-16,0.));
#7733=DIRECTION('center_axis',(0.,0.,1.));
#7734=DIRECTION('ref_axis',(1.,-4.44089209850063E-16,0.));
#7735=DIRECTION('center_axis',(0.,0.,1.));
#7736=DIRECTION('ref_axis',(1.,-4.44089209850063E-16,0.));
#7737=DIRECTION('center_axis',(0.,0.,1.));
#7738=DIRECTION('ref_axis',(1.,-4.44089209850063E-16,0.));
#7739=DIRECTION('center_axis',(0.,0.,1.));
#7740=DIRECTION('ref_axis',(1.,-4.44089209850063E-16,0.));
#7741=DIRECTION('center_axis',(0.,0.,1.));
#7742=DIRECTION('ref_axis',(1.,-4.44089209850063E-16,0.));
#7743=DIRECTION('center_axis',(0.,0.,1.));
#7744=DIRECTION('ref_axis',(1.,-4.44089209850063E-16,0.));
#7745=DIRECTION('center_axis',(0.,0.,1.));
#7746=DIRECTION('ref_axis',(1.,-4.44089209850063E-16,0.));
#7747=DIRECTION('center_axis',(0.,0.,1.));
#7748=DIRECTION('ref_axis',(1.,-4.44089209850063E-16,0.));
#7749=DIRECTION('center_axis',(0.,0.,1.));
#7750=DIRECTION('ref_axis',(1.,-4.44089209850063E-16,0.));
#7751=DIRECTION('center_axis',(0.,0.,1.));
#7752=DIRECTION('ref_axis',(1.,-4.44089209850063E-16,0.));
#7753=DIRECTION('center_axis',(0.,0.,1.));
#7754=DIRECTION('ref_axis',(1.,-4.44089209850063E-16,0.));
#7755=DIRECTION('center_axis',(0.,0.,1.));
#7756=DIRECTION('ref_axis',(1.,-4.44089209850063E-16,0.));
#7757=DIRECTION('center_axis',(0.,0.,1.));
#7758=DIRECTION('ref_axis',(1.,-4.44089209850063E-16,0.));
#7759=DIRECTION('center_axis',(0.,0.,1.));
#7760=DIRECTION('ref_axis',(1.,-4.44089209850063E-16,0.));
#7761=DIRECTION('center_axis',(0.,0.,1.));
#7762=DIRECTION('ref_axis',(1.,-4.44089209850063E-16,0.));
#7763=DIRECTION('center_axis',(0.,0.,1.));
#7764=DIRECTION('ref_axis',(1.,-4.44089209850063E-16,0.));
#7765=DIRECTION('center_axis',(0.,0.,1.));
#7766=DIRECTION('ref_axis',(1.,-4.44089209850063E-16,0.));
#7767=DIRECTION('center_axis',(0.,0.,1.));
#7768=DIRECTION('ref_axis',(1.,-4.44089209850063E-16,0.));
#7769=DIRECTION('center_axis',(0.,0.,1.));
#7770=DIRECTION('ref_axis',(1.,-4.44089209850063E-16,0.));
#7771=DIRECTION('center_axis',(0.,0.,1.));
#7772=DIRECTION('ref_axis',(1.,-4.44089209850063E-16,0.));
#7773=DIRECTION('center_axis',(0.,0.,1.));
#7774=DIRECTION('ref_axis',(1.,-4.44089209850063E-16,0.));
#7775=DIRECTION('center_axis',(0.,0.,1.));
#7776=DIRECTION('ref_axis',(1.,-4.44089209850063E-16,0.));
#7777=DIRECTION('center_axis',(0.,0.,1.));
#7778=DIRECTION('ref_axis',(1.,-4.44089209850063E-16,0.));
#7779=DIRECTION('center_axis',(0.,0.,1.));
#7780=DIRECTION('ref_axis',(1.,-4.44089209850063E-16,0.));
#7781=DIRECTION('center_axis',(0.,0.,1.));
#7782=DIRECTION('ref_axis',(1.,-4.44089209850063E-16,0.));
#7783=DIRECTION('center_axis',(0.,0.,1.));
#7784=DIRECTION('ref_axis',(1.,-4.44089209850063E-16,0.));
#7785=DIRECTION('center_axis',(0.,0.,1.));
#7786=DIRECTION('ref_axis',(1.,-4.44089209850063E-16,0.));
#7787=DIRECTION('center_axis',(0.,0.,1.));
#7788=DIRECTION('ref_axis',(1.,-4.44089209850063E-16,0.));
#7789=DIRECTION('center_axis',(0.,0.,1.));
#7790=DIRECTION('ref_axis',(1.,-4.44089209850063E-16,0.));
#7791=DIRECTION('center_axis',(0.,0.,1.));
#7792=DIRECTION('ref_axis',(1.,-4.44089209850063E-16,0.));
#7793=DIRECTION('center_axis',(0.,0.,1.));
#7794=DIRECTION('ref_axis',(1.,-4.44089209850063E-16,0.));
#7795=DIRECTION('center_axis',(0.,0.,1.));
#7796=DIRECTION('ref_axis',(1.,-4.44089209850063E-16,0.));
#7797=DIRECTION('center_axis',(0.,0.,1.));
#7798=DIRECTION('ref_axis',(1.,-4.44089209850063E-16,0.));
#7799=DIRECTION('center_axis',(0.,0.,1.));
#7800=DIRECTION('ref_axis',(1.,-4.44089209850063E-16,0.));
#7801=DIRECTION('center_axis',(0.,0.,1.));
#7802=DIRECTION('ref_axis',(1.,-4.44089209850063E-16,0.));
#7803=DIRECTION('center_axis',(0.,0.,1.));
#7804=DIRECTION('ref_axis',(1.,-4.44089209850063E-16,0.));
#7805=DIRECTION('center_axis',(0.,0.,1.));
#7806=DIRECTION('ref_axis',(1.,-4.44089209850063E-16,0.));
#7807=DIRECTION('center_axis',(0.,0.,1.));
#7808=DIRECTION('ref_axis',(1.,-4.44089209850063E-16,0.));
#7809=DIRECTION('center_axis',(0.,0.,1.));
#7810=DIRECTION('ref_axis',(1.,-4.44089209850063E-16,0.));
#7811=DIRECTION('center_axis',(0.,0.,1.));
#7812=DIRECTION('ref_axis',(1.,-4.44089209850063E-16,0.));
#7813=DIRECTION('center_axis',(0.,0.,1.));
#7814=DIRECTION('ref_axis',(1.,-4.44089209850063E-16,0.));
#7815=DIRECTION('center_axis',(0.,0.,1.));
#7816=DIRECTION('ref_axis',(1.,-4.44089209850063E-16,0.));
#7817=DIRECTION('center_axis',(0.,0.,1.));
#7818=DIRECTION('ref_axis',(1.,-4.44089209850063E-16,0.));
#7819=DIRECTION('center_axis',(0.,0.,1.));
#7820=DIRECTION('ref_axis',(1.,-4.44089209850063E-16,0.));
#7821=DIRECTION('center_axis',(0.,0.,1.));
#7822=DIRECTION('ref_axis',(1.,-4.44089209850063E-16,0.));
#7823=DIRECTION('center_axis',(0.,0.,1.));
#7824=DIRECTION('ref_axis',(1.,-4.44089209850063E-16,0.));
#7825=DIRECTION('center_axis',(0.,0.,1.));
#7826=DIRECTION('ref_axis',(1.,-4.44089209850063E-16,0.));
#7827=DIRECTION('center_axis',(0.,0.,1.));
#7828=DIRECTION('ref_axis',(1.,-4.44089209850063E-16,0.));
#7829=DIRECTION('center_axis',(0.,0.,1.));
#7830=DIRECTION('ref_axis',(1.,-4.44089209850063E-16,0.));
#7831=DIRECTION('center_axis',(0.,0.,1.));
#7832=DIRECTION('ref_axis',(1.,-4.44089209850063E-16,0.));
#7833=DIRECTION('center_axis',(0.,0.,1.));
#7834=DIRECTION('ref_axis',(1.,-4.44089209850063E-16,0.));
#7835=DIRECTION('center_axis',(0.,0.,1.));
#7836=DIRECTION('ref_axis',(1.,-4.44089209850063E-16,0.));
#7837=DIRECTION('center_axis',(0.,0.,1.));
#7838=DIRECTION('ref_axis',(1.,-4.44089209850063E-16,0.));
#7839=DIRECTION('center_axis',(0.,0.,1.));
#7840=DIRECTION('ref_axis',(1.,-4.44089209850063E-16,0.));
#7841=DIRECTION('center_axis',(0.,0.,1.));
#7842=DIRECTION('ref_axis',(1.,-4.44089209850063E-16,0.));
#7843=DIRECTION('center_axis',(0.,0.,1.));
#7844=DIRECTION('ref_axis',(1.,-4.44089209850063E-16,0.));
#7845=DIRECTION('center_axis',(0.,0.,1.));
#7846=DIRECTION('ref_axis',(1.,-4.44089209850063E-16,0.));
#7847=DIRECTION('center_axis',(0.,0.,1.));
#7848=DIRECTION('ref_axis',(1.,-4.44089209850063E-16,0.));
#7849=DIRECTION('center_axis',(0.,0.,1.));
#7850=DIRECTION('ref_axis',(1.,-4.44089209850063E-16,0.));
#7851=DIRECTION('center_axis',(0.,0.,1.));
#7852=DIRECTION('ref_axis',(1.,-4.44089209850063E-16,0.));
#7853=DIRECTION('center_axis',(0.,0.,1.));
#7854=DIRECTION('ref_axis',(1.,-4.44089209850063E-16,0.));
#7855=DIRECTION('center_axis',(0.,0.,1.));
#7856=DIRECTION('ref_axis',(1.,-4.44089209850063E-16,0.));
#7857=DIRECTION('center_axis',(0.,0.,1.));
#7858=DIRECTION('ref_axis',(1.,-4.44089209850063E-16,0.));
#7859=DIRECTION('center_axis',(0.,0.,1.));
#7860=DIRECTION('ref_axis',(1.,-4.44089209850063E-16,0.));
#7861=DIRECTION('center_axis',(0.,0.,1.));
#7862=DIRECTION('ref_axis',(1.,-4.44089209850063E-16,0.));
#7863=DIRECTION('center_axis',(0.,0.,1.));
#7864=DIRECTION('ref_axis',(1.,-4.44089209850063E-16,0.));
#7865=DIRECTION('center_axis',(0.,0.,1.));
#7866=DIRECTION('ref_axis',(1.,-4.44089209850063E-16,0.));
#7867=DIRECTION('center_axis',(0.,0.,1.));
#7868=DIRECTION('ref_axis',(1.,-4.44089209850063E-16,0.));
#7869=DIRECTION('center_axis',(0.,0.,1.));
#7870=DIRECTION('ref_axis',(1.,-4.44089209850063E-16,0.));
#7871=DIRECTION('center_axis',(0.,0.,1.));
#7872=DIRECTION('ref_axis',(1.,-4.44089209850063E-16,0.));
#7873=DIRECTION('center_axis',(0.,0.,1.));
#7874=DIRECTION('ref_axis',(1.,-4.44089209850063E-16,0.));
#7875=DIRECTION('center_axis',(0.,0.,1.));
#7876=DIRECTION('ref_axis',(1.,-4.44089209850063E-16,0.));
#7877=DIRECTION('center_axis',(0.,0.,1.));
#7878=DIRECTION('ref_axis',(1.,-4.44089209850063E-16,0.));
#7879=DIRECTION('center_axis',(0.,0.,1.));
#7880=DIRECTION('ref_axis',(1.,-4.44089209850063E-16,0.));
#7881=DIRECTION('center_axis',(0.,0.,1.));
#7882=DIRECTION('ref_axis',(1.,-4.44089209850063E-16,0.));
#7883=DIRECTION('center_axis',(0.,0.,1.));
#7884=DIRECTION('ref_axis',(1.,-4.44089209850063E-16,0.));
#7885=DIRECTION('center_axis',(0.,0.,1.));
#7886=DIRECTION('ref_axis',(1.,-4.44089209850063E-16,0.));
#7887=DIRECTION('center_axis',(0.,0.,1.));
#7888=DIRECTION('ref_axis',(1.,-4.44089209850063E-16,0.));
#7889=DIRECTION('center_axis',(0.,0.,1.));
#7890=DIRECTION('ref_axis',(1.,-4.44089209850063E-16,0.));
#7891=DIRECTION('center_axis',(0.,0.,1.));
#7892=DIRECTION('ref_axis',(1.,-4.44089209850063E-16,0.));
#7893=DIRECTION('center_axis',(0.,0.,1.));
#7894=DIRECTION('ref_axis',(1.,-4.44089209850063E-16,0.));
#7895=DIRECTION('center_axis',(0.,0.,1.));
#7896=DIRECTION('ref_axis',(1.,-4.44089209850063E-16,0.));
#7897=DIRECTION('center_axis',(0.,0.,1.));
#7898=DIRECTION('ref_axis',(1.,-4.44089209850063E-16,0.));
#7899=DIRECTION('center_axis',(0.,0.,1.));
#7900=DIRECTION('ref_axis',(1.,-4.44089209850063E-16,0.));
#7901=DIRECTION('center_axis',(0.,0.,1.));
#7902=DIRECTION('ref_axis',(1.,-4.44089209850063E-16,0.));
#7903=DIRECTION('center_axis',(0.,0.,1.));
#7904=DIRECTION('ref_axis',(1.,-4.44089209850063E-16,0.));
#7905=DIRECTION('center_axis',(0.,0.,1.));
#7906=DIRECTION('ref_axis',(1.,-4.44089209850063E-16,0.));
#7907=DIRECTION('center_axis',(0.,0.,1.));
#7908=DIRECTION('ref_axis',(1.,-4.44089209850063E-16,0.));
#7909=DIRECTION('center_axis',(0.,0.,1.));
#7910=DIRECTION('ref_axis',(1.,-4.44089209850063E-16,0.));
#7911=DIRECTION('center_axis',(0.,0.,1.));
#7912=DIRECTION('ref_axis',(1.,-4.44089209850063E-16,0.));
#7913=DIRECTION('center_axis',(0.,0.,1.));
#7914=DIRECTION('ref_axis',(1.,-4.44089209850063E-16,0.));
#7915=DIRECTION('center_axis',(0.,0.,1.));
#7916=DIRECTION('ref_axis',(1.,-4.44089209850063E-16,0.));
#7917=DIRECTION('center_axis',(0.,0.,1.));
#7918=DIRECTION('ref_axis',(1.,-4.44089209850063E-16,0.));
#7919=DIRECTION('center_axis',(0.,0.,1.));
#7920=DIRECTION('ref_axis',(1.,-4.44089209850063E-16,0.));
#7921=DIRECTION('center_axis',(0.,0.,1.));
#7922=DIRECTION('ref_axis',(1.,-4.44089209850063E-16,0.));
#7923=DIRECTION('center_axis',(0.,0.,1.));
#7924=DIRECTION('ref_axis',(1.,-4.44089209850063E-16,0.));
#7925=DIRECTION('center_axis',(0.,0.,1.));
#7926=DIRECTION('ref_axis',(1.,-4.44089209850063E-16,0.));
#7927=DIRECTION('center_axis',(0.,0.,1.));
#7928=DIRECTION('ref_axis',(1.,-4.44089209850063E-16,0.));
#7929=DIRECTION('center_axis',(0.,0.,1.));
#7930=DIRECTION('ref_axis',(1.,-4.44089209850063E-16,0.));
#7931=DIRECTION('center_axis',(0.,0.,1.));
#7932=DIRECTION('ref_axis',(1.,-4.44089209850063E-16,0.));
#7933=DIRECTION('center_axis',(0.,0.,1.));
#7934=DIRECTION('ref_axis',(1.,-4.44089209850063E-16,0.));
#7935=DIRECTION('center_axis',(0.,0.,1.));
#7936=DIRECTION('ref_axis',(1.,-4.44089209850063E-16,0.));
#7937=DIRECTION('center_axis',(0.,0.,1.));
#7938=DIRECTION('ref_axis',(1.,-4.44089209850063E-16,0.));
#7939=DIRECTION('center_axis',(0.,0.,1.));
#7940=DIRECTION('ref_axis',(1.,-4.44089209850063E-16,0.));
#7941=DIRECTION('center_axis',(0.,0.,1.));
#7942=DIRECTION('ref_axis',(1.,-4.44089209850063E-16,0.));
#7943=DIRECTION('center_axis',(0.,0.,1.));
#7944=DIRECTION('ref_axis',(1.,-4.44089209850063E-16,0.));
#7945=DIRECTION('center_axis',(0.,0.,1.));
#7946=DIRECTION('ref_axis',(1.,-4.44089209850063E-16,0.));
#7947=DIRECTION('center_axis',(0.,0.,1.));
#7948=DIRECTION('ref_axis',(1.,-4.44089209850063E-16,0.));
#7949=DIRECTION('center_axis',(0.,0.,1.));
#7950=DIRECTION('ref_axis',(1.,-4.44089209850063E-16,0.));
#7951=DIRECTION('center_axis',(0.,0.,1.));
#7952=DIRECTION('ref_axis',(1.,-4.44089209850063E-16,0.));
#7953=DIRECTION('center_axis',(0.,0.,1.));
#7954=DIRECTION('ref_axis',(1.,-4.44089209850063E-16,0.));
#7955=DIRECTION('center_axis',(0.,0.,1.));
#7956=DIRECTION('ref_axis',(1.,-4.44089209850063E-16,0.));
#7957=DIRECTION('center_axis',(0.,0.,1.));
#7958=DIRECTION('ref_axis',(1.,-4.44089209850063E-16,0.));
#7959=DIRECTION('center_axis',(0.,0.,1.));
#7960=DIRECTION('ref_axis',(1.,-4.44089209850063E-16,0.));
#7961=DIRECTION('center_axis',(0.,0.,1.));
#7962=DIRECTION('ref_axis',(1.,-4.44089209850063E-16,0.));
#7963=DIRECTION('center_axis',(0.,0.,1.));
#7964=DIRECTION('ref_axis',(1.,-4.44089209850063E-16,0.));
#7965=DIRECTION('center_axis',(0.,0.,1.));
#7966=DIRECTION('ref_axis',(1.,-4.44089209850063E-16,0.));
#7967=DIRECTION('center_axis',(0.,0.,1.));
#7968=DIRECTION('ref_axis',(1.,-4.44089209850063E-16,0.));
#7969=DIRECTION('center_axis',(0.,0.,1.));
#7970=DIRECTION('ref_axis',(1.,-4.44089209850063E-16,0.));
#7971=DIRECTION('center_axis',(0.,0.,1.));
#7972=DIRECTION('ref_axis',(1.,-4.44089209850063E-16,0.));
#7973=DIRECTION('center_axis',(0.,0.,1.));
#7974=DIRECTION('ref_axis',(1.,-4.44089209850063E-16,0.));
#7975=DIRECTION('center_axis',(0.,0.,1.));
#7976=DIRECTION('ref_axis',(1.,-4.44089209850063E-16,0.));
#7977=DIRECTION('center_axis',(0.,0.,1.));
#7978=DIRECTION('ref_axis',(1.,-4.44089209850063E-16,0.));
#7979=DIRECTION('center_axis',(0.,0.,1.));
#7980=DIRECTION('ref_axis',(1.,-4.44089209850063E-16,0.));
#7981=DIRECTION('center_axis',(0.,0.,1.));
#7982=DIRECTION('ref_axis',(1.,-4.44089209850063E-16,0.));
#7983=DIRECTION('center_axis',(0.,0.,1.));
#7984=DIRECTION('ref_axis',(1.,-4.44089209850063E-16,0.));
#7985=DIRECTION('center_axis',(0.,0.,1.));
#7986=DIRECTION('ref_axis',(1.,-4.44089209850063E-16,0.));
#7987=DIRECTION('center_axis',(0.,0.,1.));
#7988=DIRECTION('ref_axis',(1.,-4.44089209850063E-16,0.));
#7989=DIRECTION('center_axis',(0.,0.,1.));
#7990=DIRECTION('ref_axis',(1.,-4.44089209850063E-16,0.));
#7991=DIRECTION('center_axis',(0.,0.,1.));
#7992=DIRECTION('ref_axis',(1.,-4.44089209850063E-16,0.));
#7993=DIRECTION('center_axis',(0.,0.,1.));
#7994=DIRECTION('ref_axis',(1.,-4.44089209850063E-16,0.));
#7995=DIRECTION('center_axis',(0.,0.,1.));
#7996=DIRECTION('ref_axis',(1.,-4.44089209850063E-16,0.));
#7997=DIRECTION('center_axis',(0.,0.,1.));
#7998=DIRECTION('ref_axis',(1.,-4.44089209850063E-16,0.));
#7999=DIRECTION('center_axis',(0.,0.,1.));
#8000=DIRECTION('ref_axis',(1.,-4.44089209850063E-16,0.));
#8001=DIRECTION('center_axis',(0.,0.,1.));
#8002=DIRECTION('ref_axis',(1.,-4.44089209850063E-16,0.));
#8003=DIRECTION('center_axis',(0.,0.,1.));
#8004=DIRECTION('ref_axis',(1.,-4.44089209850063E-16,0.));
#8005=DIRECTION('center_axis',(0.,0.,1.));
#8006=DIRECTION('ref_axis',(1.,-4.44089209850063E-16,0.));
#8007=DIRECTION('center_axis',(0.,0.,1.));
#8008=DIRECTION('ref_axis',(1.,-4.44089209850063E-16,0.));
#8009=DIRECTION('center_axis',(0.,0.,1.));
#8010=DIRECTION('ref_axis',(1.,-4.44089209850063E-16,0.));
#8011=DIRECTION('center_axis',(0.,0.,1.));
#8012=DIRECTION('ref_axis',(1.,-4.44089209850063E-16,0.));
#8013=DIRECTION('center_axis',(0.,0.,1.));
#8014=DIRECTION('ref_axis',(1.,-4.44089209850063E-16,0.));
#8015=DIRECTION('center_axis',(0.,0.,1.));
#8016=DIRECTION('ref_axis',(1.,-4.44089209850063E-16,0.));
#8017=DIRECTION('center_axis',(0.,0.,1.));
#8018=DIRECTION('ref_axis',(1.,-4.44089209850063E-16,0.));
#8019=DIRECTION('center_axis',(0.,0.,1.));
#8020=DIRECTION('ref_axis',(1.,-4.44089209850063E-16,0.));
#8021=DIRECTION('center_axis',(0.,0.,1.));
#8022=DIRECTION('ref_axis',(1.,-4.44089209850063E-16,0.));
#8023=DIRECTION('center_axis',(0.,0.,1.));
#8024=DIRECTION('ref_axis',(1.,-4.44089209850063E-16,0.));
#8025=DIRECTION('center_axis',(0.,0.,1.));
#8026=DIRECTION('ref_axis',(1.,-4.44089209850063E-16,0.));
#8027=DIRECTION('center_axis',(0.,0.,1.));
#8028=DIRECTION('ref_axis',(1.,-4.44089209850063E-16,0.));
#8029=DIRECTION('center_axis',(0.,0.,1.));
#8030=DIRECTION('ref_axis',(1.,-4.44089209850063E-16,0.));
#8031=DIRECTION('center_axis',(0.,0.,1.));
#8032=DIRECTION('ref_axis',(1.,-4.44089209850063E-16,0.));
#8033=DIRECTION('center_axis',(0.,0.,1.));
#8034=DIRECTION('ref_axis',(1.,-4.44089209850063E-16,0.));
#8035=DIRECTION('center_axis',(0.,0.,1.));
#8036=DIRECTION('ref_axis',(1.,-4.44089209850063E-16,0.));
#8037=DIRECTION('center_axis',(0.,0.,1.));
#8038=DIRECTION('ref_axis',(1.,-4.44089209850063E-16,0.));
#8039=DIRECTION('center_axis',(0.,0.,1.));
#8040=DIRECTION('ref_axis',(1.,-4.44089209850063E-16,0.));
#8041=DIRECTION('center_axis',(0.,0.,1.));
#8042=DIRECTION('ref_axis',(1.,-4.44089209850063E-16,0.));
#8043=DIRECTION('center_axis',(0.,0.,1.));
#8044=DIRECTION('ref_axis',(1.,-4.44089209850063E-16,0.));
#8045=DIRECTION('center_axis',(0.,0.,1.));
#8046=DIRECTION('ref_axis',(1.,-4.44089209850063E-16,0.));
#8047=DIRECTION('center_axis',(0.,0.,1.));
#8048=DIRECTION('ref_axis',(1.,-4.44089209850063E-16,0.));
#8049=DIRECTION('center_axis',(0.,0.,1.));
#8050=DIRECTION('ref_axis',(1.,-4.44089209850063E-16,0.));
#8051=DIRECTION('center_axis',(0.,0.,1.));
#8052=DIRECTION('ref_axis',(1.,-4.44089209850063E-16,0.));
#8053=DIRECTION('center_axis',(0.,0.,1.));
#8054=DIRECTION('ref_axis',(1.,-4.44089209850063E-16,0.));
#8055=DIRECTION('center_axis',(0.,0.,1.));
#8056=DIRECTION('ref_axis',(1.,-4.44089209850063E-16,0.));
#8057=DIRECTION('center_axis',(0.,0.,1.));
#8058=DIRECTION('ref_axis',(1.,-4.44089209850063E-16,0.));
#8059=DIRECTION('center_axis',(0.,0.,1.));
#8060=DIRECTION('ref_axis',(1.,-4.44089209850063E-16,0.));
#8061=DIRECTION('center_axis',(0.,0.,1.));
#8062=DIRECTION('ref_axis',(1.,-4.44089209850063E-16,0.));
#8063=DIRECTION('center_axis',(0.,0.,1.));
#8064=DIRECTION('ref_axis',(1.,-4.44089209850063E-16,0.));
#8065=DIRECTION('center_axis',(0.,0.,1.));
#8066=DIRECTION('ref_axis',(1.,-4.44089209850063E-16,0.));
#8067=DIRECTION('center_axis',(0.,0.,1.));
#8068=DIRECTION('ref_axis',(1.,-4.44089209850063E-16,0.));
#8069=DIRECTION('center_axis',(0.,0.,1.));
#8070=DIRECTION('ref_axis',(1.,-4.44089209850063E-16,0.));
#8071=DIRECTION('center_axis',(0.,0.,1.));
#8072=DIRECTION('ref_axis',(1.,-4.44089209850063E-16,0.));
#8073=DIRECTION('center_axis',(0.,0.,1.));
#8074=DIRECTION('ref_axis',(1.,-4.44089209850063E-16,0.));
#8075=DIRECTION('center_axis',(0.,0.,1.));
#8076=DIRECTION('ref_axis',(1.,-4.44089209850063E-16,0.));
#8077=DIRECTION('center_axis',(0.,0.,1.));
#8078=DIRECTION('ref_axis',(1.,-4.44089209850063E-16,0.));
#8079=DIRECTION('center_axis',(0.,0.,1.));
#8080=DIRECTION('ref_axis',(1.,-4.44089209850063E-16,0.));
#8081=DIRECTION('center_axis',(0.,0.,1.));
#8082=DIRECTION('ref_axis',(1.,-4.44089209850063E-16,0.));
#8083=DIRECTION('center_axis',(0.,0.,1.));
#8084=DIRECTION('ref_axis',(1.,-4.44089209850063E-16,0.));
#8085=DIRECTION('center_axis',(0.,0.,1.));
#8086=DIRECTION('ref_axis',(1.,-4.44089209850063E-16,0.));
#8087=DIRECTION('center_axis',(0.,0.,1.));
#8088=DIRECTION('ref_axis',(1.,-4.44089209850063E-16,0.));
#8089=DIRECTION('center_axis',(0.,0.,1.));
#8090=DIRECTION('ref_axis',(1.,-4.44089209850063E-16,0.));
#8091=DIRECTION('center_axis',(0.,0.,1.));
#8092=DIRECTION('ref_axis',(1.,-4.44089209850063E-16,0.));
#8093=DIRECTION('center_axis',(0.,0.,1.));
#8094=DIRECTION('ref_axis',(1.,-4.44089209850063E-16,0.));
#8095=DIRECTION('center_axis',(0.,0.,-1.));
#8096=DIRECTION('ref_axis',(-1.,4.44089209850062E-16,0.));
#8097=DIRECTION('center_axis',(1.,-4.44089209850063E-16,0.));
#8098=DIRECTION('ref_axis',(-4.44089209850062E-16,-1.,0.));
#8099=DIRECTION('',(4.44089209850062E-16,1.,0.));
#8100=DIRECTION('',(0.,0.,-1.));
#8101=DIRECTION('',(0.,0.,-1.));
#8102=DIRECTION('center_axis',(0.,0.,1.));
#8103=DIRECTION('ref_axis',(1.,-4.44089209850063E-16,0.));
#8104=DIRECTION('center_axis',(0.,0.,-1.));
#8105=DIRECTION('ref_axis',(1.,-4.44089209850063E-16,0.));
#8106=DIRECTION('',(0.,0.,-1.));
#8107=DIRECTION('center_axis',(-1.,4.44089209850063E-16,0.));
#8108=DIRECTION('ref_axis',(4.44089209850062E-16,1.,0.));
#8109=DIRECTION('',(-4.44089209850062E-16,-1.,0.));
#8110=DIRECTION('',(0.,0.,1.));
#8111=DIRECTION('center_axis',(0.,0.,-1.));
#8112=DIRECTION('ref_axis',(-1.,4.44089209850062E-16,0.));
#8113=DIRECTION('center_axis',(0.,0.,1.));
#8114=DIRECTION('ref_axis',(0.340425263753015,0.940271577683113,0.));
#8115=DIRECTION('',(-1.,4.44089209850062E-16,0.));
#8116=DIRECTION('center_axis',(0.,0.,-1.));
#8117=DIRECTION('ref_axis',(-0.707106781186552,-0.707106781186544,0.));
#8118=DIRECTION('',(4.44089209850062E-16,1.,0.));
#8119=DIRECTION('center_axis',(0.,0.,-1.));
#8120=DIRECTION('ref_axis',(-0.707106781186547,0.707106781186548,0.));
#8121=DIRECTION('',(1.,-4.44089209850062E-16,0.));
#8122=DIRECTION('center_axis',(0.,0.,-1.));
#8123=DIRECTION('ref_axis',(0.340425263753018,0.940271577683112,0.));
#8124=DIRECTION('',(-0.768221279597376,0.64018439966448,0.));
#8125=DIRECTION('center_axis',(0.,0.,1.));
#8126=DIRECTION('ref_axis',(-0.340425263753023,-0.94027157768311,0.));
#8127=DIRECTION('',(1.,-4.44089209850062E-16,0.));
#8128=DIRECTION('center_axis',(0.,0.,-1.));
#8129=DIRECTION('ref_axis',(0.707106781186548,0.707106781186547,0.));
#8130=DIRECTION('',(-4.44089209850062E-16,-1.,0.));
#8131=DIRECTION('center_axis',(0.,0.,-1.));
#8132=DIRECTION('ref_axis',(0.707106781186551,-0.707106781186544,0.));
#8133=DIRECTION('',(-1.,4.44089209850062E-16,0.));
#8134=DIRECTION('center_axis',(0.,0.,-1.));
#8135=DIRECTION('ref_axis',(-0.340425263753024,-0.94027157768311,0.));
#8136=DIRECTION('center_axis',(0.,0.,-1.));
#8137=DIRECTION('ref_axis',(1.,-4.44089209850063E-16,0.));
#8138=DIRECTION('center_axis',(0.,0.,-1.));
#8139=DIRECTION('ref_axis',(1.,-4.44089209850063E-16,0.));
#8140=DIRECTION('center_axis',(0.,0.,-1.));
#8141=DIRECTION('ref_axis',(1.,-4.44089209850063E-16,0.));
#8142=DIRECTION('center_axis',(0.,0.,-1.));
#8143=DIRECTION('ref_axis',(1.,-4.44089209850063E-16,0.));
#8144=DIRECTION('center_axis',(0.,0.,-1.));
#8145=DIRECTION('ref_axis',(1.,-4.44089209850063E-16,0.));
#8146=DIRECTION('center_axis',(0.,0.,-1.));
#8147=DIRECTION('ref_axis',(1.,-4.44089209850063E-16,0.));
#8148=DIRECTION('center_axis',(0.,0.,-1.));
#8149=DIRECTION('ref_axis',(1.,-4.44089209850063E-16,0.));
#8150=DIRECTION('center_axis',(0.,0.,-1.));
#8151=DIRECTION('ref_axis',(1.,-4.44089209850063E-16,0.));
#8152=DIRECTION('center_axis',(0.,0.,-1.));
#8153=DIRECTION('ref_axis',(1.,-4.44089209850063E-16,0.));
#8154=DIRECTION('center_axis',(0.,0.,-1.));
#8155=DIRECTION('ref_axis',(1.,-4.44089209850063E-16,0.));
#8156=DIRECTION('center_axis',(0.,0.,-1.));
#8157=DIRECTION('ref_axis',(1.,-4.44089209850063E-16,0.));
#8158=DIRECTION('center_axis',(0.,0.,-1.));
#8159=DIRECTION('ref_axis',(1.,-4.44089209850063E-16,0.));
#8160=DIRECTION('center_axis',(0.,0.,-1.));
#8161=DIRECTION('ref_axis',(1.,-4.44089209850063E-16,0.));
#8162=DIRECTION('center_axis',(0.,0.,-1.));
#8163=DIRECTION('ref_axis',(1.,-4.44089209850063E-16,0.));
#8164=DIRECTION('center_axis',(0.,0.,-1.));
#8165=DIRECTION('ref_axis',(1.,-4.44089209850063E-16,0.));
#8166=DIRECTION('center_axis',(0.,0.,-1.));
#8167=DIRECTION('ref_axis',(1.,-4.44089209850063E-16,0.));
#8168=DIRECTION('center_axis',(0.,0.,-1.));
#8169=DIRECTION('ref_axis',(1.,-4.44089209850063E-16,0.));
#8170=DIRECTION('center_axis',(0.,0.,-1.));
#8171=DIRECTION('ref_axis',(1.,-4.44089209850063E-16,0.));
#8172=DIRECTION('center_axis',(0.,0.,-1.));
#8173=DIRECTION('ref_axis',(1.,-4.44089209850063E-16,0.));
#8174=DIRECTION('center_axis',(0.,0.,-1.));
#8175=DIRECTION('ref_axis',(1.,-4.44089209850063E-16,0.));
#8176=DIRECTION('center_axis',(0.,0.,-1.));
#8177=DIRECTION('ref_axis',(1.,-4.44089209850063E-16,0.));
#8178=DIRECTION('center_axis',(0.,0.,-1.));
#8179=DIRECTION('ref_axis',(1.,-4.44089209850063E-16,0.));
#8180=DIRECTION('center_axis',(0.,0.,-1.));
#8181=DIRECTION('ref_axis',(1.,-4.44089209850063E-16,0.));
#8182=DIRECTION('center_axis',(0.,0.,-1.));
#8183=DIRECTION('ref_axis',(1.,-4.44089209850063E-16,0.));
#8184=DIRECTION('center_axis',(0.,0.,-1.));
#8185=DIRECTION('ref_axis',(1.,-4.44089209850063E-16,0.));
#8186=DIRECTION('center_axis',(0.,0.,-1.));
#8187=DIRECTION('ref_axis',(1.,-4.44089209850063E-16,0.));
#8188=DIRECTION('center_axis',(0.,0.,-1.));
#8189=DIRECTION('ref_axis',(1.,-4.44089209850063E-16,0.));
#8190=DIRECTION('center_axis',(0.,0.,-1.));
#8191=DIRECTION('ref_axis',(1.,-4.44089209850063E-16,0.));
#8192=DIRECTION('center_axis',(0.,0.,-1.));
#8193=DIRECTION('ref_axis',(1.,-4.44089209850063E-16,0.));
#8194=DIRECTION('center_axis',(0.,0.,-1.));
#8195=DIRECTION('ref_axis',(1.,-4.44089209850063E-16,0.));
#8196=DIRECTION('center_axis',(0.,0.,-1.));
#8197=DIRECTION('ref_axis',(1.,-4.44089209850063E-16,0.));
#8198=DIRECTION('center_axis',(0.,0.,-1.));
#8199=DIRECTION('ref_axis',(1.,-4.44089209850063E-16,0.));
#8200=DIRECTION('center_axis',(0.,0.,-1.));
#8201=DIRECTION('ref_axis',(1.,-4.44089209850063E-16,0.));
#8202=DIRECTION('center_axis',(0.,0.,-1.));
#8203=DIRECTION('ref_axis',(1.,-4.44089209850063E-16,0.));
#8204=DIRECTION('center_axis',(0.,0.,-1.));
#8205=DIRECTION('ref_axis',(1.,-4.44089209850063E-16,0.));
#8206=DIRECTION('center_axis',(0.,0.,-1.));
#8207=DIRECTION('ref_axis',(1.,-4.44089209850063E-16,0.));
#8208=DIRECTION('center_axis',(0.,0.,-1.));
#8209=DIRECTION('ref_axis',(1.,-4.44089209850063E-16,0.));
#8210=DIRECTION('center_axis',(0.,0.,-1.));
#8211=DIRECTION('ref_axis',(1.,-4.44089209850063E-16,0.));
#8212=DIRECTION('center_axis',(0.,0.,-1.));
#8213=DIRECTION('ref_axis',(1.,-4.44089209850063E-16,0.));
#8214=DIRECTION('center_axis',(0.,0.,-1.));
#8215=DIRECTION('ref_axis',(1.,-4.44089209850063E-16,0.));
#8216=DIRECTION('center_axis',(0.,0.,-1.));
#8217=DIRECTION('ref_axis',(1.,-4.44089209850063E-16,0.));
#8218=DIRECTION('center_axis',(0.,0.,-1.));
#8219=DIRECTION('ref_axis',(1.,-4.44089209850063E-16,0.));
#8220=DIRECTION('center_axis',(0.,0.,-1.));
#8221=DIRECTION('ref_axis',(1.,-4.44089209850063E-16,0.));
#8222=DIRECTION('center_axis',(0.,0.,-1.));
#8223=DIRECTION('ref_axis',(1.,-4.44089209850063E-16,0.));
#8224=DIRECTION('center_axis',(0.,0.,-1.));
#8225=DIRECTION('ref_axis',(1.,-4.44089209850063E-16,0.));
#8226=DIRECTION('center_axis',(0.,0.,-1.));
#8227=DIRECTION('ref_axis',(1.,-4.44089209850063E-16,0.));
#8228=DIRECTION('center_axis',(0.,0.,-1.));
#8229=DIRECTION('ref_axis',(1.,-4.44089209850063E-16,0.));
#8230=DIRECTION('center_axis',(0.,0.,-1.));
#8231=DIRECTION('ref_axis',(1.,-4.44089209850063E-16,0.));
#8232=DIRECTION('center_axis',(0.,0.,-1.));
#8233=DIRECTION('ref_axis',(1.,-4.44089209850063E-16,0.));
#8234=DIRECTION('center_axis',(0.,0.,-1.));
#8235=DIRECTION('ref_axis',(1.,-4.44089209850063E-16,0.));
#8236=DIRECTION('center_axis',(0.,0.,-1.));
#8237=DIRECTION('ref_axis',(1.,-4.44089209850063E-16,0.));
#8238=DIRECTION('center_axis',(0.,0.,-1.));
#8239=DIRECTION('ref_axis',(1.,-4.44089209850063E-16,0.));
#8240=DIRECTION('center_axis',(0.,0.,-1.));
#8241=DIRECTION('ref_axis',(1.,-4.44089209850063E-16,0.));
#8242=DIRECTION('center_axis',(0.,0.,-1.));
#8243=DIRECTION('ref_axis',(1.,-4.44089209850063E-16,0.));
#8244=DIRECTION('center_axis',(0.,0.,-1.));
#8245=DIRECTION('ref_axis',(1.,-4.44089209850063E-16,0.));
#8246=DIRECTION('center_axis',(0.,0.,-1.));
#8247=DIRECTION('ref_axis',(1.,-4.44089209850063E-16,0.));
#8248=DIRECTION('center_axis',(0.,0.,-1.));
#8249=DIRECTION('ref_axis',(1.,-4.44089209850063E-16,0.));
#8250=DIRECTION('center_axis',(0.,0.,-1.));
#8251=DIRECTION('ref_axis',(1.,-4.44089209850063E-16,0.));
#8252=DIRECTION('center_axis',(0.,0.,-1.));
#8253=DIRECTION('ref_axis',(1.,-4.44089209850063E-16,0.));
#8254=DIRECTION('center_axis',(0.,0.,-1.));
#8255=DIRECTION('ref_axis',(1.,-4.44089209850063E-16,0.));
#8256=DIRECTION('center_axis',(0.,0.,-1.));
#8257=DIRECTION('ref_axis',(1.,-4.44089209850063E-16,0.));
#8258=DIRECTION('center_axis',(0.,0.,-1.));
#8259=DIRECTION('ref_axis',(1.,-4.44089209850063E-16,0.));
#8260=DIRECTION('center_axis',(0.,0.,-1.));
#8261=DIRECTION('ref_axis',(1.,-4.44089209850063E-16,0.));
#8262=DIRECTION('center_axis',(0.,0.,-1.));
#8263=DIRECTION('ref_axis',(1.,-4.44089209850063E-16,0.));
#8264=DIRECTION('center_axis',(0.,0.,-1.));
#8265=DIRECTION('ref_axis',(1.,-4.44089209850063E-16,0.));
#8266=DIRECTION('center_axis',(0.,0.,-1.));
#8267=DIRECTION('ref_axis',(1.,-4.44089209850063E-16,0.));
#8268=DIRECTION('center_axis',(0.,0.,-1.));
#8269=DIRECTION('ref_axis',(1.,-4.44089209850063E-16,0.));
#8270=DIRECTION('center_axis',(0.,0.,-1.));
#8271=DIRECTION('ref_axis',(1.,-4.44089209850063E-16,0.));
#8272=DIRECTION('center_axis',(0.,0.,-1.));
#8273=DIRECTION('ref_axis',(1.,-4.44089209850063E-16,0.));
#8274=DIRECTION('center_axis',(0.,0.,-1.));
#8275=DIRECTION('ref_axis',(1.,-4.44089209850063E-16,0.));
#8276=DIRECTION('center_axis',(0.,0.,-1.));
#8277=DIRECTION('ref_axis',(1.,-4.44089209850063E-16,0.));
#8278=DIRECTION('center_axis',(0.,0.,-1.));
#8279=DIRECTION('ref_axis',(1.,-4.44089209850063E-16,0.));
#8280=DIRECTION('center_axis',(0.,0.,-1.));
#8281=DIRECTION('ref_axis',(1.,-4.44089209850063E-16,0.));
#8282=DIRECTION('center_axis',(0.,0.,-1.));
#8283=DIRECTION('ref_axis',(1.,-4.44089209850063E-16,0.));
#8284=DIRECTION('center_axis',(0.,0.,-1.));
#8285=DIRECTION('ref_axis',(1.,-4.44089209850063E-16,0.));
#8286=DIRECTION('center_axis',(0.,0.,-1.));
#8287=DIRECTION('ref_axis',(1.,-4.44089209850063E-16,0.));
#8288=DIRECTION('center_axis',(0.,0.,-1.));
#8289=DIRECTION('ref_axis',(1.,-4.44089209850063E-16,0.));
#8290=DIRECTION('center_axis',(0.,0.,-1.));
#8291=DIRECTION('ref_axis',(1.,-4.44089209850063E-16,0.));
#8292=DIRECTION('center_axis',(0.,0.,-1.));
#8293=DIRECTION('ref_axis',(1.,-4.44089209850063E-16,0.));
#8294=DIRECTION('center_axis',(0.,0.,-1.));
#8295=DIRECTION('ref_axis',(1.,-4.44089209850063E-16,0.));
#8296=DIRECTION('center_axis',(0.,0.,-1.));
#8297=DIRECTION('ref_axis',(1.,-4.44089209850063E-16,0.));
#8298=DIRECTION('center_axis',(0.,0.,-1.));
#8299=DIRECTION('ref_axis',(1.,-4.44089209850063E-16,0.));
#8300=DIRECTION('center_axis',(0.,0.,-1.));
#8301=DIRECTION('ref_axis',(1.,-4.44089209850063E-16,0.));
#8302=DIRECTION('center_axis',(0.,0.,-1.));
#8303=DIRECTION('ref_axis',(1.,-4.44089209850063E-16,0.));
#8304=DIRECTION('center_axis',(0.,0.,-1.));
#8305=DIRECTION('ref_axis',(1.,-4.44089209850063E-16,0.));
#8306=DIRECTION('center_axis',(0.,0.,-1.));
#8307=DIRECTION('ref_axis',(1.,-4.44089209850063E-16,0.));
#8308=DIRECTION('center_axis',(0.,0.,-1.));
#8309=DIRECTION('ref_axis',(1.,-4.44089209850063E-16,0.));
#8310=DIRECTION('center_axis',(0.,0.,-1.));
#8311=DIRECTION('ref_axis',(1.,-4.44089209850063E-16,0.));
#8312=DIRECTION('center_axis',(0.,0.,-1.));
#8313=DIRECTION('ref_axis',(1.,-4.44089209850063E-16,0.));
#8314=DIRECTION('center_axis',(0.,0.,-1.));
#8315=DIRECTION('ref_axis',(1.,-4.44089209850063E-16,0.));
#8316=DIRECTION('center_axis',(0.,0.,-1.));
#8317=DIRECTION('ref_axis',(1.,-4.44089209850063E-16,0.));
#8318=DIRECTION('center_axis',(0.,0.,-1.));
#8319=DIRECTION('ref_axis',(1.,-4.44089209850063E-16,0.));
#8320=DIRECTION('center_axis',(0.,0.,-1.));
#8321=DIRECTION('ref_axis',(1.,-4.44089209850063E-16,0.));
#8322=DIRECTION('center_axis',(0.,0.,-1.));
#8323=DIRECTION('ref_axis',(1.,-4.44089209850063E-16,0.));
#8324=DIRECTION('center_axis',(0.,0.,-1.));
#8325=DIRECTION('ref_axis',(1.,-4.44089209850063E-16,0.));
#8326=DIRECTION('center_axis',(0.,0.,-1.));
#8327=DIRECTION('ref_axis',(1.,-4.44089209850063E-16,0.));
#8328=DIRECTION('center_axis',(0.,0.,-1.));
#8329=DIRECTION('ref_axis',(1.,-4.44089209850063E-16,0.));
#8330=DIRECTION('center_axis',(0.,0.,-1.));
#8331=DIRECTION('ref_axis',(1.,-4.44089209850063E-16,0.));
#8332=DIRECTION('center_axis',(0.,0.,-1.));
#8333=DIRECTION('ref_axis',(1.,-4.44089209850063E-16,0.));
#8334=DIRECTION('center_axis',(0.,0.,-1.));
#8335=DIRECTION('ref_axis',(1.,-4.44089209850063E-16,0.));
#8336=DIRECTION('center_axis',(0.,0.,-1.));
#8337=DIRECTION('ref_axis',(1.,-4.44089209850063E-16,0.));
#8338=DIRECTION('center_axis',(0.,0.,-1.));
#8339=DIRECTION('ref_axis',(1.,-4.44089209850063E-16,0.));
#8340=DIRECTION('center_axis',(0.,0.,-1.));
#8341=DIRECTION('ref_axis',(1.,-4.44089209850063E-16,0.));
#8342=DIRECTION('center_axis',(0.,0.,-1.));
#8343=DIRECTION('ref_axis',(1.,-4.44089209850063E-16,0.));
#8344=DIRECTION('center_axis',(0.,0.,-1.));
#8345=DIRECTION('ref_axis',(1.,-4.44089209850063E-16,0.));
#8346=DIRECTION('center_axis',(0.,0.,-1.));
#8347=DIRECTION('ref_axis',(1.,-4.44089209850063E-16,0.));
#8348=DIRECTION('center_axis',(0.,0.,-1.));
#8349=DIRECTION('ref_axis',(1.,-4.44089209850063E-16,0.));
#8350=DIRECTION('center_axis',(0.,0.,-1.));
#8351=DIRECTION('ref_axis',(1.,-4.44089209850063E-16,0.));
#8352=DIRECTION('center_axis',(0.,0.,-1.));
#8353=DIRECTION('ref_axis',(1.,-4.44089209850063E-16,0.));
#8354=DIRECTION('center_axis',(0.,0.,-1.));
#8355=DIRECTION('ref_axis',(1.,-4.44089209850063E-16,0.));
#8356=DIRECTION('center_axis',(0.,0.,-1.));
#8357=DIRECTION('ref_axis',(1.,-4.44089209850063E-16,0.));
#8358=DIRECTION('center_axis',(0.,0.,-1.));
#8359=DIRECTION('ref_axis',(1.,-4.44089209850063E-16,0.));
#8360=DIRECTION('center_axis',(0.,0.,-1.));
#8361=DIRECTION('ref_axis',(1.,-4.44089209850063E-16,0.));
#8362=DIRECTION('center_axis',(0.,0.,-1.));
#8363=DIRECTION('ref_axis',(1.,-4.44089209850063E-16,0.));
#8364=DIRECTION('center_axis',(0.,0.,-1.));
#8365=DIRECTION('ref_axis',(1.,-4.44089209850063E-16,0.));
#8366=DIRECTION('center_axis',(0.,0.,-1.));
#8367=DIRECTION('ref_axis',(1.,-4.44089209850063E-16,0.));
#8368=DIRECTION('center_axis',(0.,0.,-1.));
#8369=DIRECTION('ref_axis',(1.,-4.44089209850063E-16,0.));
#8370=DIRECTION('center_axis',(0.,0.,-1.));
#8371=DIRECTION('ref_axis',(1.,-4.44089209850063E-16,0.));
#8372=DIRECTION('center_axis',(0.,0.,-1.));
#8373=DIRECTION('ref_axis',(1.,-4.44089209850063E-16,0.));
#8374=DIRECTION('center_axis',(0.,0.,-1.));
#8375=DIRECTION('ref_axis',(1.,-4.44089209850063E-16,0.));
#8376=DIRECTION('center_axis',(0.,0.,-1.));
#8377=DIRECTION('ref_axis',(1.,-4.44089209850063E-16,0.));
#8378=DIRECTION('center_axis',(0.,0.,-1.));
#8379=DIRECTION('ref_axis',(1.,-4.44089209850063E-16,0.));
#8380=DIRECTION('center_axis',(0.,0.,-1.));
#8381=DIRECTION('ref_axis',(1.,-4.44089209850063E-16,0.));
#8382=DIRECTION('center_axis',(0.,0.,-1.));
#8383=DIRECTION('ref_axis',(1.,-4.44089209850063E-16,0.));
#8384=DIRECTION('center_axis',(0.,0.,-1.));
#8385=DIRECTION('ref_axis',(1.,-4.44089209850063E-16,0.));
#8386=DIRECTION('center_axis',(0.,0.,-1.));
#8387=DIRECTION('ref_axis',(1.,-4.44089209850063E-16,0.));
#8388=DIRECTION('center_axis',(0.,0.,-1.));
#8389=DIRECTION('ref_axis',(1.,-4.44089209850063E-16,0.));
#8390=DIRECTION('center_axis',(0.,0.,-1.));
#8391=DIRECTION('ref_axis',(1.,-4.44089209850063E-16,0.));
#8392=DIRECTION('center_axis',(0.,0.,-1.));
#8393=DIRECTION('ref_axis',(1.,-4.44089209850063E-16,0.));
#8394=DIRECTION('center_axis',(0.,0.,-1.));
#8395=DIRECTION('ref_axis',(1.,-4.44089209850063E-16,0.));
#8396=DIRECTION('center_axis',(0.,0.,-1.));
#8397=DIRECTION('ref_axis',(1.,-4.44089209850063E-16,0.));
#8398=DIRECTION('center_axis',(0.,0.,-1.));
#8399=DIRECTION('ref_axis',(1.,-4.44089209850063E-16,0.));
#8400=DIRECTION('center_axis',(0.,0.,-1.));
#8401=DIRECTION('ref_axis',(1.,-4.44089209850063E-16,0.));
#8402=DIRECTION('center_axis',(0.,0.,-1.));
#8403=DIRECTION('ref_axis',(1.,-4.44089209850063E-16,0.));
#8404=DIRECTION('center_axis',(0.,0.,-1.));
#8405=DIRECTION('ref_axis',(1.,-4.44089209850063E-16,0.));
#8406=DIRECTION('center_axis',(0.,0.,-1.));
#8407=DIRECTION('ref_axis',(1.,-4.44089209850063E-16,0.));
#8408=DIRECTION('center_axis',(0.,0.,-1.));
#8409=DIRECTION('ref_axis',(1.,-4.44089209850063E-16,0.));
#8410=DIRECTION('center_axis',(0.,0.,-1.));
#8411=DIRECTION('ref_axis',(1.,-4.44089209850063E-16,0.));
#8412=DIRECTION('center_axis',(0.,0.,-1.));
#8413=DIRECTION('ref_axis',(1.,-4.44089209850063E-16,0.));
#8414=DIRECTION('center_axis',(0.,0.,-1.));
#8415=DIRECTION('ref_axis',(1.,-4.44089209850063E-16,0.));
#8416=DIRECTION('center_axis',(0.,0.,-1.));
#8417=DIRECTION('ref_axis',(1.,-4.44089209850063E-16,0.));
#8418=DIRECTION('center_axis',(0.,0.,-1.));
#8419=DIRECTION('ref_axis',(1.,-4.44089209850063E-16,0.));
#8420=DIRECTION('center_axis',(0.,0.,-1.));
#8421=DIRECTION('ref_axis',(1.,-4.44089209850063E-16,0.));
#8422=DIRECTION('center_axis',(0.,0.,-1.));
#8423=DIRECTION('ref_axis',(1.,-4.44089209850063E-16,0.));
#8424=DIRECTION('center_axis',(0.,0.,-1.));
#8425=DIRECTION('ref_axis',(1.,-4.44089209850063E-16,0.));
#8426=DIRECTION('center_axis',(0.,0.,-1.));
#8427=DIRECTION('ref_axis',(1.,-4.44089209850063E-16,0.));
#8428=DIRECTION('center_axis',(0.,0.,-1.));
#8429=DIRECTION('ref_axis',(1.,-4.44089209850063E-16,0.));
#8430=DIRECTION('center_axis',(0.,0.,-1.));
#8431=DIRECTION('ref_axis',(1.,-4.44089209850063E-16,0.));
#8432=DIRECTION('center_axis',(0.,0.,-1.));
#8433=DIRECTION('ref_axis',(1.,-4.44089209850063E-16,0.));
#8434=DIRECTION('center_axis',(0.,0.,-1.));
#8435=DIRECTION('ref_axis',(1.,-4.44089209850063E-16,0.));
#8436=DIRECTION('center_axis',(0.,0.,-1.));
#8437=DIRECTION('ref_axis',(1.,-4.44089209850063E-16,0.));
#8438=DIRECTION('center_axis',(0.,0.,-1.));
#8439=DIRECTION('ref_axis',(1.,-4.44089209850063E-16,0.));
#8440=DIRECTION('center_axis',(0.,0.,-1.));
#8441=DIRECTION('ref_axis',(1.,-4.44089209850063E-16,0.));
#8442=DIRECTION('center_axis',(0.,0.,-1.));
#8443=DIRECTION('ref_axis',(1.,-4.44089209850063E-16,0.));
#8444=DIRECTION('center_axis',(0.,0.,-1.));
#8445=DIRECTION('ref_axis',(1.,-4.44089209850063E-16,0.));
#8446=DIRECTION('center_axis',(0.,0.,-1.));
#8447=DIRECTION('ref_axis',(1.,-4.44089209850063E-16,0.));
#8448=DIRECTION('center_axis',(0.,0.,-1.));
#8449=DIRECTION('ref_axis',(1.,-4.44089209850063E-16,0.));
#8450=DIRECTION('center_axis',(0.,0.,-1.));
#8451=DIRECTION('ref_axis',(1.,-4.44089209850063E-16,0.));
#8452=DIRECTION('center_axis',(0.,0.,-1.));
#8453=DIRECTION('ref_axis',(1.,-4.44089209850063E-16,0.));
#8454=DIRECTION('center_axis',(0.,0.,-1.));
#8455=DIRECTION('ref_axis',(1.,-4.44089209850063E-16,0.));
#8456=DIRECTION('center_axis',(0.,0.,-1.));
#8457=DIRECTION('ref_axis',(1.,-4.44089209850063E-16,0.));
#8458=DIRECTION('center_axis',(0.,0.,-1.));
#8459=DIRECTION('ref_axis',(1.,-4.44089209850063E-16,0.));
#8460=DIRECTION('center_axis',(0.,0.,-1.));
#8461=DIRECTION('ref_axis',(1.,-4.44089209850063E-16,0.));
#8462=DIRECTION('center_axis',(0.,0.,-1.));
#8463=DIRECTION('ref_axis',(1.,-4.44089209850063E-16,0.));
#8464=DIRECTION('center_axis',(0.,0.,-1.));
#8465=DIRECTION('ref_axis',(1.,-4.44089209850063E-16,0.));
#8466=DIRECTION('center_axis',(0.,0.,-1.));
#8467=DIRECTION('ref_axis',(1.,-4.44089209850063E-16,0.));
#8468=DIRECTION('center_axis',(0.,0.,-1.));
#8469=DIRECTION('ref_axis',(1.,-4.44089209850063E-16,0.));
#8470=DIRECTION('center_axis',(0.,0.,-1.));
#8471=DIRECTION('ref_axis',(1.,-4.44089209850063E-16,0.));
#8472=DIRECTION('center_axis',(0.,0.,-1.));
#8473=DIRECTION('ref_axis',(1.,-4.44089209850063E-16,0.));
#8474=DIRECTION('center_axis',(0.,0.,-1.));
#8475=DIRECTION('ref_axis',(1.,-4.44089209850063E-16,0.));
#8476=DIRECTION('center_axis',(0.,0.,-1.));
#8477=DIRECTION('ref_axis',(1.,-4.44089209850063E-16,0.));
#8478=DIRECTION('center_axis',(0.,0.,-1.));
#8479=DIRECTION('ref_axis',(1.,-4.44089209850063E-16,0.));
#8480=DIRECTION('center_axis',(0.,0.,-1.));
#8481=DIRECTION('ref_axis',(1.,-4.44089209850063E-16,0.));
#8482=DIRECTION('center_axis',(0.,0.,-1.));
#8483=DIRECTION('ref_axis',(1.,-4.44089209850063E-16,0.));
#8484=DIRECTION('center_axis',(0.,0.,-1.));
#8485=DIRECTION('ref_axis',(1.,-4.44089209850063E-16,0.));
#8486=DIRECTION('center_axis',(0.,0.,-1.));
#8487=DIRECTION('ref_axis',(1.,-4.44089209850063E-16,0.));
#8488=DIRECTION('center_axis',(0.,0.,-1.));
#8489=DIRECTION('ref_axis',(1.,-4.44089209850063E-16,0.));
#8490=DIRECTION('center_axis',(0.,0.,-1.));
#8491=DIRECTION('ref_axis',(1.,-4.44089209850063E-16,0.));
#8492=DIRECTION('center_axis',(0.,0.,-1.));
#8493=DIRECTION('ref_axis',(1.,-4.44089209850063E-16,0.));
#8494=DIRECTION('center_axis',(0.,0.,-1.));
#8495=DIRECTION('ref_axis',(1.,-4.44089209850063E-16,0.));
#8496=DIRECTION('center_axis',(0.,0.,-1.));
#8497=DIRECTION('ref_axis',(1.,-4.44089209850063E-16,0.));
#8498=DIRECTION('center_axis',(0.,0.,-1.));
#8499=DIRECTION('ref_axis',(1.,-4.44089209850063E-16,0.));
#8500=DIRECTION('center_axis',(0.,0.,-1.));
#8501=DIRECTION('ref_axis',(1.,-4.44089209850063E-16,0.));
#8502=DIRECTION('center_axis',(0.,0.,-1.));
#8503=DIRECTION('ref_axis',(1.,-4.44089209850063E-16,0.));
#8504=DIRECTION('center_axis',(0.,0.,-1.));
#8505=DIRECTION('ref_axis',(1.,-4.44089209850063E-16,0.));
#8506=DIRECTION('center_axis',(0.,0.,-1.));
#8507=DIRECTION('ref_axis',(1.,-4.44089209850063E-16,0.));
#8508=DIRECTION('center_axis',(0.,0.,-1.));
#8509=DIRECTION('ref_axis',(1.,-4.44089209850063E-16,0.));
#8510=DIRECTION('center_axis',(0.,0.,-1.));
#8511=DIRECTION('ref_axis',(1.,-4.44089209850063E-16,0.));
#8512=DIRECTION('center_axis',(0.,0.,-1.));
#8513=DIRECTION('ref_axis',(1.,-4.44089209850063E-16,0.));
#8514=DIRECTION('center_axis',(0.,0.,-1.));
#8515=DIRECTION('ref_axis',(1.,-4.44089209850063E-16,0.));
#8516=DIRECTION('center_axis',(0.,0.,-1.));
#8517=DIRECTION('ref_axis',(1.,-4.44089209850063E-16,0.));
#8518=DIRECTION('center_axis',(0.,0.,-1.));
#8519=DIRECTION('ref_axis',(1.,-4.44089209850063E-16,0.));
#8520=DIRECTION('center_axis',(0.,0.,-1.));
#8521=DIRECTION('ref_axis',(1.,-4.44089209850063E-16,0.));
#8522=DIRECTION('center_axis',(0.,0.,-1.));
#8523=DIRECTION('ref_axis',(1.,-4.44089209850063E-16,0.));
#8524=DIRECTION('center_axis',(0.,0.,-1.));
#8525=DIRECTION('ref_axis',(1.,-4.44089209850063E-16,0.));
#8526=DIRECTION('center_axis',(0.,0.,-1.));
#8527=DIRECTION('ref_axis',(1.,-4.44089209850063E-16,0.));
#8528=DIRECTION('center_axis',(0.,0.,-1.));
#8529=DIRECTION('ref_axis',(1.,-4.44089209850063E-16,0.));
#8530=DIRECTION('center_axis',(0.,0.,-1.));
#8531=DIRECTION('ref_axis',(1.,-4.44089209850063E-16,0.));
#8532=DIRECTION('center_axis',(0.,0.,-1.));
#8533=DIRECTION('ref_axis',(1.,-4.44089209850063E-16,0.));
#8534=DIRECTION('center_axis',(0.,0.,-1.));
#8535=DIRECTION('ref_axis',(1.,-4.44089209850063E-16,0.));
#8536=DIRECTION('center_axis',(0.,0.,-1.));
#8537=DIRECTION('ref_axis',(1.,-4.44089209850063E-16,0.));
#8538=DIRECTION('center_axis',(0.,0.,-1.));
#8539=DIRECTION('ref_axis',(1.,-4.44089209850063E-16,0.));
#8540=DIRECTION('center_axis',(0.,0.,-1.));
#8541=DIRECTION('ref_axis',(1.,-4.44089209850063E-16,0.));
#8542=DIRECTION('center_axis',(0.,0.,-1.));
#8543=DIRECTION('ref_axis',(1.,-4.44089209850063E-16,0.));
#8544=DIRECTION('center_axis',(0.,0.,-1.));
#8545=DIRECTION('ref_axis',(1.,-4.44089209850063E-16,0.));
#8546=DIRECTION('center_axis',(0.,0.,-1.));
#8547=DIRECTION('ref_axis',(1.,-4.44089209850063E-16,0.));
#8548=DIRECTION('center_axis',(0.,0.,-1.));
#8549=DIRECTION('ref_axis',(1.,-4.44089209850063E-16,0.));
#8550=DIRECTION('center_axis',(0.,0.,-1.));
#8551=DIRECTION('ref_axis',(1.,-4.44089209850063E-16,0.));
#8552=DIRECTION('center_axis',(0.,0.,-1.));
#8553=DIRECTION('ref_axis',(-0.340425263753024,-0.94027157768311,0.));
#8554=DIRECTION('',(0.,0.,-1.));
#8555=DIRECTION('center_axis',(0.,0.,-1.));
#8556=DIRECTION('ref_axis',(0.707106781186551,-0.707106781186544,0.));
#8557=DIRECTION('',(0.,0.,1.));
#8558=DIRECTION('',(0.,0.,-1.));
#8559=DIRECTION('center_axis',(0.,0.,-1.));
#8560=DIRECTION('ref_axis',(-1.,4.44089209850062E-16,0.));
#8561=DIRECTION('center_axis',(4.44089209850063E-16,1.,0.));
#8562=DIRECTION('ref_axis',(-1.,4.44089209850062E-16,0.));
#8563=DIRECTION('center_axis',(0.,0.,-1.));
#8564=DIRECTION('ref_axis',(0.340425263753015,0.940271577683113,0.));
#8565=DIRECTION('',(0.,0.,1.));
#8566=DIRECTION('center_axis',(4.44089209850063E-16,1.,0.));
#8567=DIRECTION('ref_axis',(-1.,4.44089209850062E-16,0.));
#8568=DIRECTION('',(0.,0.,-1.));
#8569=DIRECTION('center_axis',(0.,0.,-1.));
#8570=DIRECTION('ref_axis',(-0.707106781186552,-0.707106781186544,0.));
#8571=DIRECTION('',(0.,0.,1.));
#8572=DIRECTION('center_axis',(0.,0.,-1.));
#8573=DIRECTION('ref_axis',(-0.707106781186547,0.707106781186548,0.));
#8574=DIRECTION('',(0.,0.,1.));
#8575=DIRECTION('',(0.,0.,-1.));
#8576=DIRECTION('center_axis',(-4.44089209850063E-16,-1.,0.));
#8577=DIRECTION('ref_axis',(1.,-4.44089209850062E-16,0.));
#8578=DIRECTION('',(0.,0.,-1.));
#8579=DIRECTION('center_axis',(0.,0.,-1.));
#8580=DIRECTION('ref_axis',(0.340425263753018,0.940271577683112,0.));
#8581=DIRECTION('',(0.,0.,1.));
#8582=DIRECTION('center_axis',(0.,0.,-1.));
#8583=DIRECTION('ref_axis',(0.707106781186548,0.707106781186547,0.));
#8584=DIRECTION('',(0.,0.,1.));
#8585=DIRECTION('',(0.,0.,-1.));
#8586=DIRECTION('center_axis',(-1.,4.44089209850063E-16,0.));
#8587=DIRECTION('ref_axis',(-4.44089209850062E-16,-1.,0.));
#8588=DIRECTION('center_axis',(0.,0.,-1.));
#8589=DIRECTION('ref_axis',(-0.340425263753023,-0.94027157768311,0.));
#8590=DIRECTION('',(0.,0.,-1.));
#8591=DIRECTION('',(0.,0.,1.));
#8592=DIRECTION('center_axis',(-4.44089209850063E-16,-1.,0.));
#8593=DIRECTION('ref_axis',(1.,-4.44089209850062E-16,0.));
#8594=DIRECTION('center_axis',(0.,0.,1.));
#8595=DIRECTION('ref_axis',(1.,-4.44089209850063E-16,0.));
#8596=DIRECTION('',(0.,0.,-1.));
#8597=DIRECTION('center_axis',(0.,0.,1.));
#8598=DIRECTION('ref_axis',(1.,-4.44089209850063E-16,0.));
#8599=DIRECTION('',(0.,0.,-1.));
#8600=DIRECTION('center_axis',(0.,0.,1.));
#8601=DIRECTION('ref_axis',(1.,-4.44089209850063E-16,0.));
#8602=DIRECTION('',(0.,0.,-1.));
#8603=DIRECTION('center_axis',(0.,0.,1.));
#8604=DIRECTION('ref_axis',(1.,-4.44089209850063E-16,0.));
#8605=DIRECTION('',(0.,0.,-1.));
#8606=DIRECTION('center_axis',(0.,0.,1.));
#8607=DIRECTION('ref_axis',(1.,-4.44089209850063E-16,0.));
#8608=DIRECTION('',(0.,0.,-1.));
#8609=DIRECTION('center_axis',(0.,0.,1.));
#8610=DIRECTION('ref_axis',(1.,-4.44089209850063E-16,0.));
#8611=DIRECTION('',(0.,0.,-1.));
#8612=DIRECTION('center_axis',(0.,0.,1.));
#8613=DIRECTION('ref_axis',(1.,-4.44089209850063E-16,0.));
#8614=DIRECTION('',(0.,0.,-1.));
#8615=DIRECTION('center_axis',(0.,0.,1.));
#8616=DIRECTION('ref_axis',(1.,-4.44089209850063E-16,0.));
#8617=DIRECTION('',(0.,0.,-1.));
#8618=DIRECTION('center_axis',(0.,0.,1.));
#8619=DIRECTION('ref_axis',(1.,-4.44089209850063E-16,0.));
#8620=DIRECTION('',(0.,0.,-1.));
#8621=DIRECTION('center_axis',(0.,0.,1.));
#8622=DIRECTION('ref_axis',(1.,-4.44089209850063E-16,0.));
#8623=DIRECTION('',(0.,0.,-1.));
#8624=DIRECTION('center_axis',(0.,0.,1.));
#8625=DIRECTION('ref_axis',(1.,-4.44089209850063E-16,0.));
#8626=DIRECTION('',(0.,0.,-1.));
#8627=DIRECTION('center_axis',(0.,0.,1.));
#8628=DIRECTION('ref_axis',(1.,-4.44089209850063E-16,0.));
#8629=DIRECTION('',(0.,0.,-1.));
#8630=DIRECTION('center_axis',(0.,0.,1.));
#8631=DIRECTION('ref_axis',(1.,-4.44089209850063E-16,0.));
#8632=DIRECTION('',(0.,0.,-1.));
#8633=DIRECTION('center_axis',(0.,0.,1.));
#8634=DIRECTION('ref_axis',(1.,-4.44089209850063E-16,0.));
#8635=DIRECTION('',(0.,0.,-1.));
#8636=DIRECTION('center_axis',(0.,0.,1.));
#8637=DIRECTION('ref_axis',(1.,-4.44089209850063E-16,0.));
#8638=DIRECTION('',(0.,0.,-1.));
#8639=DIRECTION('center_axis',(0.,0.,1.));
#8640=DIRECTION('ref_axis',(1.,-4.44089209850063E-16,0.));
#8641=DIRECTION('',(0.,0.,-1.));
#8642=DIRECTION('center_axis',(0.,0.,1.));
#8643=DIRECTION('ref_axis',(1.,-4.44089209850063E-16,0.));
#8644=DIRECTION('',(0.,0.,-1.));
#8645=DIRECTION('center_axis',(0.,0.,1.));
#8646=DIRECTION('ref_axis',(1.,-4.44089209850063E-16,0.));
#8647=DIRECTION('',(0.,0.,-1.));
#8648=DIRECTION('center_axis',(0.,0.,1.));
#8649=DIRECTION('ref_axis',(1.,-4.44089209850063E-16,0.));
#8650=DIRECTION('',(0.,0.,-1.));
#8651=DIRECTION('center_axis',(0.,0.,1.));
#8652=DIRECTION('ref_axis',(1.,-4.44089209850063E-16,0.));
#8653=DIRECTION('',(0.,0.,-1.));
#8654=DIRECTION('center_axis',(0.,0.,1.));
#8655=DIRECTION('ref_axis',(1.,-4.44089209850063E-16,0.));
#8656=DIRECTION('',(0.,0.,-1.));
#8657=DIRECTION('center_axis',(0.,0.,1.));
#8658=DIRECTION('ref_axis',(1.,-4.44089209850063E-16,0.));
#8659=DIRECTION('',(0.,0.,-1.));
#8660=DIRECTION('center_axis',(0.,0.,1.));
#8661=DIRECTION('ref_axis',(1.,-4.44089209850063E-16,0.));
#8662=DIRECTION('',(0.,0.,-1.));
#8663=DIRECTION('center_axis',(0.,0.,1.));
#8664=DIRECTION('ref_axis',(1.,-4.44089209850063E-16,0.));
#8665=DIRECTION('',(0.,0.,-1.));
#8666=DIRECTION('center_axis',(0.,0.,1.));
#8667=DIRECTION('ref_axis',(1.,-4.44089209850063E-16,0.));
#8668=DIRECTION('',(0.,0.,-1.));
#8669=DIRECTION('center_axis',(0.,0.,1.));
#8670=DIRECTION('ref_axis',(1.,-4.44089209850063E-16,0.));
#8671=DIRECTION('',(0.,0.,-1.));
#8672=DIRECTION('center_axis',(0.,0.,1.));
#8673=DIRECTION('ref_axis',(1.,-4.44089209850063E-16,0.));
#8674=DIRECTION('',(0.,0.,-1.));
#8675=DIRECTION('center_axis',(0.,0.,1.));
#8676=DIRECTION('ref_axis',(1.,-4.44089209850063E-16,0.));
#8677=DIRECTION('',(0.,0.,-1.));
#8678=DIRECTION('center_axis',(0.,0.,1.));
#8679=DIRECTION('ref_axis',(1.,-4.44089209850063E-16,0.));
#8680=DIRECTION('',(0.,0.,-1.));
#8681=DIRECTION('center_axis',(0.,0.,1.));
#8682=DIRECTION('ref_axis',(1.,-4.44089209850063E-16,0.));
#8683=DIRECTION('',(0.,0.,-1.));
#8684=DIRECTION('center_axis',(0.,0.,1.));
#8685=DIRECTION('ref_axis',(1.,-4.44089209850063E-16,0.));
#8686=DIRECTION('',(0.,0.,-1.));
#8687=DIRECTION('center_axis',(0.,0.,1.));
#8688=DIRECTION('ref_axis',(1.,-4.44089209850063E-16,0.));
#8689=DIRECTION('',(0.,0.,-1.));
#8690=DIRECTION('center_axis',(0.,0.,1.));
#8691=DIRECTION('ref_axis',(1.,-4.44089209850063E-16,0.));
#8692=DIRECTION('',(0.,0.,-1.));
#8693=DIRECTION('center_axis',(0.,0.,1.));
#8694=DIRECTION('ref_axis',(1.,-4.44089209850063E-16,0.));
#8695=DIRECTION('',(0.,0.,-1.));
#8696=DIRECTION('center_axis',(0.,0.,1.));
#8697=DIRECTION('ref_axis',(1.,-4.44089209850063E-16,0.));
#8698=DIRECTION('',(0.,0.,-1.));
#8699=DIRECTION('center_axis',(0.,0.,1.));
#8700=DIRECTION('ref_axis',(1.,-4.44089209850063E-16,0.));
#8701=DIRECTION('',(0.,0.,-1.));
#8702=DIRECTION('center_axis',(0.,0.,1.));
#8703=DIRECTION('ref_axis',(1.,-4.44089209850063E-16,0.));
#8704=DIRECTION('',(0.,0.,-1.));
#8705=DIRECTION('center_axis',(0.,0.,1.));
#8706=DIRECTION('ref_axis',(1.,-4.44089209850063E-16,0.));
#8707=DIRECTION('',(0.,0.,-1.));
#8708=DIRECTION('center_axis',(0.,0.,1.));
#8709=DIRECTION('ref_axis',(1.,-4.44089209850063E-16,0.));
#8710=DIRECTION('',(0.,0.,-1.));
#8711=DIRECTION('center_axis',(0.,0.,1.));
#8712=DIRECTION('ref_axis',(1.,-4.44089209850063E-16,0.));
#8713=DIRECTION('',(0.,0.,-1.));
#8714=DIRECTION('center_axis',(0.,0.,1.));
#8715=DIRECTION('ref_axis',(1.,-4.44089209850063E-16,0.));
#8716=DIRECTION('',(0.,0.,-1.));
#8717=DIRECTION('center_axis',(0.,0.,1.));
#8718=DIRECTION('ref_axis',(1.,-4.44089209850063E-16,0.));
#8719=DIRECTION('',(0.,0.,-1.));
#8720=DIRECTION('center_axis',(0.,0.,1.));
#8721=DIRECTION('ref_axis',(1.,-4.44089209850063E-16,0.));
#8722=DIRECTION('',(0.,0.,-1.));
#8723=DIRECTION('center_axis',(0.,0.,1.));
#8724=DIRECTION('ref_axis',(1.,-4.44089209850063E-16,0.));
#8725=DIRECTION('',(0.,0.,-1.));
#8726=DIRECTION('center_axis',(0.,0.,1.));
#8727=DIRECTION('ref_axis',(1.,-4.44089209850063E-16,0.));
#8728=DIRECTION('',(0.,0.,-1.));
#8729=DIRECTION('center_axis',(0.,0.,1.));
#8730=DIRECTION('ref_axis',(1.,-4.44089209850063E-16,0.));
#8731=DIRECTION('',(0.,0.,-1.));
#8732=DIRECTION('center_axis',(0.,0.,1.));
#8733=DIRECTION('ref_axis',(1.,-4.44089209850063E-16,0.));
#8734=DIRECTION('',(0.,0.,-1.));
#8735=DIRECTION('center_axis',(0.,0.,1.));
#8736=DIRECTION('ref_axis',(1.,-4.44089209850063E-16,0.));
#8737=DIRECTION('',(0.,0.,-1.));
#8738=DIRECTION('center_axis',(0.,0.,1.));
#8739=DIRECTION('ref_axis',(1.,-4.44089209850063E-16,0.));
#8740=DIRECTION('',(0.,0.,-1.));
#8741=DIRECTION('center_axis',(0.,0.,1.));
#8742=DIRECTION('ref_axis',(1.,-4.44089209850063E-16,0.));
#8743=DIRECTION('',(0.,0.,-1.));
#8744=DIRECTION('center_axis',(0.,0.,1.));
#8745=DIRECTION('ref_axis',(1.,-4.44089209850063E-16,0.));
#8746=DIRECTION('',(0.,0.,-1.));
#8747=DIRECTION('center_axis',(0.,0.,1.));
#8748=DIRECTION('ref_axis',(1.,-4.44089209850063E-16,0.));
#8749=DIRECTION('',(0.,0.,-1.));
#8750=DIRECTION('center_axis',(0.,0.,1.));
#8751=DIRECTION('ref_axis',(1.,-4.44089209850063E-16,0.));
#8752=DIRECTION('',(0.,0.,-1.));
#8753=DIRECTION('center_axis',(0.,0.,1.));
#8754=DIRECTION('ref_axis',(1.,-4.44089209850063E-16,0.));
#8755=DIRECTION('',(0.,0.,-1.));
#8756=DIRECTION('center_axis',(0.,0.,1.));
#8757=DIRECTION('ref_axis',(1.,-4.44089209850063E-16,0.));
#8758=DIRECTION('',(0.,0.,-1.));
#8759=DIRECTION('center_axis',(0.,0.,1.));
#8760=DIRECTION('ref_axis',(1.,-4.44089209850063E-16,0.));
#8761=DIRECTION('',(0.,0.,-1.));
#8762=DIRECTION('center_axis',(0.,0.,1.));
#8763=DIRECTION('ref_axis',(1.,-4.44089209850063E-16,0.));
#8764=DIRECTION('',(0.,0.,-1.));
#8765=DIRECTION('center_axis',(0.,0.,1.));
#8766=DIRECTION('ref_axis',(1.,-4.44089209850063E-16,0.));
#8767=DIRECTION('',(0.,0.,-1.));
#8768=DIRECTION('center_axis',(0.,0.,1.));
#8769=DIRECTION('ref_axis',(1.,-4.44089209850063E-16,0.));
#8770=DIRECTION('',(0.,0.,-1.));
#8771=DIRECTION('center_axis',(0.,0.,1.));
#8772=DIRECTION('ref_axis',(1.,-4.44089209850063E-16,0.));
#8773=DIRECTION('',(0.,0.,-1.));
#8774=DIRECTION('center_axis',(0.,0.,1.));
#8775=DIRECTION('ref_axis',(1.,-4.44089209850063E-16,0.));
#8776=DIRECTION('',(0.,0.,-1.));
#8777=DIRECTION('center_axis',(0.,0.,1.));
#8778=DIRECTION('ref_axis',(1.,-4.44089209850063E-16,0.));
#8779=DIRECTION('',(0.,0.,-1.));
#8780=DIRECTION('center_axis',(0.,0.,1.));
#8781=DIRECTION('ref_axis',(1.,-4.44089209850063E-16,0.));
#8782=DIRECTION('',(0.,0.,-1.));
#8783=DIRECTION('center_axis',(0.,0.,1.));
#8784=DIRECTION('ref_axis',(1.,-4.44089209850063E-16,0.));
#8785=DIRECTION('',(0.,0.,-1.));
#8786=DIRECTION('center_axis',(0.,0.,1.));
#8787=DIRECTION('ref_axis',(1.,-4.44089209850063E-16,0.));
#8788=DIRECTION('',(0.,0.,-1.));
#8789=DIRECTION('center_axis',(0.,0.,1.));
#8790=DIRECTION('ref_axis',(1.,-4.44089209850063E-16,0.));
#8791=DIRECTION('',(0.,0.,-1.));
#8792=DIRECTION('center_axis',(0.,0.,1.));
#8793=DIRECTION('ref_axis',(1.,-4.44089209850063E-16,0.));
#8794=DIRECTION('',(0.,0.,-1.));
#8795=DIRECTION('center_axis',(0.,0.,1.));
#8796=DIRECTION('ref_axis',(1.,-4.44089209850063E-16,0.));
#8797=DIRECTION('',(0.,0.,-1.));
#8798=DIRECTION('center_axis',(0.,0.,1.));
#8799=DIRECTION('ref_axis',(1.,-4.44089209850063E-16,0.));
#8800=DIRECTION('',(0.,0.,-1.));
#8801=DIRECTION('center_axis',(0.,0.,1.));
#8802=DIRECTION('ref_axis',(1.,-4.44089209850063E-16,0.));
#8803=DIRECTION('',(0.,0.,-1.));
#8804=DIRECTION('center_axis',(0.,0.,1.));
#8805=DIRECTION('ref_axis',(1.,-4.44089209850063E-16,0.));
#8806=DIRECTION('',(0.,0.,-1.));
#8807=DIRECTION('center_axis',(0.,0.,1.));
#8808=DIRECTION('ref_axis',(1.,-4.44089209850063E-16,0.));
#8809=DIRECTION('',(0.,0.,-1.));
#8810=DIRECTION('center_axis',(0.,0.,1.));
#8811=DIRECTION('ref_axis',(1.,-4.44089209850063E-16,0.));
#8812=DIRECTION('',(0.,0.,-1.));
#8813=DIRECTION('center_axis',(0.,0.,1.));
#8814=DIRECTION('ref_axis',(1.,-4.44089209850063E-16,0.));
#8815=DIRECTION('',(0.,0.,-1.));
#8816=DIRECTION('center_axis',(0.,0.,1.));
#8817=DIRECTION('ref_axis',(1.,-4.44089209850063E-16,0.));
#8818=DIRECTION('',(0.,0.,-1.));
#8819=DIRECTION('center_axis',(0.,0.,1.));
#8820=DIRECTION('ref_axis',(1.,-4.44089209850063E-16,0.));
#8821=DIRECTION('',(0.,0.,-1.));
#8822=DIRECTION('center_axis',(0.,0.,1.));
#8823=DIRECTION('ref_axis',(1.,-4.44089209850063E-16,0.));
#8824=DIRECTION('',(0.,0.,-1.));
#8825=DIRECTION('center_axis',(0.,0.,1.));
#8826=DIRECTION('ref_axis',(1.,-4.44089209850063E-16,0.));
#8827=DIRECTION('',(0.,0.,-1.));
#8828=DIRECTION('center_axis',(0.,0.,1.));
#8829=DIRECTION('ref_axis',(1.,-4.44089209850063E-16,0.));
#8830=DIRECTION('',(0.,0.,-1.));
#8831=DIRECTION('center_axis',(0.,0.,1.));
#8832=DIRECTION('ref_axis',(1.,-4.44089209850063E-16,0.));
#8833=DIRECTION('',(0.,0.,-1.));
#8834=DIRECTION('center_axis',(0.,0.,1.));
#8835=DIRECTION('ref_axis',(1.,-4.44089209850063E-16,0.));
#8836=DIRECTION('',(0.,0.,-1.));
#8837=DIRECTION('center_axis',(0.,0.,1.));
#8838=DIRECTION('ref_axis',(1.,-4.44089209850063E-16,0.));
#8839=DIRECTION('',(0.,0.,-1.));
#8840=DIRECTION('center_axis',(0.,0.,1.));
#8841=DIRECTION('ref_axis',(1.,-4.44089209850063E-16,0.));
#8842=DIRECTION('',(0.,0.,-1.));
#8843=DIRECTION('center_axis',(0.,0.,1.));
#8844=DIRECTION('ref_axis',(1.,-4.44089209850063E-16,0.));
#8845=DIRECTION('',(0.,0.,-1.));
#8846=DIRECTION('center_axis',(0.,0.,1.));
#8847=DIRECTION('ref_axis',(1.,-4.44089209850063E-16,0.));
#8848=DIRECTION('',(0.,0.,-1.));
#8849=DIRECTION('center_axis',(0.,0.,1.));
#8850=DIRECTION('ref_axis',(1.,-4.44089209850063E-16,0.));
#8851=DIRECTION('',(0.,0.,-1.));
#8852=DIRECTION('center_axis',(0.,0.,1.));
#8853=DIRECTION('ref_axis',(1.,-4.44089209850063E-16,0.));
#8854=DIRECTION('',(0.,0.,-1.));
#8855=DIRECTION('center_axis',(0.,0.,1.));
#8856=DIRECTION('ref_axis',(1.,-4.44089209850063E-16,0.));
#8857=DIRECTION('',(0.,0.,-1.));
#8858=DIRECTION('center_axis',(0.,0.,1.));
#8859=DIRECTION('ref_axis',(1.,-4.44089209850063E-16,0.));
#8860=DIRECTION('',(0.,0.,-1.));
#8861=DIRECTION('center_axis',(0.,0.,1.));
#8862=DIRECTION('ref_axis',(1.,-4.44089209850063E-16,0.));
#8863=DIRECTION('',(0.,0.,-1.));
#8864=DIRECTION('center_axis',(0.,0.,1.));
#8865=DIRECTION('ref_axis',(1.,-4.44089209850063E-16,0.));
#8866=DIRECTION('',(0.,0.,-1.));
#8867=DIRECTION('center_axis',(0.,0.,1.));
#8868=DIRECTION('ref_axis',(1.,-4.44089209850063E-16,0.));
#8869=DIRECTION('',(0.,0.,-1.));
#8870=DIRECTION('center_axis',(0.,0.,1.));
#8871=DIRECTION('ref_axis',(1.,-4.44089209850063E-16,0.));
#8872=DIRECTION('',(0.,0.,-1.));
#8873=DIRECTION('center_axis',(0.,0.,1.));
#8874=DIRECTION('ref_axis',(1.,-4.44089209850063E-16,0.));
#8875=DIRECTION('',(0.,0.,-1.));
#8876=DIRECTION('center_axis',(0.,0.,1.));
#8877=DIRECTION('ref_axis',(1.,-4.44089209850063E-16,0.));
#8878=DIRECTION('',(0.,0.,-1.));
#8879=DIRECTION('center_axis',(0.,0.,1.));
#8880=DIRECTION('ref_axis',(1.,-4.44089209850063E-16,0.));
#8881=DIRECTION('',(0.,0.,-1.));
#8882=DIRECTION('center_axis',(0.,0.,1.));
#8883=DIRECTION('ref_axis',(1.,-4.44089209850063E-16,0.));
#8884=DIRECTION('',(0.,0.,-1.));
#8885=DIRECTION('center_axis',(0.,0.,1.));
#8886=DIRECTION('ref_axis',(1.,-4.44089209850063E-16,0.));
#8887=DIRECTION('',(0.,0.,-1.));
#8888=DIRECTION('center_axis',(0.,0.,1.));
#8889=DIRECTION('ref_axis',(1.,-4.44089209850063E-16,0.));
#8890=DIRECTION('',(0.,0.,-1.));
#8891=DIRECTION('center_axis',(0.,0.,1.));
#8892=DIRECTION('ref_axis',(1.,-4.44089209850063E-16,0.));
#8893=DIRECTION('',(0.,0.,-1.));
#8894=DIRECTION('center_axis',(0.,0.,1.));
#8895=DIRECTION('ref_axis',(1.,-4.44089209850063E-16,0.));
#8896=DIRECTION('',(0.,0.,-1.));
#8897=DIRECTION('center_axis',(0.,0.,1.));
#8898=DIRECTION('ref_axis',(1.,-4.44089209850063E-16,0.));
#8899=DIRECTION('',(0.,0.,-1.));
#8900=DIRECTION('center_axis',(0.,0.,1.));
#8901=DIRECTION('ref_axis',(1.,-4.44089209850063E-16,0.));
#8902=DIRECTION('',(0.,0.,-1.));
#8903=DIRECTION('center_axis',(0.,0.,1.));
#8904=DIRECTION('ref_axis',(1.,-4.44089209850063E-16,0.));
#8905=DIRECTION('',(0.,0.,-1.));
#8906=DIRECTION('center_axis',(0.,0.,1.));
#8907=DIRECTION('ref_axis',(1.,-4.44089209850063E-16,0.));
#8908=DIRECTION('',(0.,0.,-1.));
#8909=DIRECTION('center_axis',(0.,0.,1.));
#8910=DIRECTION('ref_axis',(1.,-4.44089209850063E-16,0.));
#8911=DIRECTION('',(0.,0.,-1.));
#8912=DIRECTION('center_axis',(0.,0.,1.));
#8913=DIRECTION('ref_axis',(1.,-4.44089209850063E-16,0.));
#8914=DIRECTION('',(0.,0.,-1.));
#8915=DIRECTION('center_axis',(0.,0.,1.));
#8916=DIRECTION('ref_axis',(1.,-4.44089209850063E-16,0.));
#8917=DIRECTION('',(0.,0.,-1.));
#8918=DIRECTION('center_axis',(0.,0.,1.));
#8919=DIRECTION('ref_axis',(1.,-4.44089209850063E-16,0.));
#8920=DIRECTION('',(0.,0.,-1.));
#8921=DIRECTION('center_axis',(0.,0.,1.));
#8922=DIRECTION('ref_axis',(1.,-4.44089209850063E-16,0.));
#8923=DIRECTION('',(0.,0.,-1.));
#8924=DIRECTION('center_axis',(0.,0.,1.));
#8925=DIRECTION('ref_axis',(1.,-4.44089209850063E-16,0.));
#8926=DIRECTION('',(0.,0.,-1.));
#8927=DIRECTION('center_axis',(0.,0.,1.));
#8928=DIRECTION('ref_axis',(1.,-4.44089209850063E-16,0.));
#8929=DIRECTION('',(0.,0.,-1.));
#8930=DIRECTION('center_axis',(0.,0.,1.));
#8931=DIRECTION('ref_axis',(1.,-4.44089209850063E-16,0.));
#8932=DIRECTION('',(0.,0.,-1.));
#8933=DIRECTION('center_axis',(0.,0.,1.));
#8934=DIRECTION('ref_axis',(1.,-4.44089209850063E-16,0.));
#8935=DIRECTION('',(0.,0.,-1.));
#8936=DIRECTION('center_axis',(0.,0.,1.));
#8937=DIRECTION('ref_axis',(1.,-4.44089209850063E-16,0.));
#8938=DIRECTION('',(0.,0.,-1.));
#8939=DIRECTION('center_axis',(0.,0.,1.));
#8940=DIRECTION('ref_axis',(1.,-4.44089209850063E-16,0.));
#8941=DIRECTION('',(0.,0.,-1.));
#8942=DIRECTION('center_axis',(0.,0.,1.));
#8943=DIRECTION('ref_axis',(1.,-4.44089209850063E-16,0.));
#8944=DIRECTION('',(0.,0.,-1.));
#8945=DIRECTION('center_axis',(0.,0.,1.));
#8946=DIRECTION('ref_axis',(1.,-4.44089209850063E-16,0.));
#8947=DIRECTION('',(0.,0.,-1.));
#8948=DIRECTION('center_axis',(0.,0.,1.));
#8949=DIRECTION('ref_axis',(1.,-4.44089209850063E-16,0.));
#8950=DIRECTION('',(0.,0.,-1.));
#8951=DIRECTION('center_axis',(0.,0.,1.));
#8952=DIRECTION('ref_axis',(1.,-4.44089209850063E-16,0.));
#8953=DIRECTION('',(0.,0.,-1.));
#8954=DIRECTION('center_axis',(0.,0.,1.));
#8955=DIRECTION('ref_axis',(1.,-4.44089209850063E-16,0.));
#8956=DIRECTION('',(0.,0.,-1.));
#8957=DIRECTION('center_axis',(0.,0.,1.));
#8958=DIRECTION('ref_axis',(1.,-4.44089209850063E-16,0.));
#8959=DIRECTION('',(0.,0.,-1.));
#8960=DIRECTION('center_axis',(0.,0.,1.));
#8961=DIRECTION('ref_axis',(1.,-4.44089209850063E-16,0.));
#8962=DIRECTION('',(0.,0.,-1.));
#8963=DIRECTION('center_axis',(0.,0.,1.));
#8964=DIRECTION('ref_axis',(1.,-4.44089209850063E-16,0.));
#8965=DIRECTION('',(0.,0.,-1.));
#8966=DIRECTION('center_axis',(0.,0.,1.));
#8967=DIRECTION('ref_axis',(1.,-4.44089209850063E-16,0.));
#8968=DIRECTION('',(0.,0.,-1.));
#8969=DIRECTION('center_axis',(0.,0.,1.));
#8970=DIRECTION('ref_axis',(1.,-4.44089209850063E-16,0.));
#8971=DIRECTION('',(0.,0.,-1.));
#8972=DIRECTION('center_axis',(0.,0.,1.));
#8973=DIRECTION('ref_axis',(1.,-4.44089209850063E-16,0.));
#8974=DIRECTION('',(0.,0.,-1.));
#8975=DIRECTION('center_axis',(0.,0.,1.));
#8976=DIRECTION('ref_axis',(1.,-4.44089209850063E-16,0.));
#8977=DIRECTION('',(0.,0.,-1.));
#8978=DIRECTION('center_axis',(0.,0.,1.));
#8979=DIRECTION('ref_axis',(1.,-4.44089209850063E-16,0.));
#8980=DIRECTION('',(0.,0.,-1.));
#8981=DIRECTION('center_axis',(0.,0.,1.));
#8982=DIRECTION('ref_axis',(1.,-4.44089209850063E-16,0.));
#8983=DIRECTION('',(0.,0.,-1.));
#8984=DIRECTION('center_axis',(0.,0.,1.));
#8985=DIRECTION('ref_axis',(1.,-4.44089209850063E-16,0.));
#8986=DIRECTION('',(0.,0.,-1.));
#8987=DIRECTION('center_axis',(0.,0.,1.));
#8988=DIRECTION('ref_axis',(1.,-4.44089209850063E-16,0.));
#8989=DIRECTION('',(0.,0.,-1.));
#8990=DIRECTION('center_axis',(0.,0.,1.));
#8991=DIRECTION('ref_axis',(1.,-4.44089209850063E-16,0.));
#8992=DIRECTION('',(0.,0.,-1.));
#8993=DIRECTION('center_axis',(0.,0.,1.));
#8994=DIRECTION('ref_axis',(1.,-4.44089209850063E-16,0.));
#8995=DIRECTION('',(0.,0.,-1.));
#8996=DIRECTION('center_axis',(0.,0.,1.));
#8997=DIRECTION('ref_axis',(1.,-4.44089209850063E-16,0.));
#8998=DIRECTION('',(0.,0.,-1.));
#8999=DIRECTION('center_axis',(0.,0.,1.));
#9000=DIRECTION('ref_axis',(1.,-4.44089209850063E-16,0.));
#9001=DIRECTION('',(0.,0.,-1.));
#9002=DIRECTION('center_axis',(0.,0.,1.));
#9003=DIRECTION('ref_axis',(1.,-4.44089209850063E-16,0.));
#9004=DIRECTION('',(0.,0.,-1.));
#9005=DIRECTION('center_axis',(0.,0.,1.));
#9006=DIRECTION('ref_axis',(1.,-4.44089209850063E-16,0.));
#9007=DIRECTION('',(0.,0.,-1.));
#9008=DIRECTION('center_axis',(0.,0.,1.));
#9009=DIRECTION('ref_axis',(1.,-4.44089209850063E-16,0.));
#9010=DIRECTION('',(0.,0.,-1.));
#9011=DIRECTION('center_axis',(0.,0.,1.));
#9012=DIRECTION('ref_axis',(1.,-4.44089209850063E-16,0.));
#9013=DIRECTION('',(0.,0.,-1.));
#9014=DIRECTION('center_axis',(0.,0.,1.));
#9015=DIRECTION('ref_axis',(1.,-4.44089209850063E-16,0.));
#9016=DIRECTION('',(0.,0.,-1.));
#9017=DIRECTION('center_axis',(0.,0.,1.));
#9018=DIRECTION('ref_axis',(1.,-4.44089209850063E-16,0.));
#9019=DIRECTION('',(0.,0.,-1.));
#9020=DIRECTION('center_axis',(0.,0.,1.));
#9021=DIRECTION('ref_axis',(1.,-4.44089209850063E-16,0.));
#9022=DIRECTION('',(0.,0.,-1.));
#9023=DIRECTION('center_axis',(0.,0.,1.));
#9024=DIRECTION('ref_axis',(1.,-4.44089209850063E-16,0.));
#9025=DIRECTION('',(0.,0.,-1.));
#9026=DIRECTION('center_axis',(0.,0.,1.));
#9027=DIRECTION('ref_axis',(1.,-4.44089209850063E-16,0.));
#9028=DIRECTION('',(0.,0.,-1.));
#9029=DIRECTION('center_axis',(0.,0.,1.));
#9030=DIRECTION('ref_axis',(1.,-4.44089209850063E-16,0.));
#9031=DIRECTION('',(0.,0.,-1.));
#9032=DIRECTION('center_axis',(0.,0.,1.));
#9033=DIRECTION('ref_axis',(1.,-4.44089209850063E-16,0.));
#9034=DIRECTION('',(0.,0.,-1.));
#9035=DIRECTION('center_axis',(0.,0.,1.));
#9036=DIRECTION('ref_axis',(1.,-4.44089209850063E-16,0.));
#9037=DIRECTION('',(0.,0.,-1.));
#9038=DIRECTION('center_axis',(0.,0.,1.));
#9039=DIRECTION('ref_axis',(1.,-4.44089209850063E-16,0.));
#9040=DIRECTION('',(0.,0.,-1.));
#9041=DIRECTION('center_axis',(0.,0.,1.));
#9042=DIRECTION('ref_axis',(1.,-4.44089209850063E-16,0.));
#9043=DIRECTION('',(0.,0.,-1.));
#9044=DIRECTION('center_axis',(0.,0.,1.));
#9045=DIRECTION('ref_axis',(1.,-4.44089209850063E-16,0.));
#9046=DIRECTION('',(0.,0.,-1.));
#9047=DIRECTION('center_axis',(0.,0.,1.));
#9048=DIRECTION('ref_axis',(1.,-4.44089209850063E-16,0.));
#9049=DIRECTION('',(0.,0.,-1.));
#9050=DIRECTION('center_axis',(0.,0.,1.));
#9051=DIRECTION('ref_axis',(1.,-4.44089209850063E-16,0.));
#9052=DIRECTION('',(0.,0.,-1.));
#9053=DIRECTION('center_axis',(0.,0.,1.));
#9054=DIRECTION('ref_axis',(1.,-4.44089209850063E-16,0.));
#9055=DIRECTION('',(0.,0.,-1.));
#9056=DIRECTION('center_axis',(0.,0.,1.));
#9057=DIRECTION('ref_axis',(1.,-4.44089209850063E-16,0.));
#9058=DIRECTION('',(0.,0.,-1.));
#9059=DIRECTION('center_axis',(0.,0.,1.));
#9060=DIRECTION('ref_axis',(1.,-4.44089209850063E-16,0.));
#9061=DIRECTION('',(0.,0.,-1.));
#9062=DIRECTION('center_axis',(0.,0.,1.));
#9063=DIRECTION('ref_axis',(1.,-4.44089209850063E-16,0.));
#9064=DIRECTION('',(0.,0.,-1.));
#9065=DIRECTION('center_axis',(0.,0.,1.));
#9066=DIRECTION('ref_axis',(1.,-4.44089209850063E-16,0.));
#9067=DIRECTION('',(0.,0.,-1.));
#9068=DIRECTION('center_axis',(0.,0.,1.));
#9069=DIRECTION('ref_axis',(1.,-4.44089209850063E-16,0.));
#9070=DIRECTION('',(0.,0.,-1.));
#9071=DIRECTION('center_axis',(0.,0.,1.));
#9072=DIRECTION('ref_axis',(1.,-4.44089209850063E-16,0.));
#9073=DIRECTION('',(0.,0.,-1.));
#9074=DIRECTION('center_axis',(0.,0.,1.));
#9075=DIRECTION('ref_axis',(1.,-4.44089209850063E-16,0.));
#9076=DIRECTION('',(0.,0.,-1.));
#9077=DIRECTION('center_axis',(0.,0.,1.));
#9078=DIRECTION('ref_axis',(1.,-4.44089209850063E-16,0.));
#9079=DIRECTION('',(0.,0.,-1.));
#9080=DIRECTION('center_axis',(0.,0.,1.));
#9081=DIRECTION('ref_axis',(1.,-4.44089209850063E-16,0.));
#9082=DIRECTION('',(0.,0.,-1.));
#9083=DIRECTION('center_axis',(0.,0.,1.));
#9084=DIRECTION('ref_axis',(1.,-4.44089209850063E-16,0.));
#9085=DIRECTION('',(0.,0.,-1.));
#9086=DIRECTION('center_axis',(0.,0.,1.));
#9087=DIRECTION('ref_axis',(1.,-4.44089209850063E-16,0.));
#9088=DIRECTION('',(0.,0.,-1.));
#9089=DIRECTION('center_axis',(0.,0.,1.));
#9090=DIRECTION('ref_axis',(1.,-4.44089209850063E-16,0.));
#9091=DIRECTION('',(0.,0.,-1.));
#9092=DIRECTION('center_axis',(0.,0.,1.));
#9093=DIRECTION('ref_axis',(1.,-4.44089209850063E-16,0.));
#9094=DIRECTION('',(0.,0.,-1.));
#9095=DIRECTION('center_axis',(0.,0.,1.));
#9096=DIRECTION('ref_axis',(1.,-4.44089209850063E-16,0.));
#9097=DIRECTION('',(0.,0.,-1.));
#9098=DIRECTION('center_axis',(0.,0.,1.));
#9099=DIRECTION('ref_axis',(1.,-4.44089209850063E-16,0.));
#9100=DIRECTION('',(0.,0.,-1.));
#9101=DIRECTION('center_axis',(0.,0.,1.));
#9102=DIRECTION('ref_axis',(1.,-4.44089209850063E-16,0.));
#9103=DIRECTION('',(0.,0.,-1.));
#9104=DIRECTION('center_axis',(0.,0.,1.));
#9105=DIRECTION('ref_axis',(1.,-4.44089209850063E-16,0.));
#9106=DIRECTION('',(0.,0.,-1.));
#9107=DIRECTION('center_axis',(0.,0.,1.));
#9108=DIRECTION('ref_axis',(1.,-4.44089209850063E-16,0.));
#9109=DIRECTION('',(0.,0.,-1.));
#9110=DIRECTION('center_axis',(0.,0.,1.));
#9111=DIRECTION('ref_axis',(1.,-4.44089209850063E-16,0.));
#9112=DIRECTION('',(0.,0.,-1.));
#9113=DIRECTION('center_axis',(0.,0.,1.));
#9114=DIRECTION('ref_axis',(1.,-4.44089209850063E-16,0.));
#9115=DIRECTION('',(0.,0.,-1.));
#9116=DIRECTION('center_axis',(0.,0.,1.));
#9117=DIRECTION('ref_axis',(1.,-4.44089209850063E-16,0.));
#9118=DIRECTION('',(0.,0.,-1.));
#9119=DIRECTION('center_axis',(0.,0.,1.));
#9120=DIRECTION('ref_axis',(1.,-4.44089209850063E-16,0.));
#9121=DIRECTION('',(0.,0.,-1.));
#9122=DIRECTION('center_axis',(0.,0.,1.));
#9123=DIRECTION('ref_axis',(1.,-4.44089209850063E-16,0.));
#9124=DIRECTION('',(0.,0.,-1.));
#9125=DIRECTION('center_axis',(0.,0.,1.));
#9126=DIRECTION('ref_axis',(1.,-4.44089209850063E-16,0.));
#9127=DIRECTION('',(0.,0.,-1.));
#9128=DIRECTION('center_axis',(0.,0.,1.));
#9129=DIRECTION('ref_axis',(1.,-4.44089209850063E-16,0.));
#9130=DIRECTION('',(0.,0.,-1.));
#9131=DIRECTION('center_axis',(0.,0.,1.));
#9132=DIRECTION('ref_axis',(1.,-4.44089209850063E-16,0.));
#9133=DIRECTION('',(0.,0.,-1.));
#9134=DIRECTION('center_axis',(0.,0.,1.));
#9135=DIRECTION('ref_axis',(1.,-4.44089209850063E-16,0.));
#9136=DIRECTION('',(0.,0.,-1.));
#9137=DIRECTION('center_axis',(0.,0.,1.));
#9138=DIRECTION('ref_axis',(1.,-4.44089209850063E-16,0.));
#9139=DIRECTION('',(0.,0.,-1.));
#9140=DIRECTION('center_axis',(0.,0.,1.));
#9141=DIRECTION('ref_axis',(1.,-4.44089209850063E-16,0.));
#9142=DIRECTION('',(0.,0.,-1.));
#9143=DIRECTION('center_axis',(0.,0.,1.));
#9144=DIRECTION('ref_axis',(1.,-4.44089209850063E-16,0.));
#9145=DIRECTION('',(0.,0.,-1.));
#9146=DIRECTION('center_axis',(0.,0.,1.));
#9147=DIRECTION('ref_axis',(1.,-4.44089209850063E-16,0.));
#9148=DIRECTION('',(0.,0.,-1.));
#9149=DIRECTION('center_axis',(0.,0.,1.));
#9150=DIRECTION('ref_axis',(1.,-4.44089209850063E-16,0.));
#9151=DIRECTION('',(0.,0.,-1.));
#9152=DIRECTION('center_axis',(0.,0.,1.));
#9153=DIRECTION('ref_axis',(1.,-4.44089209850063E-16,0.));
#9154=DIRECTION('',(0.,0.,-1.));
#9155=DIRECTION('center_axis',(0.,0.,1.));
#9156=DIRECTION('ref_axis',(1.,-4.44089209850063E-16,0.));
#9157=DIRECTION('',(0.,0.,-1.));
#9158=DIRECTION('center_axis',(0.,0.,1.));
#9159=DIRECTION('ref_axis',(1.,-4.44089209850063E-16,0.));
#9160=DIRECTION('',(0.,0.,-1.));
#9161=DIRECTION('center_axis',(0.,0.,1.));
#9162=DIRECTION('ref_axis',(1.,-4.44089209850063E-16,0.));
#9163=DIRECTION('',(0.,0.,-1.));
#9164=DIRECTION('center_axis',(0.,0.,1.));
#9165=DIRECTION('ref_axis',(1.,-4.44089209850063E-16,0.));
#9166=DIRECTION('',(0.,0.,-1.));
#9167=DIRECTION('center_axis',(0.,0.,1.));
#9168=DIRECTION('ref_axis',(1.,-4.44089209850063E-16,0.));
#9169=DIRECTION('',(0.,0.,-1.));
#9170=DIRECTION('center_axis',(0.,0.,1.));
#9171=DIRECTION('ref_axis',(1.,-4.44089209850063E-16,0.));
#9172=DIRECTION('',(0.,0.,-1.));
#9173=DIRECTION('center_axis',(0.,0.,1.));
#9174=DIRECTION('ref_axis',(1.,-4.44089209850063E-16,0.));
#9175=DIRECTION('',(0.,0.,-1.));
#9176=DIRECTION('center_axis',(0.,0.,1.));
#9177=DIRECTION('ref_axis',(1.,-4.44089209850063E-16,0.));
#9178=DIRECTION('',(0.,0.,-1.));
#9179=DIRECTION('center_axis',(0.,0.,1.));
#9180=DIRECTION('ref_axis',(1.,-4.44089209850063E-16,0.));
#9181=DIRECTION('',(0.,0.,-1.));
#9182=DIRECTION('center_axis',(0.,0.,1.));
#9183=DIRECTION('ref_axis',(1.,-4.44089209850063E-16,0.));
#9184=DIRECTION('',(0.,0.,-1.));
#9185=DIRECTION('center_axis',(0.,0.,1.));
#9186=DIRECTION('ref_axis',(1.,-4.44089209850063E-16,0.));
#9187=DIRECTION('',(0.,0.,-1.));
#9188=DIRECTION('center_axis',(0.,0.,1.));
#9189=DIRECTION('ref_axis',(1.,-4.44089209850063E-16,0.));
#9190=DIRECTION('',(0.,0.,-1.));
#9191=DIRECTION('center_axis',(0.,0.,1.));
#9192=DIRECTION('ref_axis',(1.,-4.44089209850063E-16,0.));
#9193=DIRECTION('',(0.,0.,-1.));
#9194=DIRECTION('center_axis',(0.,0.,1.));
#9195=DIRECTION('ref_axis',(1.,-4.44089209850063E-16,0.));
#9196=DIRECTION('',(0.,0.,-1.));
#9197=DIRECTION('center_axis',(0.,0.,1.));
#9198=DIRECTION('ref_axis',(1.,-4.44089209850063E-16,0.));
#9199=DIRECTION('',(0.,0.,-1.));
#9200=DIRECTION('center_axis',(0.,0.,1.));
#9201=DIRECTION('ref_axis',(1.,-4.44089209850063E-16,0.));
#9202=DIRECTION('',(0.,0.,-1.));
#9203=DIRECTION('center_axis',(0.,0.,1.));
#9204=DIRECTION('ref_axis',(1.,-4.44089209850063E-16,0.));
#9205=DIRECTION('',(0.,0.,-1.));
#9206=DIRECTION('center_axis',(0.,0.,1.));
#9207=DIRECTION('ref_axis',(1.,-4.44089209850063E-16,0.));
#9208=DIRECTION('',(0.,0.,-1.));
#9209=DIRECTION('center_axis',(0.,0.,1.));
#9210=DIRECTION('ref_axis',(1.,-4.44089209850063E-16,0.));
#9211=DIRECTION('',(0.,0.,-1.));
#9212=DIRECTION('center_axis',(0.,0.,1.));
#9213=DIRECTION('ref_axis',(1.,-4.44089209850063E-16,0.));
#9214=DIRECTION('',(0.,0.,-1.));
#9215=DIRECTION('center_axis',(0.,0.,1.));
#9216=DIRECTION('ref_axis',(1.,-4.44089209850063E-16,0.));
#9217=DIRECTION('',(0.,0.,-1.));
#9218=DIRECTION('center_axis',(-0.64018439966448,-0.768221279597376,0.));
#9219=DIRECTION('ref_axis',(0.768221279597376,-0.64018439966448,0.));
#9220=DIRECTION('center_axis',(1.,-4.44089209850063E-16,0.));
#9221=DIRECTION('ref_axis',(4.44089209850062E-16,1.,0.));
#9222=CARTESIAN_POINT('',(0.,0.,0.));
#9223=CARTESIAN_POINT('Ctrl Pts',(1.98873650323688,-2.2560081021767,-0.124999999999993));
#9224=CARTESIAN_POINT('Ctrl Pts',(1.98873650323688,-2.2560081021767,-0.149999999999993));
#9225=CARTESIAN_POINT('Ctrl Pts',(2.08370933835855,-2.15846134965699,-0.124999999999993));
#9226=CARTESIAN_POINT('Ctrl Pts',(2.08370933835855,-2.15846134965699,-0.149999999999993));
#9227=CARTESIAN_POINT('Ctrl Pts',(2.27722755559674,-1.95969847582254,-0.124999999999993));
#9228=CARTESIAN_POINT('Ctrl Pts',(2.27722755559674,-1.95969847582254,-0.149999999999993));
#9229=CARTESIAN_POINT('Ctrl Pts',(2.55389364423575,-1.93440852773884,-0.124999999999993));
#9230=CARTESIAN_POINT('Ctrl Pts',(2.55389364423575,-1.93440852773884,-0.149999999999993));
#9231=CARTESIAN_POINT('Ctrl Pts',(2.69478046002351,-1.92153011436162,-0.124999999999993));
#9232=CARTESIAN_POINT('Ctrl Pts',(2.69478046002351,-1.92153011436162,-0.149999999999993));
#9233=CARTESIAN_POINT('',(2.40086197212527,-1.96548616508424,-0.149999999999993));
#9234=CARTESIAN_POINT('',(2.40086197212527,-1.96548616508424,-0.124999999999993));
#9235=CARTESIAN_POINT('Ctrl Pts',(2.40086197212527,-1.96548616508424,-0.149999999999993));
#9236=CARTESIAN_POINT('Ctrl Pts',(2.40086197212527,-1.96548616508424,-0.145833333333326));
#9237=CARTESIAN_POINT('Ctrl Pts',(2.40086197212527,-1.96548616508424,-0.141666666666659));
#9238=CARTESIAN_POINT('Ctrl Pts',(2.40086197212527,-1.96548616508424,-0.133333333333326));
#9239=CARTESIAN_POINT('Ctrl Pts',(2.40086197212527,-1.96548616508424,-0.129166666666659));
#9240=CARTESIAN_POINT('Ctrl Pts',(2.40086197212527,-1.96548616508424,-0.124999999999993));
#9241=CARTESIAN_POINT('',(1.98873650323688,-2.2560081021767,-0.124999999999993));
#9242=CARTESIAN_POINT('Ctrl Pts',(1.98873650323688,-2.2560081021767,-0.124999999999993));
#9243=CARTESIAN_POINT('Ctrl Pts',(2.08370933835855,-2.15846134965699,-0.124999999999993));
#9244=CARTESIAN_POINT('Ctrl Pts',(2.2068693869479,-2.03196346460734,-0.124999999999993));
#9245=CARTESIAN_POINT('Ctrl Pts',(2.36370750046266,-1.97572874273682,-0.124999999999993));
#9246=CARTESIAN_POINT('Ctrl Pts',(2.40086197212527,-1.96548616508424,-0.124999999999993));
#9247=CARTESIAN_POINT('',(1.98873650323688,-2.2560081021767,-0.149999999999993));
#9248=CARTESIAN_POINT('',(1.98873650323688,-2.2560081021767,-0.124999999999993));
#9249=CARTESIAN_POINT('Ctrl Pts',(1.98873650323688,-2.2560081021767,-0.149999999999993));
#9250=CARTESIAN_POINT('Ctrl Pts',(2.08370933835855,-2.15846134965699,-0.149999999999993));
#9251=CARTESIAN_POINT('Ctrl Pts',(2.2068693869479,-2.03196346460734,-0.149999999999993));
#9252=CARTESIAN_POINT('Ctrl Pts',(2.36370750046266,-1.97572874273682,-0.149999999999993));
#9253=CARTESIAN_POINT('Ctrl Pts',(2.40086197212527,-1.96548616508424,-0.149999999999993));
#9254=CARTESIAN_POINT('Ctrl Pts',(2.54093439513305,-3.43114549435593,-0.124999999999993));
#9255=CARTESIAN_POINT('Ctrl Pts',(2.54093439513305,-3.43114549435593,-0.149999999999993));
#9256=CARTESIAN_POINT('Ctrl Pts',(2.57591627155744,-3.42840552030438,-0.124999999999993));
#9257=CARTESIAN_POINT('Ctrl Pts',(2.57591627155744,-3.42840552030438,-0.149999999999993));
#9258=CARTESIAN_POINT('Ctrl Pts',(2.64402595514288,-3.42307079316111,-0.124999999999993));
#9259=CARTESIAN_POINT('Ctrl Pts',(2.64402595514288,-3.42307079316111,-0.149999999999993));
#9260=CARTESIAN_POINT('Ctrl Pts',(2.69573075773649,-3.37859988460888,-0.124999999999993));
#9261=CARTESIAN_POINT('Ctrl Pts',(2.69573075773649,-3.37859988460888,-0.149999999999993));
#9262=CARTESIAN_POINT('Ctrl Pts',(2.72087940972621,-3.35696971977414,-0.124999999999993));
#9263=CARTESIAN_POINT('Ctrl Pts',(2.72087940972621,-3.35696971977414,-0.149999999999993));
#9264=CARTESIAN_POINT('',(2.54093439513305,-3.43114549435593,-0.124999999999993));
#9265=CARTESIAN_POINT('',(2.72087940972621,-3.35696971977414,-0.124999999999993));
#9266=CARTESIAN_POINT('Ctrl Pts',(2.54093439513305,-3.43114549435593,-0.124999999999993));
#9267=CARTESIAN_POINT('Ctrl Pts',(2.57591627155744,-3.42840552030438,-0.124999999999993));
#9268=CARTESIAN_POINT('Ctrl Pts',(2.64402595514288,-3.42307079316111,-0.124999999999993));
#9269=CARTESIAN_POINT('Ctrl Pts',(2.69573075773649,-3.37859988460888,-0.124999999999993));
#9270=CARTESIAN_POINT('Ctrl Pts',(2.72087940972621,-3.35696971977414,-0.124999999999993));
#9271=CARTESIAN_POINT('',(2.54093439513305,-3.43114549435593,-0.149999999999993));
#9272=CARTESIAN_POINT('',(2.54093439513305,-3.43114549435593,-0.124999999999993));
#9273=CARTESIAN_POINT('',(2.72087940972621,-3.35696971977414,-0.149999999999993));
#9274=CARTESIAN_POINT('Ctrl Pts',(2.54093439513305,-3.43114549435593,-0.149999999999993));
#9275=CARTESIAN_POINT('Ctrl Pts',(2.57591627155744,-3.42840552030438,-0.149999999999993));
#9276=CARTESIAN_POINT('Ctrl Pts',(2.64402595514288,-3.42307079316111,-0.149999999999993));
#9277=CARTESIAN_POINT('Ctrl Pts',(2.69573075773649,-3.37859988460888,-0.149999999999993));
#9278=CARTESIAN_POINT('Ctrl Pts',(2.72087940972621,-3.35696971977414,-0.149999999999993));
#9279=CARTESIAN_POINT('',(2.72087940972621,-3.35696971977414,-0.124999999999993));
#9280=CARTESIAN_POINT('Ctrl Pts',(2.31565962579307,-3.14268398188794,-0.124999999999993));
#9281=CARTESIAN_POINT('Ctrl Pts',(2.31565962579307,-3.14268398188794,-0.149999999999993));
#9282=CARTESIAN_POINT('Ctrl Pts',(2.32077413102988,-3.22656340116337,-0.124999999999993));
#9283=CARTESIAN_POINT('Ctrl Pts',(2.32077413102988,-3.22656340116337,-0.149999999999993));
#9284=CARTESIAN_POINT('Ctrl Pts',(2.33009138018844,-3.37936908079017,-0.124999999999993));
#9285=CARTESIAN_POINT('Ctrl Pts',(2.33009138018844,-3.37936908079017,-0.149999999999993));
#9286=CARTESIAN_POINT('Ctrl Pts',(2.47539300067823,-3.41505058912106,-0.124999999999993));
#9287=CARTESIAN_POINT('Ctrl Pts',(2.47539300067823,-3.41505058912106,-0.149999999999993));
#9288=CARTESIAN_POINT('Ctrl Pts',(2.54093439513305,-3.43114549435593,-0.124999999999993));
#9289=CARTESIAN_POINT('Ctrl Pts',(2.54093439513305,-3.43114549435593,-0.149999999999993));
#9290=CARTESIAN_POINT('',(2.31565962579307,-3.14268398188794,-0.124999999999993));
#9291=CARTESIAN_POINT('Ctrl Pts',(2.31565962579307,-3.14268398188794,-0.124999999999993));
#9292=CARTESIAN_POINT('Ctrl Pts',(2.32077413102988,-3.22656340116337,-0.124999999999993));
#9293=CARTESIAN_POINT('Ctrl Pts',(2.33009138018844,-3.37936908079017,-0.124999999999993));
#9294=CARTESIAN_POINT('Ctrl Pts',(2.47539300067823,-3.41505058912106,-0.124999999999993));
#9295=CARTESIAN_POINT('Ctrl Pts',(2.54093439513305,-3.43114549435593,-0.124999999999993));
#9296=CARTESIAN_POINT('',(2.31565962579307,-3.14268398188794,-0.149999999999993));
#9297=CARTESIAN_POINT('',(2.31565962579307,-3.14268398188794,-0.124999999999993));
#9298=CARTESIAN_POINT('Ctrl Pts',(2.31565962579307,-3.14268398188794,-0.149999999999993));
#9299=CARTESIAN_POINT('Ctrl Pts',(2.32077413102988,-3.22656340116337,-0.149999999999993));
#9300=CARTESIAN_POINT('Ctrl Pts',(2.33009138018844,-3.37936908079017,-0.149999999999993));
#9301=CARTESIAN_POINT('Ctrl Pts',(2.47539300067823,-3.41505058912106,-0.149999999999993));
#9302=CARTESIAN_POINT('Ctrl Pts',(2.54093439513305,-3.43114549435593,-0.149999999999993));
#9303=CARTESIAN_POINT('Ctrl Pts',(2.39189593763802,-2.65642009098324,-0.124999999999993));
#9304=CARTESIAN_POINT('Ctrl Pts',(2.39189593763802,-2.65642009098324,-0.149999999999993));
#9305=CARTESIAN_POINT('Ctrl Pts',(2.36981393573384,-2.7480044537699,-0.124999999999993));
#9306=CARTESIAN_POINT('Ctrl Pts',(2.36981393573384,-2.7480044537699,-0.149999999999993));
#9307=CARTESIAN_POINT('Ctrl Pts',(2.33120492134636,-2.9081340469038,-0.124999999999993));
#9308=CARTESIAN_POINT('Ctrl Pts',(2.33120492134636,-2.9081340469038,-0.149999999999993));
#9309=CARTESIAN_POINT('Ctrl Pts',(2.32031932487273,-3.07237768810067,-0.124999999999993));
#9310=CARTESIAN_POINT('Ctrl Pts',(2.32031932487273,-3.07237768810067,-0.149999999999993));
#9311=CARTESIAN_POINT('Ctrl Pts',(2.31565962579307,-3.14268398188794,-0.124999999999993));
#9312=CARTESIAN_POINT('Ctrl Pts',(2.31565962579307,-3.14268398188794,-0.149999999999993));
#9313=CARTESIAN_POINT('',(2.39189593763802,-2.65642009098324,-0.124999999999993));
#9314=CARTESIAN_POINT('Ctrl Pts',(2.39189593763802,-2.65642009098324,-0.124999999999993));
#9315=CARTESIAN_POINT('Ctrl Pts',(2.36981393573384,-2.7480044537699,-0.124999999999993));
#9316=CARTESIAN_POINT('Ctrl Pts',(2.33120492134636,-2.9081340469038,-0.124999999999993));
#9317=CARTESIAN_POINT('Ctrl Pts',(2.32031932487273,-3.07237768810067,-0.124999999999993));
#9318=CARTESIAN_POINT('Ctrl Pts',(2.31565962579307,-3.14268398188794,-0.124999999999993));
#9319=CARTESIAN_POINT('',(2.39189593763802,-2.65642009098324,-0.149999999999993));
#9320=CARTESIAN_POINT('',(2.39189593763802,-2.65642009098324,-0.124999999999993));
#9321=CARTESIAN_POINT('Ctrl Pts',(2.39189593763802,-2.65642009098324,-0.149999999999993));
#9322=CARTESIAN_POINT('Ctrl Pts',(2.36981393573384,-2.7480044537699,-0.149999999999993));
#9323=CARTESIAN_POINT('Ctrl Pts',(2.33120492134636,-2.9081340469038,-0.149999999999993));
#9324=CARTESIAN_POINT('Ctrl Pts',(2.32031932487273,-3.07237768810067,-0.149999999999993));
#9325=CARTESIAN_POINT('Ctrl Pts',(2.31565962579307,-3.14268398188794,-0.149999999999993));
#9326=CARTESIAN_POINT('Ctrl Pts',(2.6769234716423,-2.34735414453942,-0.124999999999993));
#9327=CARTESIAN_POINT('Ctrl Pts',(2.6769234716423,-2.34735414453942,-0.149999999999993));
#9328=CARTESIAN_POINT('Ctrl Pts',(2.61168184689076,-2.36623938468697,-0.124999999999993));
#9329=CARTESIAN_POINT('Ctrl Pts',(2.61168184689076,-2.36623938468697,-0.149999999999993));
#9330=CARTESIAN_POINT('Ctrl Pts',(2.45929929440899,-2.41034897130247,-0.124999999999993));
#9331=CARTESIAN_POINT('Ctrl Pts',(2.45929929440899,-2.41034897130247,-0.149999999999993));
#9332=CARTESIAN_POINT('Ctrl Pts',(2.41641792202116,-2.56689706953407,-0.124999999999993));
#9333=CARTESIAN_POINT('Ctrl Pts',(2.41641792202116,-2.56689706953407,-0.149999999999993));
#9334=CARTESIAN_POINT('Ctrl Pts',(2.39189593763802,-2.65642009098324,-0.124999999999993));
#9335=CARTESIAN_POINT('Ctrl Pts',(2.39189593763802,-2.65642009098324,-0.149999999999993));
#9336=CARTESIAN_POINT('',(2.6769234716423,-2.34735414453942,-0.124999999999993));
#9337=CARTESIAN_POINT('Ctrl Pts',(2.6769234716423,-2.34735414453942,-0.124999999999993));
#9338=CARTESIAN_POINT('Ctrl Pts',(2.61168184689076,-2.36623938468697,-0.124999999999993));
#9339=CARTESIAN_POINT('Ctrl Pts',(2.45929929440899,-2.41034897130247,-0.124999999999993));
#9340=CARTESIAN_POINT('Ctrl Pts',(2.41641792202116,-2.56689706953407,-0.124999999999993));
#9341=CARTESIAN_POINT('Ctrl Pts',(2.39189593763802,-2.65642009098324,-0.124999999999993));
#9342=CARTESIAN_POINT('',(2.6769234716423,-2.34735414453942,-0.149999999999993));
#9343=CARTESIAN_POINT('',(2.6769234716423,-2.34735414453942,-0.124999999999993));
#9344=CARTESIAN_POINT('Ctrl Pts',(2.6769234716423,-2.34735414453942,-0.149999999999993));
#9345=CARTESIAN_POINT('Ctrl Pts',(2.61168184689076,-2.36623938468697,-0.149999999999993));
#9346=CARTESIAN_POINT('Ctrl Pts',(2.45929929440899,-2.41034897130247,-0.149999999999993));
#9347=CARTESIAN_POINT('Ctrl Pts',(2.41641792202116,-2.56689706953407,-0.149999999999993));
#9348=CARTESIAN_POINT('Ctrl Pts',(2.39189593763802,-2.65642009098324,-0.149999999999993));
#9349=CARTESIAN_POINT('Ctrl Pts',(2.84862671264514,-2.43251904444056,-0.124999999999993));
#9350=CARTESIAN_POINT('Ctrl Pts',(2.84862671264514,-2.43251904444056,-0.149999999999993));
#9351=CARTESIAN_POINT('Ctrl Pts',(2.8276705025778,-2.40770359225529,-0.124999999999993));
#9352=CARTESIAN_POINT('Ctrl Pts',(2.8276705025778,-2.40770359225529,-0.149999999999993));
#9353=CARTESIAN_POINT('Ctrl Pts',(2.78307094937969,-2.35489069926004,-0.124999999999993));
#9354=CARTESIAN_POINT('Ctrl Pts',(2.78307094937969,-2.35489069926004,-0.149999999999993));
#9355=CARTESIAN_POINT('Ctrl Pts',(2.71369918565238,-2.34996524926781,-0.124999999999993));
#9356=CARTESIAN_POINT('Ctrl Pts',(2.71369918565238,-2.34996524926781,-0.149999999999993));
#9357=CARTESIAN_POINT('Ctrl Pts',(2.6769234716423,-2.34735414453942,-0.124999999999993));
#9358=CARTESIAN_POINT('Ctrl Pts',(2.6769234716423,-2.34735414453942,-0.149999999999993));
#9359=CARTESIAN_POINT('',(2.84862671264514,-2.43251904444056,-0.124999999999993));
#9360=CARTESIAN_POINT('Ctrl Pts',(2.84862671264514,-2.43251904444056,-0.124999999999993));
#9361=CARTESIAN_POINT('Ctrl Pts',(2.8276705025778,-2.40770359225529,-0.124999999999993));
#9362=CARTESIAN_POINT('Ctrl Pts',(2.78307094937969,-2.35489069926004,-0.124999999999993));
#9363=CARTESIAN_POINT('Ctrl Pts',(2.71369918565238,-2.34996524926781,-0.124999999999993));
#9364=CARTESIAN_POINT('Ctrl Pts',(2.6769234716423,-2.34735414453942,-0.124999999999993));
#9365=CARTESIAN_POINT('',(2.84862671264514,-2.43251904444056,-0.149999999999993));
#9366=CARTESIAN_POINT('',(2.84862671264514,-2.43251904444056,-0.124999999999993));
#9367=CARTESIAN_POINT('Ctrl Pts',(2.84862671264514,-2.43251904444056,-0.149999999999993));
#9368=CARTESIAN_POINT('Ctrl Pts',(2.8276705025778,-2.40770359225529,-0.149999999999993));
#9369=CARTESIAN_POINT('Ctrl Pts',(2.78307094937969,-2.35489069926004,-0.149999999999993));
#9370=CARTESIAN_POINT('Ctrl Pts',(2.71369918565238,-2.34996524926781,-0.149999999999993));
#9371=CARTESIAN_POINT('Ctrl Pts',(2.6769234716423,-2.34735414453942,-0.149999999999993));
#9372=CARTESIAN_POINT('Ctrl Pts',(2.90219824098227,-2.69076081427627,-0.124999999999993));
#9373=CARTESIAN_POINT('Ctrl Pts',(2.90219824098227,-2.69076081427627,-0.149999999999993));
#9374=CARTESIAN_POINT('Ctrl Pts',(2.90079227481257,-2.63959916426401,-0.124999999999993));
#9375=CARTESIAN_POINT('Ctrl Pts',(2.90079227481257,-2.63959916426401,-0.149999999999993));
#9376=CARTESIAN_POINT('Ctrl Pts',(2.89833100485492,-2.55003610444531,-0.124999999999993));
#9377=CARTESIAN_POINT('Ctrl Pts',(2.89833100485492,-2.55003610444531,-0.149999999999993));
#9378=CARTESIAN_POINT('Ctrl Pts',(2.86354268814895,-2.46778524601754,-0.124999999999993));
#9379=CARTESIAN_POINT('Ctrl Pts',(2.86354268814895,-2.46778524601754,-0.149999999999993));
#9380=CARTESIAN_POINT('Ctrl Pts',(2.84862671264514,-2.43251904444056,-0.124999999999993));
#9381=CARTESIAN_POINT('Ctrl Pts',(2.84862671264514,-2.43251904444056,-0.149999999999993));
#9382=CARTESIAN_POINT('',(2.90219824098227,-2.69076081427627,-0.124999999999993));
#9383=CARTESIAN_POINT('Ctrl Pts',(2.90219824098227,-2.69076081427627,-0.124999999999993));
#9384=CARTESIAN_POINT('Ctrl Pts',(2.90079227481257,-2.63959916426401,-0.124999999999993));
#9385=CARTESIAN_POINT('Ctrl Pts',(2.89833100485492,-2.55003610444531,-0.124999999999993));
#9386=CARTESIAN_POINT('Ctrl Pts',(2.86354268814895,-2.46778524601754,-0.124999999999993));
#9387=CARTESIAN_POINT('Ctrl Pts',(2.84862671264514,-2.43251904444056,-0.124999999999993));
#9388=CARTESIAN_POINT('',(2.90219824098227,-2.69076081427627,-0.149999999999993));
#9389=CARTESIAN_POINT('',(2.90219824098227,-2.69076081427627,-0.124999999999993));
#9390=CARTESIAN_POINT('Ctrl Pts',(2.90219824098227,-2.69076081427627,-0.149999999999993));
#9391=CARTESIAN_POINT('Ctrl Pts',(2.90079227481257,-2.63959916426401,-0.149999999999993));
#9392=CARTESIAN_POINT('Ctrl Pts',(2.89833100485492,-2.55003610444531,-0.149999999999993));
#9393=CARTESIAN_POINT('Ctrl Pts',(2.86354268814895,-2.46778524601754,-0.149999999999993));
#9394=CARTESIAN_POINT('Ctrl Pts',(2.84862671264514,-2.43251904444056,-0.149999999999993));
#9395=CARTESIAN_POINT('Origin',(3.43104425330801,-2.65229929805365,-0.124999999999993));
#9396=CARTESIAN_POINT('',(3.43104425330801,-2.65229929805365,-0.124999999999993));
#9397=CARTESIAN_POINT('',(2.97042529638858,-2.68579884815159,-0.124999999999993));
#9398=CARTESIAN_POINT('',(3.43104425330801,-2.65229929805365,-0.149999999999993));
#9399=CARTESIAN_POINT('',(3.43104425330801,-2.65229929805365,-0.124999999999993));
#9400=CARTESIAN_POINT('',(3.43104425330801,-2.65229929805365,-0.149999999999993));
#9401=CARTESIAN_POINT('Ctrl Pts',(3.22431338068069,-2.12207956293061,-0.124999999999993));
#9402=CARTESIAN_POINT('Ctrl Pts',(3.22431338068069,-2.12207956293061,-0.149999999999993));
#9403=CARTESIAN_POINT('Ctrl Pts',(3.28357915586532,-2.19638576701846,-0.124999999999993));
#9404=CARTESIAN_POINT('Ctrl Pts',(3.28357915586532,-2.19638576701846,-0.149999999999993));
#9405=CARTESIAN_POINT('Ctrl Pts',(3.40713386898745,-2.3512961128406,-0.124999999999993));
#9406=CARTESIAN_POINT('Ctrl Pts',(3.40713386898745,-2.3512961128406,-0.149999999999993));
#9407=CARTESIAN_POINT('Ctrl Pts',(3.42286099449157,-2.54928184186606,-0.124999999999993));
#9408=CARTESIAN_POINT('Ctrl Pts',(3.42286099449157,-2.54928184186606,-0.149999999999993));
#9409=CARTESIAN_POINT('Ctrl Pts',(3.43104425330801,-2.65229929805365,-0.124999999999993));
#9410=CARTESIAN_POINT('Ctrl Pts',(3.43104425330801,-2.65229929805365,-0.149999999999993));
#9411=CARTESIAN_POINT('',(3.22431338068069,-2.12207956293061,-0.124999999999993));
#9412=CARTESIAN_POINT('Ctrl Pts',(3.22431338068069,-2.12207956293061,-0.124999999999993));
#9413=CARTESIAN_POINT('Ctrl Pts',(3.28357915586532,-2.19638576701846,-0.124999999999993));
#9414=CARTESIAN_POINT('Ctrl Pts',(3.40713386898745,-2.3512961128406,-0.124999999999993));
#9415=CARTESIAN_POINT('Ctrl Pts',(3.42286099449157,-2.54928184186606,-0.124999999999993));
#9416=CARTESIAN_POINT('Ctrl Pts',(3.43104425330801,-2.65229929805365,-0.124999999999993));
#9417=CARTESIAN_POINT('',(3.22431338068069,-2.12207956293061,-0.149999999999993));
#9418=CARTESIAN_POINT('',(3.22431338068069,-2.12207956293061,-0.124999999999993));
#9419=CARTESIAN_POINT('Ctrl Pts',(3.22431338068069,-2.12207956293061,-0.149999999999993));
#9420=CARTESIAN_POINT('Ctrl Pts',(3.28357915586532,-2.19638576701846,-0.149999999999993));
#9421=CARTESIAN_POINT('Ctrl Pts',(3.40713386898745,-2.3512961128406,-0.149999999999993));
#9422=CARTESIAN_POINT('Ctrl Pts',(3.42286099449157,-2.54928184186606,-0.149999999999993));
#9423=CARTESIAN_POINT('Ctrl Pts',(3.43104425330801,-2.65229929805365,-0.149999999999993));
#9424=CARTESIAN_POINT('Ctrl Pts',(2.69478046002351,-1.92153011436162,-0.124999999999993));
#9425=CARTESIAN_POINT('Ctrl Pts',(2.69478046002351,-1.92153011436162,-0.149999999999993));
#9426=CARTESIAN_POINT('Ctrl Pts',(2.79716180270054,-1.92852859992971,-0.124999999999993));
#9427=CARTESIAN_POINT('Ctrl Pts',(2.79716180270054,-1.92852859992971,-0.149999999999993));
#9428=CARTESIAN_POINT('Ctrl Pts',(2.99436582864129,-1.9420088834797,-0.124999999999993));
#9429=CARTESIAN_POINT('Ctrl Pts',(2.99436582864129,-1.9420088834797,-0.149999999999993));
#9430=CARTESIAN_POINT('Ctrl Pts',(3.14964814216981,-2.06360962006419,-0.124999999999993));
#9431=CARTESIAN_POINT('Ctrl Pts',(3.14964814216981,-2.06360962006419,-0.149999999999993));
#9432=CARTESIAN_POINT('Ctrl Pts',(3.22431338068069,-2.12207956293061,-0.124999999999993));
#9433=CARTESIAN_POINT('Ctrl Pts',(3.22431338068069,-2.12207956293061,-0.149999999999993));
#9434=CARTESIAN_POINT('',(2.92520917904255,-1.95076977657205,-0.124999999999993));
#9435=CARTESIAN_POINT('',(2.92520917904255,-1.95076977657205,-0.149999999999993));
#9436=CARTESIAN_POINT('Ctrl Pts',(2.92520917904254,-1.95076977657205,-0.124999999999993));
#9437=CARTESIAN_POINT('Ctrl Pts',(2.92520917904254,-1.95076977657205,-0.129166666666659));
#9438=CARTESIAN_POINT('Ctrl Pts',(2.92520917904255,-1.95076977657205,-0.133333333333326));
#9439=CARTESIAN_POINT('Ctrl Pts',(2.92520917904255,-1.95076977657205,-0.141666666666659));
#9440=CARTESIAN_POINT('Ctrl Pts',(2.92520917904255,-1.95076977657205,-0.145833333333326));
#9441=CARTESIAN_POINT('Ctrl Pts',(2.92520917904255,-1.95076977657205,-0.149999999999993));
#9442=CARTESIAN_POINT('Ctrl Pts',(2.92520917904255,-1.95076977657205,-0.149999999999993));
#9443=CARTESIAN_POINT('Ctrl Pts',(2.94753341165773,-1.95639744363716,-0.149999999999993));
#9444=CARTESIAN_POINT('Ctrl Pts',(3.05618443500365,-1.99041869846425,-0.149999999999993));
#9445=CARTESIAN_POINT('Ctrl Pts',(3.14964814216981,-2.06360962006419,-0.149999999999993));
#9446=CARTESIAN_POINT('Ctrl Pts',(3.22431338068069,-2.12207956293061,-0.149999999999993));
#9447=CARTESIAN_POINT('Ctrl Pts',(2.92520917904254,-1.95076977657205,-0.124999999999993));
#9448=CARTESIAN_POINT('Ctrl Pts',(2.94753341165773,-1.95639744363716,-0.124999999999993));
#9449=CARTESIAN_POINT('Ctrl Pts',(3.05618443500365,-1.99041869846425,-0.124999999999993));
#9450=CARTESIAN_POINT('Ctrl Pts',(3.14964814216981,-2.06360962006419,-0.124999999999993));
#9451=CARTESIAN_POINT('Ctrl Pts',(3.22431338068069,-2.12207956293061,-0.124999999999993));
#9452=CARTESIAN_POINT('Ctrl Pts',(1.73186840926569,-3.0245518937599,-0.124999999999993));
#9453=CARTESIAN_POINT('Ctrl Pts',(1.73186840926569,-3.0245518937599,-0.149999999999993));
#9454=CARTESIAN_POINT('Ctrl Pts',(1.74223282707355,-2.88445567892688,-0.124999999999993));
#9455=CARTESIAN_POINT('Ctrl Pts',(1.74223282707355,-2.88445567892688,-0.149999999999993));
#9456=CARTESIAN_POINT('Ctrl Pts',(1.76280096327908,-2.60643542906972,-0.124999999999993));
#9457=CARTESIAN_POINT('Ctrl Pts',(1.76280096327908,-2.60643542906972,-0.149999999999993));
#9458=CARTESIAN_POINT('Ctrl Pts',(1.91381795654924,-2.37220720062471,-0.124999999999993));
#9459=CARTESIAN_POINT('Ctrl Pts',(1.91381795654924,-2.37220720062471,-0.149999999999993));
#9460=CARTESIAN_POINT('Ctrl Pts',(1.98873650323688,-2.2560081021767,-0.124999999999993));
#9461=CARTESIAN_POINT('Ctrl Pts',(1.98873650323688,-2.2560081021767,-0.149999999999993));
#9462=CARTESIAN_POINT('',(1.73186840926569,-3.0245518937599,-0.124999999999993));
#9463=CARTESIAN_POINT('Ctrl Pts',(1.73186840926569,-3.0245518937599,-0.124999999999993));
#9464=CARTESIAN_POINT('Ctrl Pts',(1.74223282707355,-2.88445567892688,-0.124999999999993));
#9465=CARTESIAN_POINT('Ctrl Pts',(1.76280096327908,-2.60643542906972,-0.124999999999993));
#9466=CARTESIAN_POINT('Ctrl Pts',(1.91381795654924,-2.37220720062471,-0.124999999999993));
#9467=CARTESIAN_POINT('Ctrl Pts',(1.98873650323688,-2.2560081021767,-0.124999999999993));
#9468=CARTESIAN_POINT('',(1.73186840926569,-3.0245518937599,-0.149999999999993));
#9469=CARTESIAN_POINT('',(1.73186840926569,-3.0245518937599,-0.124999999999993));
#9470=CARTESIAN_POINT('Ctrl Pts',(1.73186840926569,-3.0245518937599,-0.149999999999993));
#9471=CARTESIAN_POINT('Ctrl Pts',(1.74223282707355,-2.88445567892688,-0.149999999999993));
#9472=CARTESIAN_POINT('Ctrl Pts',(1.76280096327908,-2.60643542906972,-0.149999999999993));
#9473=CARTESIAN_POINT('Ctrl Pts',(1.91381795654924,-2.37220720062471,-0.149999999999993));
#9474=CARTESIAN_POINT('Ctrl Pts',(1.98873650323688,-2.2560081021767,-0.149999999999993));
#9475=CARTESIAN_POINT('Ctrl Pts',(1.93997277002635,-3.64062343711553,-0.124999999999993));
#9476=CARTESIAN_POINT('Ctrl Pts',(1.93997277002635,-3.64062343711553,-0.149999999999993));
#9477=CARTESIAN_POINT('Ctrl Pts',(1.87931186608779,-3.55233503861849,-0.124999999999993));
#9478=CARTESIAN_POINT('Ctrl Pts',(1.87931186608779,-3.55233503861849,-0.149999999999993));
#9479=CARTESIAN_POINT('Ctrl Pts',(1.75204030874118,-3.36709872918702,-0.124999999999993));
#9480=CARTESIAN_POINT('Ctrl Pts',(1.75204030874118,-3.36709872918702,-0.149999999999993));
#9481=CARTESIAN_POINT('Ctrl Pts',(1.73879871710215,-3.1422381345029,-0.124999999999993));
#9482=CARTESIAN_POINT('Ctrl Pts',(1.73879871710215,-3.1422381345029,-0.149999999999993));
#9483=CARTESIAN_POINT('Ctrl Pts',(1.73186840926569,-3.0245518937599,-0.124999999999993));
#9484=CARTESIAN_POINT('Ctrl Pts',(1.73186840926569,-3.0245518937599,-0.149999999999993));
#9485=CARTESIAN_POINT('',(1.93997277002635,-3.64062343711553,-0.124999999999993));
#9486=CARTESIAN_POINT('Ctrl Pts',(1.93997277002635,-3.64062343711553,-0.124999999999993));
#9487=CARTESIAN_POINT('Ctrl Pts',(1.87931186608779,-3.55233503861849,-0.124999999999993));
#9488=CARTESIAN_POINT('Ctrl Pts',(1.75204030874118,-3.36709872918702,-0.124999999999993));
#9489=CARTESIAN_POINT('Ctrl Pts',(1.73879871710215,-3.1422381345029,-0.124999999999993));
#9490=CARTESIAN_POINT('Ctrl Pts',(1.73186840926569,-3.0245518937599,-0.124999999999993));
#9491=CARTESIAN_POINT('',(1.93997277002635,-3.64062343711553,-0.149999999999993));
#9492=CARTESIAN_POINT('',(1.93997277002635,-3.64062343711553,-0.124999999999993));
#9493=CARTESIAN_POINT('Ctrl Pts',(1.93997277002635,-3.64062343711553,-0.149999999999993));
#9494=CARTESIAN_POINT('Ctrl Pts',(1.87931186608779,-3.55233503861849,-0.149999999999993));
#9495=CARTESIAN_POINT('Ctrl Pts',(1.75204030874118,-3.36709872918702,-0.149999999999993));
#9496=CARTESIAN_POINT('Ctrl Pts',(1.73879871710215,-3.1422381345029,-0.149999999999993));
#9497=CARTESIAN_POINT('Ctrl Pts',(1.73186840926569,-3.0245518937599,-0.149999999999993));
#9498=CARTESIAN_POINT('Ctrl Pts',(2.50109915611313,-3.88032140410416,-0.124999999999993));
#9499=CARTESIAN_POINT('Ctrl Pts',(2.50109915611313,-3.88032140410416,-0.149999999999993));
#9500=CARTESIAN_POINT('Ctrl Pts',(2.39059820117607,-3.87160860471094,-0.124999999999993));
#9501=CARTESIAN_POINT('Ctrl Pts',(2.39059820117607,-3.87160860471094,-0.149999999999993));
#9502=CARTESIAN_POINT('Ctrl Pts',(2.17613105645674,-3.854698260276,-0.124999999999993));
#9503=CARTESIAN_POINT('Ctrl Pts',(2.17613105645674,-3.854698260276,-0.149999999999993));
#9504=CARTESIAN_POINT('Ctrl Pts',(2.017076749307,-3.71051732472357,-0.124999999999993));
#9505=CARTESIAN_POINT('Ctrl Pts',(2.017076749307,-3.71051732472357,-0.149999999999993));
#9506=CARTESIAN_POINT('Ctrl Pts',(1.93997277002635,-3.64062343711553,-0.124999999999993));
#9507=CARTESIAN_POINT('Ctrl Pts',(1.93997277002635,-3.64062343711553,-0.149999999999993));
#9508=CARTESIAN_POINT('',(2.50109915611313,-3.88032140410416,-0.124999999999993));
#9509=CARTESIAN_POINT('Ctrl Pts',(2.50109915611313,-3.88032140410416,-0.124999999999993));
#9510=CARTESIAN_POINT('Ctrl Pts',(2.39059820117607,-3.87160860471094,-0.124999999999993));
#9511=CARTESIAN_POINT('Ctrl Pts',(2.17613105645674,-3.854698260276,-0.124999999999993));
#9512=CARTESIAN_POINT('Ctrl Pts',(2.017076749307,-3.71051732472357,-0.124999999999993));
#9513=CARTESIAN_POINT('Ctrl Pts',(1.93997277002635,-3.64062343711553,-0.124999999999993));
#9514=CARTESIAN_POINT('',(2.50109915611313,-3.88032140410416,-0.149999999999993));
#9515=CARTESIAN_POINT('',(2.50109915611313,-3.88032140410416,-0.124999999999993));
#9516=CARTESIAN_POINT('Ctrl Pts',(2.50109915611313,-3.88032140410416,-0.149999999999993));
#9517=CARTESIAN_POINT('Ctrl Pts',(2.39059820117607,-3.87160860471094,-0.149999999999993));
#9518=CARTESIAN_POINT('Ctrl Pts',(2.17613105645674,-3.854698260276,-0.149999999999993));
#9519=CARTESIAN_POINT('Ctrl Pts',(2.017076749307,-3.71051732472357,-0.149999999999993));
#9520=CARTESIAN_POINT('Ctrl Pts',(1.93997277002635,-3.64062343711553,-0.149999999999993));
#9521=CARTESIAN_POINT('Ctrl Pts',(3.04024747929236,-3.68389265459917,-0.124999999999993));
#9522=CARTESIAN_POINT('Ctrl Pts',(3.04024747929236,-3.68389265459917,-0.149999999999993));
#9523=CARTESIAN_POINT('Ctrl Pts',(2.9627520968622,-3.74116831573474,-0.124999999999993));
#9524=CARTESIAN_POINT('Ctrl Pts',(2.9627520968622,-3.74116831573474,-0.149999999999993));
#9525=CARTESIAN_POINT('Ctrl Pts',(2.80266067619308,-3.85948945531,-0.124999999999993));
#9526=CARTESIAN_POINT('Ctrl Pts',(2.80266067619308,-3.85948945531,-0.149999999999993));
#9527=CARTESIAN_POINT('Ctrl Pts',(2.60373234101684,-3.87323147680863,-0.124999999999993));
#9528=CARTESIAN_POINT('Ctrl Pts',(2.60373234101684,-3.87323147680863,-0.149999999999993));
#9529=CARTESIAN_POINT('Ctrl Pts',(2.50109915611313,-3.88032140410416,-0.124999999999993));
#9530=CARTESIAN_POINT('Ctrl Pts',(2.50109915611313,-3.88032140410416,-0.149999999999993));
#9531=CARTESIAN_POINT('',(3.04024747929236,-3.68389265459917,-0.124999999999993));
#9532=CARTESIAN_POINT('Ctrl Pts',(3.04024747929236,-3.68389265459917,-0.124999999999993));
#9533=CARTESIAN_POINT('Ctrl Pts',(2.9627520968622,-3.74116831573474,-0.124999999999993));
#9534=CARTESIAN_POINT('Ctrl Pts',(2.80266067619308,-3.85948945531,-0.124999999999993));
#9535=CARTESIAN_POINT('Ctrl Pts',(2.60373234101684,-3.87323147680863,-0.124999999999993));
#9536=CARTESIAN_POINT('Ctrl Pts',(2.50109915611313,-3.88032140410416,-0.124999999999993));
#9537=CARTESIAN_POINT('',(3.04024747929236,-3.68389265459917,-0.149999999999993));
#9538=CARTESIAN_POINT('',(3.04024747929236,-3.68389265459917,-0.124999999999993));
#9539=CARTESIAN_POINT('Ctrl Pts',(3.04024747929236,-3.68389265459917,-0.149999999999993));
#9540=CARTESIAN_POINT('Ctrl Pts',(2.9627520968622,-3.74116831573474,-0.149999999999993));
#9541=CARTESIAN_POINT('Ctrl Pts',(2.80266067619308,-3.85948945531,-0.149999999999993));
#9542=CARTESIAN_POINT('Ctrl Pts',(2.60373234101684,-3.87323147680863,-0.149999999999993));
#9543=CARTESIAN_POINT('Ctrl Pts',(2.50109915611313,-3.88032140410416,-0.149999999999993));
#9544=CARTESIAN_POINT('Ctrl Pts',(3.34175856047728,-3.17977177531325,-0.124999999999993));
#9545=CARTESIAN_POINT('Ctrl Pts',(3.34175856047728,-3.17977177531325,-0.149999999999993));
#9546=CARTESIAN_POINT('Ctrl Pts',(3.30817970373264,-3.27680216167415,-0.124999999999993));
#9547=CARTESIAN_POINT('Ctrl Pts',(3.30817970373264,-3.27680216167415,-0.149999999999993));
#9548=CARTESIAN_POINT('Ctrl Pts',(3.24271457738478,-3.46597198812188,-0.124999999999993));
#9549=CARTESIAN_POINT('Ctrl Pts',(3.24271457738478,-3.46597198812188,-0.149999999999993));
#9550=CARTESIAN_POINT('Ctrl Pts',(3.10656312286874,-3.61251538203393,-0.124999999999993));
#9551=CARTESIAN_POINT('Ctrl Pts',(3.10656312286874,-3.61251538203393,-0.149999999999993));
#9552=CARTESIAN_POINT('Ctrl Pts',(3.04024747929236,-3.68389265459917,-0.124999999999993));
#9553=CARTESIAN_POINT('Ctrl Pts',(3.04024747929236,-3.68389265459917,-0.149999999999993));
#9554=CARTESIAN_POINT('',(3.34175856047728,-3.17977177531325,-0.124999999999993));
#9555=CARTESIAN_POINT('Ctrl Pts',(3.34175856047728,-3.17977177531325,-0.124999999999993));
#9556=CARTESIAN_POINT('Ctrl Pts',(3.30817970373264,-3.27680216167415,-0.124999999999993));
#9557=CARTESIAN_POINT('Ctrl Pts',(3.24271457738478,-3.46597198812188,-0.124999999999993));
#9558=CARTESIAN_POINT('Ctrl Pts',(3.10656312286874,-3.61251538203393,-0.124999999999993));
#9559=CARTESIAN_POINT('Ctrl Pts',(3.04024747929236,-3.68389265459917,-0.124999999999993));
#9560=CARTESIAN_POINT('',(3.34175856047728,-3.17977177531325,-0.149999999999993));
#9561=CARTESIAN_POINT('',(3.34175856047728,-3.17977177531325,-0.124999999999993));
#9562=CARTESIAN_POINT('Ctrl Pts',(3.34175856047728,-3.17977177531325,-0.149999999999993));
#9563=CARTESIAN_POINT('Ctrl Pts',(3.30817970373264,-3.27680216167415,-0.149999999999993));
#9564=CARTESIAN_POINT('Ctrl Pts',(3.24271457738478,-3.46597198812188,-0.149999999999993));
#9565=CARTESIAN_POINT('Ctrl Pts',(3.10656312286874,-3.61251538203393,-0.149999999999993));
#9566=CARTESIAN_POINT('Ctrl Pts',(3.04024747929236,-3.68389265459917,-0.149999999999993));
#9567=CARTESIAN_POINT('Origin',(2.83901131012309,-3.11521140325351,-0.124999999999993));
#9568=CARTESIAN_POINT('',(2.83901131012309,-3.11521140325351,-0.124999999999993));
#9569=CARTESIAN_POINT('',(2.7495450782459,-3.10372258215563,-0.124999999999993));
#9570=CARTESIAN_POINT('',(2.83901131012309,-3.11521140325351,-0.149999999999993));
#9571=CARTESIAN_POINT('',(2.83901131012309,-3.11521140325351,-0.124999999999993));
#9572=CARTESIAN_POINT('',(2.83901131012309,-3.11521140325351,-0.149999999999993));
#9573=CARTESIAN_POINT('Ctrl Pts',(2.72087940972621,-3.35696971977414,-0.124999999999993));
#9574=CARTESIAN_POINT('Ctrl Pts',(2.72087940972621,-3.35696971977414,-0.149999999999993));
#9575=CARTESIAN_POINT('Ctrl Pts',(2.74380908018889,-3.32529247881404,-0.124999999999993));
#9576=CARTESIAN_POINT('Ctrl Pts',(2.74380908018889,-3.32529247881404,-0.149999999999993));
#9577=CARTESIAN_POINT('Ctrl Pts',(2.79704726725212,-3.25174415274339,-0.124999999999993));
#9578=CARTESIAN_POINT('Ctrl Pts',(2.79704726725212,-3.25174415274339,-0.149999999999993));
#9579=CARTESIAN_POINT('Ctrl Pts',(2.82378787419796,-3.1647418445871,-0.124999999999993));
#9580=CARTESIAN_POINT('Ctrl Pts',(2.82378787419796,-3.1647418445871,-0.149999999999993));
#9581=CARTESIAN_POINT('Ctrl Pts',(2.83901131012309,-3.11521140325351,-0.124999999999993));
#9582=CARTESIAN_POINT('Ctrl Pts',(2.83901131012309,-3.11521140325351,-0.149999999999993));
#9583=CARTESIAN_POINT('Ctrl Pts',(2.72087940972621,-3.35696971977414,-0.124999999999993));
#9584=CARTESIAN_POINT('Ctrl Pts',(2.74380908018889,-3.32529247881404,-0.124999999999993));
#9585=CARTESIAN_POINT('Ctrl Pts',(2.79704726725212,-3.25174415274339,-0.124999999999993));
#9586=CARTESIAN_POINT('Ctrl Pts',(2.82378787419796,-3.1647418445871,-0.124999999999993));
#9587=CARTESIAN_POINT('Ctrl Pts',(2.83901131012309,-3.11521140325351,-0.124999999999993));
#9588=CARTESIAN_POINT('Ctrl Pts',(2.72087940972621,-3.35696971977414,-0.149999999999993));
#9589=CARTESIAN_POINT('Ctrl Pts',(2.74380908018889,-3.32529247881404,-0.149999999999993));
#9590=CARTESIAN_POINT('Ctrl Pts',(2.79704726725212,-3.25174415274339,-0.149999999999993));
#9591=CARTESIAN_POINT('Ctrl Pts',(2.82378787419796,-3.1647418445871,-0.149999999999993));
#9592=CARTESIAN_POINT('Ctrl Pts',(2.83901131012309,-3.11521140325351,-0.149999999999993));
#9593=CARTESIAN_POINT('Ctrl Pts',(3.21881910548436,-1.80065106874001,-0.124999999999993));
#9594=CARTESIAN_POINT('Ctrl Pts',(3.21881910548436,-1.80065106874001,-0.149999999999993));
#9595=CARTESIAN_POINT('Ctrl Pts',(3.15572675525151,-1.84854315941307,-0.124999999999993));
#9596=CARTESIAN_POINT('Ctrl Pts',(3.15572675525151,-1.84854315941307,-0.149999999999993));
#9597=CARTESIAN_POINT('Ctrl Pts',(3.01185597988587,-1.95775247232637,-0.124999999999993));
#9598=CARTESIAN_POINT('Ctrl Pts',(3.01185597988587,-1.95775247232637,-0.149999999999993));
#9599=CARTESIAN_POINT('Ctrl Pts',(2.82990611414956,-1.96270531600908,-0.124999999999993));
#9600=CARTESIAN_POINT('Ctrl Pts',(2.82990611414956,-1.96270531600908,-0.149999999999993));
#9601=CARTESIAN_POINT('Ctrl Pts',(2.72774760718421,-1.96548616508424,-0.124999999999993));
#9602=CARTESIAN_POINT('Ctrl Pts',(2.72774760718421,-1.96548616508424,-0.149999999999993));
#9603=CARTESIAN_POINT('',(3.21881910548436,-1.80065106874001,-0.124999999999993));
#9604=CARTESIAN_POINT('Ctrl Pts',(3.21881910548436,-1.80065106874001,-0.124999999999993));
#9605=CARTESIAN_POINT('Ctrl Pts',(3.15572675525151,-1.84854315941307,-0.124999999999993));
#9606=CARTESIAN_POINT('Ctrl Pts',(3.06479177752766,-1.91757000945798,-0.124999999999993));
#9607=CARTESIAN_POINT('Ctrl Pts',(2.95864420398826,-1.94494640220145,-0.124999999999993));
#9608=CARTESIAN_POINT('Ctrl Pts',(2.92520917904254,-1.95076977657205,-0.124999999999993));
#9609=CARTESIAN_POINT('',(3.21881910548436,-1.80065106874001,-0.149999999999993));
#9610=CARTESIAN_POINT('',(3.21881910548436,-1.80065106874001,-0.124999999999993));
#9611=CARTESIAN_POINT('Ctrl Pts',(3.21881910548436,-1.80065106874001,-0.149999999999993));
#9612=CARTESIAN_POINT('Ctrl Pts',(3.15572675525151,-1.84854315941307,-0.149999999999993));
#9613=CARTESIAN_POINT('Ctrl Pts',(3.06479177752766,-1.91757000945798,-0.149999999999993));
#9614=CARTESIAN_POINT('Ctrl Pts',(2.95864420398826,-1.94494640220145,-0.149999999999993));
#9615=CARTESIAN_POINT('Ctrl Pts',(2.92520917904254,-1.95076977657205,-0.149999999999993));
#9616=CARTESIAN_POINT('Origin',(2.58145635475324,2.70759069358645,-0.149999999999993));
#9617=CARTESIAN_POINT('',(3.36648412177882,-1.4174093477144,-0.149999999999993));
#9618=CARTESIAN_POINT('Ctrl Pts',(3.36648412177882,-1.4174093477144,-0.149999999999993));
#9619=CARTESIAN_POINT('Ctrl Pts',(3.36024224706753,-1.48807870451037,-0.149999999999993));
#9620=CARTESIAN_POINT('Ctrl Pts',(3.34771284273786,-1.62993431455836,-0.149999999999993));
#9621=CARTESIAN_POINT('Ctrl Pts',(3.26188792811198,-1.74360741586684,-0.149999999999993));
#9622=CARTESIAN_POINT('Ctrl Pts',(3.21881910548436,-1.80065106874001,-0.149999999999993));
#9623=CARTESIAN_POINT('',(3.05741798760385,-1.00944230591782,-0.149999999999993));
#9624=CARTESIAN_POINT('Ctrl Pts',(3.05741798760385,-1.00944230591782,-0.149999999999993));
#9625=CARTESIAN_POINT('Ctrl Pts',(3.14753860030506,-1.05200000520992,-0.149999999999993));
#9626=CARTESIAN_POINT('Ctrl Pts',(3.32254571210116,-1.1346436958658,-0.149999999999993));
#9627=CARTESIAN_POINT('Ctrl Pts',(3.35213295031082,-1.32505237838599,-0.149999999999993));
#9628=CARTESIAN_POINT('Ctrl Pts',(3.36648412177882,-1.4174093477144,-0.149999999999993));
#9629=CARTESIAN_POINT('',(3.34862675793528,-0.848041188037304,-0.149999999999993));
#9630=CARTESIAN_POINT('Ctrl Pts',(3.34862675793528,-0.848041188037304,-0.149999999999993));
#9631=CARTESIAN_POINT('Ctrl Pts',(3.30825764880576,-0.885052234500754,-0.149999999999993));
#9632=CARTESIAN_POINT('Ctrl Pts',(3.22424646569731,-0.962075034075062,-0.149999999999993));
#9633=CARTESIAN_POINT('Ctrl Pts',(3.11445327952565,-0.993248391018124,-0.149999999999993));
#9634=CARTESIAN_POINT('Ctrl Pts',(3.05741798760385,-1.00944230591782,-0.149999999999993));
#9635=CARTESIAN_POINT('',(3.4571432558101,-0.556145603240008,-0.149999999999993));
#9636=CARTESIAN_POINT('Ctrl Pts',(3.4571432558101,-0.556145603240008,-0.149999999999993));
#9637=CARTESIAN_POINT('Ctrl Pts',(3.45292218620682,-0.610897194426791,-0.149999999999993));
#9638=CARTESIAN_POINT('Ctrl Pts',(3.44461470353709,-0.718653743755124,-0.149999999999993));
#9639=CARTESIAN_POINT('Ctrl Pts',(3.38027511156664,-0.80538062720931,-0.149999999999993));
#9640=CARTESIAN_POINT('Ctrl Pts',(3.34862675793528,-0.848041188037304,-0.149999999999993));
#9641=CARTESIAN_POINT('',(3.36579740117854,-0.282793915155368,-0.149999999999993));
#9642=CARTESIAN_POINT('Ctrl Pts',(3.36579740117854,-0.282793915155368,-0.149999999999993));
#9643=CARTESIAN_POINT('Ctrl Pts',(3.39243832839332,-0.323750753448367,-0.149999999999993));
#9644=CARTESIAN_POINT('Ctrl Pts',(3.44652485970027,-0.406901512380641,-0.149999999999993));
#9645=CARTESIAN_POINT('Ctrl Pts',(3.45356885788347,-0.505906587534468,-0.149999999999993));
#9646=CARTESIAN_POINT('Ctrl Pts',(3.4571432558101,-0.556145603240008,-0.149999999999993));
#9647=CARTESIAN_POINT('',(3.13983553577596,-0.128260941933461,-0.149999999999993));
#9648=CARTESIAN_POINT('Ctrl Pts',(3.13983553577596,-0.128260941933461,-0.149999999999993));
#9649=CARTESIAN_POINT('Ctrl Pts',(3.18313636069641,-0.144442651574581,-0.149999999999993));
#9650=CARTESIAN_POINT('Ctrl Pts',(3.27112644666521,-0.177324935574019,-0.149999999999993));
#9651=CARTESIAN_POINT('Ctrl Pts',(3.33391018515693,-0.247269691777899,-0.149999999999993));
#9652=CARTESIAN_POINT('Ctrl Pts',(3.36579740117854,-0.282793915155368,-0.149999999999993));
#9653=CARTESIAN_POINT('',(2.79368179590684,-0.0904862401767063,-0.149999999999993));
#9654=CARTESIAN_POINT('Ctrl Pts',(2.79368179590684,-0.0904862401767063,
-0.149999999999993));
#9655=CARTESIAN_POINT('Ctrl Pts',(2.85805582464308,-0.0912960296851224,
-0.149999999999993));
#9656=CARTESIAN_POINT('Ctrl Pts',(2.97473196275867,-0.0927637506648924,
-0.149999999999993));
#9657=CARTESIAN_POINT('Ctrl Pts',(3.08873271477452,-0.117273859229554,-0.149999999999993));
#9658=CARTESIAN_POINT('Ctrl Pts',(3.13983553577596,-0.128260941933461,-0.149999999999993));
#9659=CARTESIAN_POINT('',(2.55209506567069,-0.0904861650842407,-0.149999999999993));
#9660=CARTESIAN_POINT('',(2.01895639253414,-0.0904862401767063,-0.149999999999993));
#9661=CARTESIAN_POINT('',(3.03737167838052,1.00017314165971,-0.149999999999993));
#9662=CARTESIAN_POINT('',(3.03737167838052,1.00017314165971,-0.149999999999993));
#9663=CARTESIAN_POINT('',(3.16108388764652,1.30786536530622,-0.149999999999993));
#9664=CARTESIAN_POINT('Ctrl Pts',(3.16108388764652,1.30786536530622,-0.149999999999993));
#9665=CARTESIAN_POINT('Ctrl Pts',(3.13996952482264,1.25206407071277,-0.149999999999993));
#9666=CARTESIAN_POINT('Ctrl Pts',(3.10083923688531,1.14865007035049,-0.149999999999993));
#9667=CARTESIAN_POINT('Ctrl Pts',(3.05738047196654,1.04698200414709,-0.149999999999993));
#9668=CARTESIAN_POINT('Ctrl Pts',(3.03737167838052,1.00017314165971,-0.149999999999993));
#9669=CARTESIAN_POINT('',(3.20920370296231,1.43698629715686,-0.149999999999993));
#9670=CARTESIAN_POINT('Ctrl Pts',(3.20920370296231,1.43698629715686,-0.149999999999993));
#9671=CARTESIAN_POINT('Ctrl Pts',(3.20240987711772,1.41914147110564,-0.149999999999993));
#9672=CARTESIAN_POINT('Ctrl Pts',(3.1860668127979,1.37621438604308,-0.149999999999993));
#9673=CARTESIAN_POINT('Ctrl Pts',(3.1702977421255,1.33307289913319,-0.149999999999993));
#9674=CARTESIAN_POINT('Ctrl Pts',(3.16108388764652,1.30786536530622,-0.149999999999993));
#9675=CARTESIAN_POINT('',(3.1638739482155,1.22956870392927,-0.149999999999993));
#9676=CARTESIAN_POINT('Ctrl Pts',(3.1638739482155,1.22956870392927,-0.149999999999993));
#9677=CARTESIAN_POINT('Ctrl Pts',(3.17350196709379,1.26944143176074,-0.149999999999993));
#9678=CARTESIAN_POINT('Ctrl Pts',(3.19011835392244,1.33825524257036,-0.149999999999993));
#9679=CARTESIAN_POINT('Ctrl Pts',(3.20355333960118,1.40775621431813,-0.149999999999993));
#9680=CARTESIAN_POINT('Ctrl Pts',(3.20920370296231,1.43698629715686,-0.149999999999993));
#9681=CARTESIAN_POINT('',(3.09656631829232,0.908140190965545,-0.149999999999993));
#9682=CARTESIAN_POINT('Ctrl Pts',(3.09656631829232,0.908140190965545,-0.149999999999993));
#9683=CARTESIAN_POINT('Ctrl Pts',(3.10606069806571,0.960663923287697,-0.149999999999993));
#9684=CARTESIAN_POINT('Ctrl Pts',(3.12553988573285,1.06842447882698,-0.149999999999993));
#9685=CARTESIAN_POINT('Ctrl Pts',(3.15088323726847,1.17495988050924,-0.149999999999993));
#9686=CARTESIAN_POINT('Ctrl Pts',(3.1638739482155,1.22956870392927,-0.149999999999993));
#9687=CARTESIAN_POINT('',(2.92898377635348,-0.0904861650842407,-0.149999999999993));
#9688=CARTESIAN_POINT('',(2.92898377635348,-0.0904861650842407,-0.149999999999993));
#9689=CARTESIAN_POINT('',(3.45686428729944,-0.0904861650842407,-0.149999999999993));
#9690=CARTESIAN_POINT('',(3.45686428729944,-0.0904861650842407,-0.149999999999993));
#9691=CARTESIAN_POINT('',(3.77005112053842,1.78451375982329,-0.149999999999993));
#9692=CARTESIAN_POINT('',(3.77005112053842,1.78451375982329,-0.149999999999993));
#9693=CARTESIAN_POINT('',(3.01080058479873,1.78451375982329,-0.149999999999993));
#9694=CARTESIAN_POINT('',(3.01080058479873,1.78451375982329,-0.149999999999993));
#9695=CARTESIAN_POINT('',(2.63925601717994,0.954843386912906,-0.149999999999993));
#9696=CARTESIAN_POINT('',(2.63925601717994,0.954843386912906,-0.149999999999993));
#9697=CARTESIAN_POINT('',(2.58282994261877,0.810612724544492,-0.149999999999993));
#9698=CARTESIAN_POINT('Ctrl Pts',(2.58282994261877,0.810612724544492,-0.149999999999993));
#9699=CARTESIAN_POINT('Ctrl Pts',(2.59040514850469,0.833294819087049,-0.149999999999993));
#9700=CARTESIAN_POINT('Ctrl Pts',(2.60677754408871,0.882317938737862,-0.149999999999993));
#9701=CARTESIAN_POINT('Ctrl Pts',(2.62790424933452,0.929494533589171,-0.149999999999993));
#9702=CARTESIAN_POINT('Ctrl Pts',(2.63925601717994,0.954843386912906,-0.149999999999993));
#9703=CARTESIAN_POINT('',(2.56078758178734,0.954843386912906,-0.149999999999993));
#9704=CARTESIAN_POINT('Ctrl Pts',(2.56078758178734,0.954843386912906,-0.149999999999993));
#9705=CARTESIAN_POINT('Ctrl Pts',(2.56430896832069,0.925822497834098,-0.149999999999993));
#9706=CARTESIAN_POINT('Ctrl Pts',(2.57017097206083,0.8775118228453,-0.149999999999993));
#9707=CARTESIAN_POINT('Ctrl Pts',(2.57921770642013,0.829702376695326,-0.149999999999993));
#9708=CARTESIAN_POINT('Ctrl Pts',(2.58282994261877,0.810612724544492,-0.149999999999993));
#9709=CARTESIAN_POINT('',(2.4634886704468,1.75731541145886,-0.149999999999993));
#9710=CARTESIAN_POINT('',(2.46019089855547,1.78451375982329,-0.149999999999993));
#9711=CARTESIAN_POINT('',(2.85961557983414,1.84289297064833,-0.149999999999993));
#9712=CARTESIAN_POINT('Ctrl Pts',(2.85961557983414,1.84289297064833,-0.149999999999993));
#9713=CARTESIAN_POINT('Ctrl Pts',(2.79258635212155,1.81747556357404,-0.149999999999993));
#9714=CARTESIAN_POINT('Ctrl Pts',(2.66462192373605,1.76895159756251,-0.149999999999993));
#9715=CARTESIAN_POINT('Ctrl Pts',(2.5286064849731,1.75991021132591,-0.149999999999993));
#9716=CARTESIAN_POINT('Ctrl Pts',(2.4634886704468,1.75731541145886,-0.149999999999993));
#9717=CARTESIAN_POINT('',(3.12609902939459,2.07091499785175,-0.149999999999993));
#9718=CARTESIAN_POINT('Ctrl Pts',(3.12609902939459,2.07091499785175,-0.149999999999993));
#9719=CARTESIAN_POINT('Ctrl Pts',(3.09301221249145,2.02543559496307,-0.149999999999993));
#9720=CARTESIAN_POINT('Ctrl Pts',(3.02246925699049,1.92847094878456,-0.149999999999993));
#9721=CARTESIAN_POINT('Ctrl Pts',(2.91609633047038,1.87257304006688,-0.149999999999993));
#9722=CARTESIAN_POINT('Ctrl Pts',(2.85961557983414,1.84289297064833,-0.149999999999993));
#9723=CARTESIAN_POINT('',(3.25659359017695,2.50566770995132,-0.149999999999993));
#9724=CARTESIAN_POINT('Ctrl Pts',(3.25659359017695,2.50566770995132,-0.149999999999993));
#9725=CARTESIAN_POINT('Ctrl Pts',(3.24147781263298,2.4191896689664,-0.149999999999993));
#9726=CARTESIAN_POINT('Ctrl Pts',(3.21520208226952,2.26886503758899,-0.149999999999993));
#9727=CARTESIAN_POINT('Ctrl Pts',(3.1526615435952,2.12992589110266,-0.149999999999993));
#9728=CARTESIAN_POINT('Ctrl Pts',(3.12609902939459,2.07091499785175,-0.149999999999993));
#9729=CARTESIAN_POINT('',(3.44890145288678,3.65951375982329,-0.149999999999993));
#9730=CARTESIAN_POINT('',(3.44890145288678,3.65951375982329,-0.149999999999993));
#9731=CARTESIAN_POINT('',(3.00047665552831,3.65951375982329,-0.149999999999993));
#9732=CARTESIAN_POINT('',(3.00047665552831,3.65951375982329,-0.149999999999993));
#9733=CARTESIAN_POINT('',(2.80409108419118,2.48652269804947,-0.149999999999993));
#9734=CARTESIAN_POINT('',(2.80409108419118,2.48652269804947,-0.149999999999993));
#9735=CARTESIAN_POINT('',(2.71078099838392,2.24129830103596,-0.149999999999993));
#9736=CARTESIAN_POINT('Ctrl Pts',(2.71078099838392,2.24129830103596,-0.149999999999993));
#9737=CARTESIAN_POINT('Ctrl Pts',(2.73101295082761,2.27112799960839,-0.149999999999993));
#9738=CARTESIAN_POINT('Ctrl Pts',(2.78112487424975,2.34501229598204,-0.149999999999993));
#9739=CARTESIAN_POINT('Ctrl Pts',(2.79551234391159,2.4336632584949,-0.149999999999993));
#9740=CARTESIAN_POINT('Ctrl Pts',(2.80409108419118,2.48652269804947,-0.149999999999993));
#9741=CARTESIAN_POINT('',(2.52560973589815,2.18011821632685,-0.149999999999993));
#9742=CARTESIAN_POINT('Ctrl Pts',(2.52560973589815,2.18011821632685,-0.149999999999993));
#9743=CARTESIAN_POINT('Ctrl Pts',(2.56265439779206,2.1816019366089,-0.149999999999993));
#9744=CARTESIAN_POINT('Ctrl Pts',(2.63057224275631,2.18432219585637,-0.149999999999993));
#9745=CARTESIAN_POINT('Ctrl Pts',(2.68571496105644,2.22349269904113,-0.149999999999993));
#9746=CARTESIAN_POINT('Ctrl Pts',(2.71078099838392,2.24129830103596,-0.149999999999993));
#9747=CARTESIAN_POINT('',(2.35896096877226,2.22956867013766,-0.149999999999993));
#9748=CARTESIAN_POINT('Ctrl Pts',(2.35896096877226,2.22956867013766,-0.149999999999993));
#9749=CARTESIAN_POINT('Ctrl Pts',(2.38377084879242,2.21515074120193,-0.149999999999993));
#9750=CARTESIAN_POINT('Ctrl Pts',(2.43525003059348,2.18523430531938,-0.149999999999993));
#9751=CARTESIAN_POINT('Ctrl Pts',(2.49477317785955,2.18186415578755,-0.149999999999993));
#9752=CARTESIAN_POINT('Ctrl Pts',(2.52560973589815,2.18011821632685,-0.149999999999993));
#9753=CARTESIAN_POINT('',(2.28968948313571,2.36553634529414,-0.149999999999993));
#9754=CARTESIAN_POINT('Ctrl Pts',(2.28968948313571,2.36553634529414,-0.149999999999993));
#9755=CARTESIAN_POINT('Ctrl Pts',(2.2925192626946,2.33828227792107,-0.149999999999993));
#9756=CARTESIAN_POINT('Ctrl Pts',(2.29815145519458,2.2840377155238,-0.149999999999993));
#9757=CARTESIAN_POINT('Ctrl Pts',(2.33875689770074,2.24766610916377,-0.149999999999993));
#9758=CARTESIAN_POINT('Ctrl Pts',(2.35896096877226,2.22956867013766,-0.149999999999993));
#9759=CARTESIAN_POINT('',(2.30613003987966,2.50564612086739,-0.149999999999993));
#9760=CARTESIAN_POINT('Ctrl Pts',(2.30613003987966,2.50564612086739,-0.149999999999993));
#9761=CARTESIAN_POINT('Ctrl Pts',(2.30138944154769,2.4782431201412,-0.149999999999993));
#9762=CARTESIAN_POINT('Ctrl Pts',(2.29335863492538,2.4318210897787,-0.149999999999993));
#9763=CARTESIAN_POINT('Ctrl Pts',(2.29075584279781,2.38480057359072,-0.149999999999993));
#9764=CARTESIAN_POINT('Ctrl Pts',(2.28968948313571,2.36553634529414,-0.149999999999993));
#9765=CARTESIAN_POINT('',(2.49796557097924,3.65951375982329,-0.149999999999993));
#9766=CARTESIAN_POINT('',(2.49796557097924,3.65951375982329,-0.149999999999993));
#9767=CARTESIAN_POINT('',(1.9269233186414,3.65951375982329,-0.149999999999993));
#9768=CARTESIAN_POINT('',(1.9269233186414,3.65951375982329,-0.149999999999993));
#9769=CARTESIAN_POINT('',(1.73324201473101,2.50566770995132,-0.149999999999993));
#9770=CARTESIAN_POINT('',(1.73324201473101,2.50566770995132,-0.149999999999993));
#9771=CARTESIAN_POINT('',(1.71401125661971,2.30237100351889,-0.149999999999993));
#9772=CARTESIAN_POINT('Ctrl Pts',(1.71401125661971,2.30237100351889,-0.149999999999993));
#9773=CARTESIAN_POINT('Ctrl Pts',(1.71500071379302,2.33424971938113,-0.149999999999993));
#9774=CARTESIAN_POINT('Ctrl Pts',(1.71711628363457,2.40240997096565,-0.149999999999993));
#9775=CARTESIAN_POINT('Ctrl Pts',(1.72764017370636,2.46979749514347,-0.149999999999993));
#9776=CARTESIAN_POINT('Ctrl Pts',(1.73324201473101,2.50566770995132,-0.149999999999993));
#9777=CARTESIAN_POINT('',(1.89945083387255,1.89783794018602,-0.149999999999993));
#9778=CARTESIAN_POINT('Ctrl Pts',(1.89945083387255,1.89783794018602,-0.149999999999993));
#9779=CARTESIAN_POINT('Ctrl Pts',(1.84538145182745,1.95163193620147,-0.149999999999993));
#9780=CARTESIAN_POINT('Ctrl Pts',(1.73344928021351,2.06299401518322,-0.149999999999993));
#9781=CARTESIAN_POINT('Ctrl Pts',(1.72063535347752,2.22079602504365,-0.149999999999993));
#9782=CARTESIAN_POINT('Ctrl Pts',(1.71401125661971,2.30237100351889,-0.149999999999993));
#9783=CARTESIAN_POINT('',(2.14517391991055,1.78451375982329,-0.149999999999993));
#9784=CARTESIAN_POINT('Ctrl Pts',(2.14517391991056,1.78451375982329,-0.149999999999993));
#9785=CARTESIAN_POINT('Ctrl Pts',(2.13727883602905,1.78657863825313,-0.149999999999993));
#9786=CARTESIAN_POINT('Ctrl Pts',(2.05146089850893,1.81093412539766,-0.149999999999993));
#9787=CARTESIAN_POINT('Ctrl Pts',(1.97181414587344,1.85646799617185,-0.149999999999993));
#9788=CARTESIAN_POINT('Ctrl Pts',(1.89945083387255,1.89783794018602,-0.149999999999993));
#9789=CARTESIAN_POINT('',(1.70581245586629,1.78451375982329,-0.149999999999993));
#9790=CARTESIAN_POINT('',(1.70581245586629,1.78451375982329,-0.149999999999993));
#9791=CARTESIAN_POINT('',(1.39326954052205,-0.0904861650842407,-0.149999999999993));
#9792=CARTESIAN_POINT('',(1.39326954052205,-0.0904861650842407,-0.149999999999993));
#9793=CARTESIAN_POINT('',(1.81802054629552,-0.0904861650842407,-0.149999999999993));
#9794=CARTESIAN_POINT('',(1.81802054629552,-0.0904861650842407,-0.149999999999993));
#9795=CARTESIAN_POINT('',(1.96480543195732,0.788634661636951,-0.149999999999993));
#9796=CARTESIAN_POINT('',(1.96480543195732,0.788634661636951,-0.149999999999993));
#9797=CARTESIAN_POINT('',(2.04986294963229,1.45896426619882,-0.149999999999993));
#9798=CARTESIAN_POINT('Ctrl Pts',(2.04986294963229,1.45896426619882,-0.149999999999993));
#9799=CARTESIAN_POINT('Ctrl Pts',(2.03741719792307,1.33818008364668,-0.149999999999993));
#9800=CARTESIAN_POINT('Ctrl Pts',(2.01432387998776,1.11406284312949,-0.149999999999993));
#9801=CARTESIAN_POINT('Ctrl Pts',(1.98043190316344,0.891329602815795,-0.149999999999993));
#9802=CARTESIAN_POINT('Ctrl Pts',(1.96480543195732,0.788634661636951,-0.149999999999993));
#9803=CARTESIAN_POINT('',(2.06080899064936,1.30786536530622,-0.149999999999993));
#9804=CARTESIAN_POINT('Ctrl Pts',(2.06080899064936,1.30786536530622,-0.149999999999993));
#9805=CARTESIAN_POINT('Ctrl Pts',(2.05916127019103,1.33672461147503,-0.149999999999993));
#9806=CARTESIAN_POINT('Ctrl Pts',(2.05628235086203,1.38714787422922,-0.149999999999993));
#9807=CARTESIAN_POINT('Ctrl Pts',(2.05178590151846,1.43745143946412,-0.149999999999993));
#9808=CARTESIAN_POINT('Ctrl Pts',(2.04986294963229,1.45896426619882,-0.149999999999993));
#9809=CARTESIAN_POINT('',(2.08546991963087,1.00017314165971,-0.149999999999993));
#9810=CARTESIAN_POINT('Ctrl Pts',(2.08546991963087,1.00017314165971,-0.149999999999993));
#9811=CARTESIAN_POINT('Ctrl Pts',(2.07996297827379,1.04981335258893,-0.149999999999993));
#9812=CARTESIAN_POINT('Ctrl Pts',(2.06861285360479,1.15212469859916,-0.149999999999993));
#9813=CARTESIAN_POINT('Ctrl Pts',(2.06346115053856,1.25493655918584,-0.149999999999993));
#9814=CARTESIAN_POINT('Ctrl Pts',(2.06080899064936,1.30786536530622,-0.149999999999993));
#9815=CARTESIAN_POINT('',(2.21420450074467,-0.0904861650842407,-0.149999999999993));
#9816=CARTESIAN_POINT('',(2.21420450074467,-0.0904861650842407,-0.149999999999993));
#9817=CARTESIAN_POINT('',(2.01895639253414,-0.0904862401767063,-0.149999999999993));
#9818=CARTESIAN_POINT('',(2.01895639253414,-0.0904862401767063,-0.149999999999993));
#9819=CARTESIAN_POINT('',(1.70576955929516,-1.96548616508424,-0.149999999999993));
#9820=CARTESIAN_POINT('',(1.70576955929516,-1.96548616508424,-0.149999999999993));
#9821=CARTESIAN_POINT('',(2.72774760718421,-1.96548616508424,-0.149999999999993));
#9822=CARTESIAN_POINT('',(2.49603403435918,-0.486090715453383,-0.149999999999993));
#9823=CARTESIAN_POINT('',(2.44256988824822,-0.806145599485385,-0.149999999999993));
#9824=CARTESIAN_POINT('',(2.49603403435918,-0.486090715453383,-0.149999999999993));
#9825=CARTESIAN_POINT('',(2.7108135052084,-0.486090715453383,-0.149999999999993));
#9826=CARTESIAN_POINT('',(2.7108135052084,-0.486090715453383,-0.149999999999993));
#9827=CARTESIAN_POINT('',(2.91456076643599,-0.635815893548682,-0.149999999999993));
#9828=CARTESIAN_POINT('Ctrl Pts',(2.91456076643599,-0.635815893548682,-0.149999999999993));
#9829=CARTESIAN_POINT('Ctrl Pts',(2.90262224527262,-0.592309622283454,-0.149999999999993));
#9830=CARTESIAN_POINT('Ctrl Pts',(2.87545120583076,-0.493293119624533,-0.149999999999993));
#9831=CARTESIAN_POINT('Ctrl Pts',(2.76995587247387,-0.488678016120692,-0.149999999999993));
#9832=CARTESIAN_POINT('Ctrl Pts',(2.7108135052084,-0.486090715453383,-0.149999999999993));
#9833=CARTESIAN_POINT('',(2.65724197687127,-0.806145599485385,-0.149999999999993));
#9834=CARTESIAN_POINT('Ctrl Pts',(2.65724197687127,-0.806145599485385,-0.149999999999993));
#9835=CARTESIAN_POINT('Ctrl Pts',(2.73163730889454,-0.804901252536186,-0.149999999999993));
#9836=CARTESIAN_POINT('Ctrl Pts',(2.85987426682021,-0.802756342862024,-0.149999999999993));
#9837=CARTESIAN_POINT('Ctrl Pts',(2.8983896715586,-0.68518109087686,-0.149999999999993));
#9838=CARTESIAN_POINT('Ctrl Pts',(2.91456076643599,-0.635815893548682,-0.149999999999993));
#9839=CARTESIAN_POINT('',(2.44256988824822,-0.806145599485385,-0.149999999999993));
#9840=CARTESIAN_POINT('',(2.3769792475569,-1.19900272303304,-0.149999999999993));
#9841=CARTESIAN_POINT('',(2.31821376108748,-1.55065097862905,-0.149999999999993));
#9842=CARTESIAN_POINT('',(2.3769792475569,-1.19900272303304,-0.149999999999993));
#9843=CARTESIAN_POINT('',(2.61212698657682,-1.19900272303304,-0.149999999999993));
#9844=CARTESIAN_POINT('',(2.61212698657682,-1.19900272303304,-0.149999999999993));
#9845=CARTESIAN_POINT('',(2.77369969074182,-1.24776645624356,-0.149999999999993));
#9846=CARTESIAN_POINT('Ctrl Pts',(2.77369969074182,-1.24776645624356,-0.149999999999993));
#9847=CARTESIAN_POINT('Ctrl Pts',(2.75182509329529,-1.23358407573947,-0.149999999999993));
#9848=CARTESIAN_POINT('Ctrl Pts',(2.70295427023331,-1.20189871056155,-0.149999999999993));
#9849=CARTESIAN_POINT('Ctrl Pts',(2.644446602067,-1.2000332195933,-0.149999999999993));
#9850=CARTESIAN_POINT('Ctrl Pts',(2.61212698657682,-1.19900272303304,-0.149999999999993));
#9851=CARTESIAN_POINT('',(2.82802233146871,-1.37620047976276,-0.149999999999993));
#9852=CARTESIAN_POINT('Ctrl Pts',(2.82802233146871,-1.37620047976276,-0.149999999999993));
#9853=CARTESIAN_POINT('Ctrl Pts',(2.82599345988953,-1.35114629629703,-0.149999999999993));
#9854=CARTESIAN_POINT('Ctrl Pts',(2.82203449684239,-1.30225774783719,-0.149999999999993));
#9855=CARTESIAN_POINT('Ctrl Pts',(2.78954104466736,-1.26562555004438,-0.149999999999993));
#9856=CARTESIAN_POINT('Ctrl Pts',(2.77369969074182,-1.24776645624356,-0.149999999999993));
#9857=CARTESIAN_POINT('',(2.77855028857397,-1.49570600909136,-0.149999999999993));
#9858=CARTESIAN_POINT('Ctrl Pts',(2.77855028857397,-1.49570600909136,-0.149999999999993));
#9859=CARTESIAN_POINT('Ctrl Pts',(2.79297358299635,-1.4774233819168,-0.149999999999993));
#9860=CARTESIAN_POINT('Ctrl Pts',(2.82077917110647,-1.44217767549916,-0.149999999999993));
#9861=CARTESIAN_POINT('Ctrl Pts',(2.82566896696041,-1.39763703273654,-0.149999999999993));
#9862=CARTESIAN_POINT('Ctrl Pts',(2.82802233146871,-1.37620047976276,-0.149999999999993));
#9863=CARTESIAN_POINT('',(2.59854088219132,-1.55065097862905,-0.149999999999993));
#9864=CARTESIAN_POINT('Ctrl Pts',(2.59854088219132,-1.55065097862905,-0.149999999999993));
#9865=CARTESIAN_POINT('Ctrl Pts',(2.636705484015,-1.55019764186253,-0.149999999999993));
#9866=CARTESIAN_POINT('Ctrl Pts',(2.70269033248303,-1.5494138433578,-0.149999999999993));
#9867=CARTESIAN_POINT('Ctrl Pts',(2.7560521216423,-1.51163441036035,-0.149999999999993));
#9868=CARTESIAN_POINT('Ctrl Pts',(2.77855028857397,-1.49570600909136,-0.149999999999993));
#9869=CARTESIAN_POINT('',(2.31821376108748,-1.55065097862905,-0.149999999999993));
#9870=CARTESIAN_POINT('Origin',(2.01895639253414,-0.0904862401767063,-0.124999999999993));
#9871=CARTESIAN_POINT('',(2.55209506567069,-0.0904861650842407,-0.124999999999993));
#9872=CARTESIAN_POINT('',(2.55209506567069,-0.0904861650842407,-0.124999999999993));
#9873=CARTESIAN_POINT('',(2.79368179590684,-0.0904862401767063,-0.124999999999993));
#9874=CARTESIAN_POINT('',(2.79368179590684,-0.0904862401767063,-0.124999999999993));
#9875=CARTESIAN_POINT('',(2.30020636730776,-0.0904862401767063,-0.124999999999993));
#9876=CARTESIAN_POINT('Origin',(2.61212698657682,-1.19900272303304,-0.124999999999993));
#9877=CARTESIAN_POINT('',(2.61212698657682,-1.19900272303304,-0.124999999999993));
#9878=CARTESIAN_POINT('',(2.3769792475569,-1.19900272303304,-0.124999999999993));
#9879=CARTESIAN_POINT('',(2.5967916643291,-1.19900272303304,-0.124999999999993));
#9880=CARTESIAN_POINT('',(2.61212698657682,-1.19900272303304,-0.124999999999993));
#9881=CARTESIAN_POINT('',(2.3769792475569,-1.19900272303304,-0.124999999999993));
#9882=CARTESIAN_POINT('Ctrl Pts',(2.77369969074182,-1.24776645624356,-0.124999999999993));
#9883=CARTESIAN_POINT('Ctrl Pts',(2.77369969074182,-1.24776645624356,-0.149999999999993));
#9884=CARTESIAN_POINT('Ctrl Pts',(2.75182509329529,-1.23358407573947,-0.124999999999993));
#9885=CARTESIAN_POINT('Ctrl Pts',(2.75182509329529,-1.23358407573947,-0.149999999999993));
#9886=CARTESIAN_POINT('Ctrl Pts',(2.70295427023331,-1.20189871056155,-0.124999999999993));
#9887=CARTESIAN_POINT('Ctrl Pts',(2.70295427023331,-1.20189871056155,-0.149999999999993));
#9888=CARTESIAN_POINT('Ctrl Pts',(2.644446602067,-1.2000332195933,-0.124999999999993));
#9889=CARTESIAN_POINT('Ctrl Pts',(2.644446602067,-1.2000332195933,-0.149999999999993));
#9890=CARTESIAN_POINT('Ctrl Pts',(2.61212698657682,-1.19900272303304,-0.124999999999993));
#9891=CARTESIAN_POINT('Ctrl Pts',(2.61212698657682,-1.19900272303304,-0.149999999999993));
#9892=CARTESIAN_POINT('',(2.77369969074182,-1.24776645624356,-0.124999999999993));
#9893=CARTESIAN_POINT('Ctrl Pts',(2.77369969074182,-1.24776645624356,-0.124999999999993));
#9894=CARTESIAN_POINT('Ctrl Pts',(2.75182509329529,-1.23358407573947,-0.124999999999993));
#9895=CARTESIAN_POINT('Ctrl Pts',(2.70295427023331,-1.20189871056155,-0.124999999999993));
#9896=CARTESIAN_POINT('Ctrl Pts',(2.644446602067,-1.2000332195933,-0.124999999999993));
#9897=CARTESIAN_POINT('Ctrl Pts',(2.61212698657682,-1.19900272303304,-0.124999999999993));
#9898=CARTESIAN_POINT('',(2.77369969074182,-1.24776645624356,-0.124999999999993));
#9899=CARTESIAN_POINT('Ctrl Pts',(2.82802233146871,-1.37620047976276,-0.124999999999993));
#9900=CARTESIAN_POINT('Ctrl Pts',(2.82802233146871,-1.37620047976276,-0.149999999999993));
#9901=CARTESIAN_POINT('Ctrl Pts',(2.82599345988953,-1.35114629629703,-0.124999999999993));
#9902=CARTESIAN_POINT('Ctrl Pts',(2.82599345988953,-1.35114629629703,-0.149999999999993));
#9903=CARTESIAN_POINT('Ctrl Pts',(2.82203449684239,-1.30225774783719,-0.124999999999993));
#9904=CARTESIAN_POINT('Ctrl Pts',(2.82203449684239,-1.30225774783719,-0.149999999999993));
#9905=CARTESIAN_POINT('Ctrl Pts',(2.78954104466736,-1.26562555004438,-0.124999999999993));
#9906=CARTESIAN_POINT('Ctrl Pts',(2.78954104466736,-1.26562555004438,-0.149999999999993));
#9907=CARTESIAN_POINT('Ctrl Pts',(2.77369969074182,-1.24776645624356,-0.124999999999993));
#9908=CARTESIAN_POINT('Ctrl Pts',(2.77369969074182,-1.24776645624356,-0.149999999999993));
#9909=CARTESIAN_POINT('',(2.82802233146871,-1.37620047976276,-0.124999999999993));
#9910=CARTESIAN_POINT('Ctrl Pts',(2.82802233146871,-1.37620047976276,-0.124999999999993));
#9911=CARTESIAN_POINT('Ctrl Pts',(2.82599345988953,-1.35114629629703,-0.124999999999993));
#9912=CARTESIAN_POINT('Ctrl Pts',(2.82203449684239,-1.30225774783719,-0.124999999999993));
#9913=CARTESIAN_POINT('Ctrl Pts',(2.78954104466736,-1.26562555004438,-0.124999999999993));
#9914=CARTESIAN_POINT('Ctrl Pts',(2.77369969074182,-1.24776645624356,-0.124999999999993));
#9915=CARTESIAN_POINT('',(2.82802233146871,-1.37620047976276,-0.124999999999993));
#9916=CARTESIAN_POINT('Ctrl Pts',(2.77855028857397,-1.49570600909136,-0.124999999999993));
#9917=CARTESIAN_POINT('Ctrl Pts',(2.77855028857397,-1.49570600909136,-0.149999999999993));
#9918=CARTESIAN_POINT('Ctrl Pts',(2.79297358299635,-1.4774233819168,-0.124999999999993));
#9919=CARTESIAN_POINT('Ctrl Pts',(2.79297358299635,-1.4774233819168,-0.149999999999993));
#9920=CARTESIAN_POINT('Ctrl Pts',(2.82077917110647,-1.44217767549916,-0.124999999999993));
#9921=CARTESIAN_POINT('Ctrl Pts',(2.82077917110647,-1.44217767549916,-0.149999999999993));
#9922=CARTESIAN_POINT('Ctrl Pts',(2.82566896696041,-1.39763703273654,-0.124999999999993));
#9923=CARTESIAN_POINT('Ctrl Pts',(2.82566896696041,-1.39763703273654,-0.149999999999993));
#9924=CARTESIAN_POINT('Ctrl Pts',(2.82802233146871,-1.37620047976276,-0.124999999999993));
#9925=CARTESIAN_POINT('Ctrl Pts',(2.82802233146871,-1.37620047976276,-0.149999999999993));
#9926=CARTESIAN_POINT('',(2.77855028857397,-1.49570600909136,-0.124999999999993));
#9927=CARTESIAN_POINT('Ctrl Pts',(2.77855028857397,-1.49570600909136,-0.124999999999993));
#9928=CARTESIAN_POINT('Ctrl Pts',(2.79297358299635,-1.4774233819168,-0.124999999999993));
#9929=CARTESIAN_POINT('Ctrl Pts',(2.82077917110647,-1.44217767549916,-0.124999999999993));
#9930=CARTESIAN_POINT('Ctrl Pts',(2.82566896696041,-1.39763703273654,-0.124999999999993));
#9931=CARTESIAN_POINT('Ctrl Pts',(2.82802233146871,-1.37620047976276,-0.124999999999993));
#9932=CARTESIAN_POINT('',(2.77855028857397,-1.49570600909136,-0.124999999999993));
#9933=CARTESIAN_POINT('Ctrl Pts',(2.59854088219132,-1.55065097862905,-0.124999999999993));
#9934=CARTESIAN_POINT('Ctrl Pts',(2.59854088219132,-1.55065097862905,-0.149999999999993));
#9935=CARTESIAN_POINT('Ctrl Pts',(2.636705484015,-1.55019764186253,-0.124999999999993));
#9936=CARTESIAN_POINT('Ctrl Pts',(2.636705484015,-1.55019764186253,-0.149999999999993));
#9937=CARTESIAN_POINT('Ctrl Pts',(2.70269033248303,-1.5494138433578,-0.124999999999993));
#9938=CARTESIAN_POINT('Ctrl Pts',(2.70269033248303,-1.5494138433578,-0.149999999999993));
#9939=CARTESIAN_POINT('Ctrl Pts',(2.7560521216423,-1.51163441036035,-0.124999999999993));
#9940=CARTESIAN_POINT('Ctrl Pts',(2.7560521216423,-1.51163441036035,-0.149999999999993));
#9941=CARTESIAN_POINT('Ctrl Pts',(2.77855028857397,-1.49570600909136,-0.124999999999993));
#9942=CARTESIAN_POINT('Ctrl Pts',(2.77855028857397,-1.49570600909136,-0.149999999999993));
#9943=CARTESIAN_POINT('',(2.59854088219132,-1.55065097862905,-0.124999999999993));
#9944=CARTESIAN_POINT('Ctrl Pts',(2.59854088219132,-1.55065097862905,-0.124999999999993));
#9945=CARTESIAN_POINT('Ctrl Pts',(2.636705484015,-1.55019764186253,-0.124999999999993));
#9946=CARTESIAN_POINT('Ctrl Pts',(2.70269033248303,-1.5494138433578,-0.124999999999993));
#9947=CARTESIAN_POINT('Ctrl Pts',(2.7560521216423,-1.51163441036035,-0.124999999999993));
#9948=CARTESIAN_POINT('Ctrl Pts',(2.77855028857397,-1.49570600909136,-0.124999999999993));
#9949=CARTESIAN_POINT('',(2.59854088219132,-1.55065097862905,-0.124999999999993));
#9950=CARTESIAN_POINT('Origin',(2.31821376108748,-1.55065097862905,-0.124999999999993));
#9951=CARTESIAN_POINT('',(2.31821376108748,-1.55065097862905,-0.124999999999993));
#9952=CARTESIAN_POINT('',(2.44983505158443,-1.55065097862905,-0.124999999999993));
#9953=CARTESIAN_POINT('',(2.31821376108748,-1.55065097862905,-0.124999999999993));
#9954=CARTESIAN_POINT('Origin',(2.3769792475569,-1.19900272303304,-0.124999999999993));
#9955=CARTESIAN_POINT('',(2.1760934829181,-2.40108804476465,-0.124999999999993));
#9956=CARTESIAN_POINT('Origin',(2.7108135052084,-0.486090715453383,-0.124999999999993));
#9957=CARTESIAN_POINT('',(2.7108135052084,-0.486090715453383,-0.124999999999993));
#9958=CARTESIAN_POINT('',(2.49603403435918,-0.486090715453383,-0.124999999999993));
#9959=CARTESIAN_POINT('',(2.64613492364489,-0.486090715453383,-0.124999999999993));
#9960=CARTESIAN_POINT('',(2.7108135052084,-0.486090715453383,-0.124999999999993));
#9961=CARTESIAN_POINT('',(2.49603403435918,-0.486090715453383,-0.124999999999993));
#9962=CARTESIAN_POINT('Ctrl Pts',(2.91456076643599,-0.635815893548682,-0.124999999999993));
#9963=CARTESIAN_POINT('Ctrl Pts',(2.91456076643599,-0.635815893548682,-0.149999999999993));
#9964=CARTESIAN_POINT('Ctrl Pts',(2.90262224527262,-0.592309622283454,-0.124999999999993));
#9965=CARTESIAN_POINT('Ctrl Pts',(2.90262224527262,-0.592309622283454,-0.149999999999993));
#9966=CARTESIAN_POINT('Ctrl Pts',(2.87545120583076,-0.493293119624533,-0.124999999999993));
#9967=CARTESIAN_POINT('Ctrl Pts',(2.87545120583076,-0.493293119624533,-0.149999999999993));
#9968=CARTESIAN_POINT('Ctrl Pts',(2.76995587247387,-0.488678016120692,-0.124999999999993));
#9969=CARTESIAN_POINT('Ctrl Pts',(2.76995587247387,-0.488678016120692,-0.149999999999993));
#9970=CARTESIAN_POINT('Ctrl Pts',(2.7108135052084,-0.486090715453383,-0.124999999999993));
#9971=CARTESIAN_POINT('Ctrl Pts',(2.7108135052084,-0.486090715453383,-0.149999999999993));
#9972=CARTESIAN_POINT('',(2.91456076643599,-0.635815893548682,-0.124999999999993));
#9973=CARTESIAN_POINT('Ctrl Pts',(2.91456076643599,-0.635815893548682,-0.124999999999993));
#9974=CARTESIAN_POINT('Ctrl Pts',(2.90262224527262,-0.592309622283454,-0.124999999999993));
#9975=CARTESIAN_POINT('Ctrl Pts',(2.87545120583076,-0.493293119624533,-0.124999999999993));
#9976=CARTESIAN_POINT('Ctrl Pts',(2.76995587247387,-0.488678016120692,-0.124999999999993));
#9977=CARTESIAN_POINT('Ctrl Pts',(2.7108135052084,-0.486090715453383,-0.124999999999993));
#9978=CARTESIAN_POINT('',(2.91456076643599,-0.635815893548682,-0.124999999999993));
#9979=CARTESIAN_POINT('Ctrl Pts',(2.65724197687127,-0.806145599485385,-0.124999999999993));
#9980=CARTESIAN_POINT('Ctrl Pts',(2.65724197687127,-0.806145599485385,-0.149999999999993));
#9981=CARTESIAN_POINT('Ctrl Pts',(2.73163730889454,-0.804901252536186,-0.124999999999993));
#9982=CARTESIAN_POINT('Ctrl Pts',(2.73163730889454,-0.804901252536186,-0.149999999999993));
#9983=CARTESIAN_POINT('Ctrl Pts',(2.85987426682021,-0.802756342862024,-0.124999999999993));
#9984=CARTESIAN_POINT('Ctrl Pts',(2.85987426682021,-0.802756342862024,-0.149999999999993));
#9985=CARTESIAN_POINT('Ctrl Pts',(2.8983896715586,-0.68518109087686,-0.124999999999993));
#9986=CARTESIAN_POINT('Ctrl Pts',(2.8983896715586,-0.68518109087686,-0.149999999999993));
#9987=CARTESIAN_POINT('Ctrl Pts',(2.91456076643599,-0.635815893548682,-0.124999999999993));
#9988=CARTESIAN_POINT('Ctrl Pts',(2.91456076643599,-0.635815893548682,-0.149999999999993));
#9989=CARTESIAN_POINT('',(2.65724197687127,-0.806145599485385,-0.124999999999993));
#9990=CARTESIAN_POINT('Ctrl Pts',(2.65724197687127,-0.806145599485385,-0.124999999999993));
#9991=CARTESIAN_POINT('Ctrl Pts',(2.73163730889454,-0.804901252536186,-0.124999999999993));
#9992=CARTESIAN_POINT('Ctrl Pts',(2.85987426682021,-0.802756342862024,-0.124999999999993));
#9993=CARTESIAN_POINT('Ctrl Pts',(2.8983896715586,-0.68518109087686,-0.124999999999993));
#9994=CARTESIAN_POINT('Ctrl Pts',(2.91456076643599,-0.635815893548682,-0.124999999999993));
#9995=CARTESIAN_POINT('',(2.65724197687127,-0.806145599485385,-0.124999999999993));
#9996=CARTESIAN_POINT('Origin',(2.44256988824822,-0.806145599485385,-0.124999999999993));
#9997=CARTESIAN_POINT('',(2.44256988824822,-0.806145599485385,-0.124999999999993));
#9998=CARTESIAN_POINT('',(2.5120131151648,-0.806145599485385,-0.124999999999993));
#9999=CARTESIAN_POINT('',(2.44256988824822,-0.806145599485385,-0.124999999999993));
#10000=CARTESIAN_POINT('Origin',(2.49603403435918,-0.486090715453383,-0.124999999999993));
#10001=CARTESIAN_POINT('',(2.23567962211053,-2.04466234299852,-0.124999999999993));
#10002=CARTESIAN_POINT('Ctrl Pts',(3.36648412177882,-1.4174093477144,-0.124999999999993));
#10003=CARTESIAN_POINT('Ctrl Pts',(3.36648412177882,-1.4174093477144,-0.149999999999993));
#10004=CARTESIAN_POINT('Ctrl Pts',(3.36024224706753,-1.48807870451037,-0.124999999999993));
#10005=CARTESIAN_POINT('Ctrl Pts',(3.36024224706753,-1.48807870451037,-0.149999999999993));
#10006=CARTESIAN_POINT('Ctrl Pts',(3.34771284273786,-1.62993431455836,-0.124999999999993));
#10007=CARTESIAN_POINT('Ctrl Pts',(3.34771284273786,-1.62993431455836,-0.149999999999993));
#10008=CARTESIAN_POINT('Ctrl Pts',(3.26188792811198,-1.74360741586684,-0.124999999999993));
#10009=CARTESIAN_POINT('Ctrl Pts',(3.26188792811198,-1.74360741586684,-0.149999999999993));
#10010=CARTESIAN_POINT('Ctrl Pts',(3.21881910548436,-1.80065106874001,-0.124999999999993));
#10011=CARTESIAN_POINT('Ctrl Pts',(3.21881910548436,-1.80065106874001,-0.149999999999993));
#10012=CARTESIAN_POINT('',(3.36648412177882,-1.4174093477144,-0.124999999999993));
#10013=CARTESIAN_POINT('Ctrl Pts',(3.36648412177882,-1.4174093477144,-0.124999999999993));
#10014=CARTESIAN_POINT('Ctrl Pts',(3.36024224706753,-1.48807870451037,-0.124999999999993));
#10015=CARTESIAN_POINT('Ctrl Pts',(3.34771284273786,-1.62993431455836,-0.124999999999993));
#10016=CARTESIAN_POINT('Ctrl Pts',(3.26188792811198,-1.74360741586684,-0.124999999999993));
#10017=CARTESIAN_POINT('Ctrl Pts',(3.21881910548436,-1.80065106874001,-0.124999999999993));
#10018=CARTESIAN_POINT('',(3.36648412177882,-1.4174093477144,-0.124999999999993));
#10019=CARTESIAN_POINT('Ctrl Pts',(3.05741798760385,-1.00944230591782,-0.124999999999993));
#10020=CARTESIAN_POINT('Ctrl Pts',(3.05741798760385,-1.00944230591782,-0.149999999999993));
#10021=CARTESIAN_POINT('Ctrl Pts',(3.14753860030506,-1.05200000520992,-0.124999999999993));
#10022=CARTESIAN_POINT('Ctrl Pts',(3.14753860030506,-1.05200000520992,-0.149999999999993));
#10023=CARTESIAN_POINT('Ctrl Pts',(3.32254571210116,-1.1346436958658,-0.124999999999993));
#10024=CARTESIAN_POINT('Ctrl Pts',(3.32254571210116,-1.1346436958658,-0.149999999999993));
#10025=CARTESIAN_POINT('Ctrl Pts',(3.35213295031082,-1.32505237838599,-0.124999999999993));
#10026=CARTESIAN_POINT('Ctrl Pts',(3.35213295031082,-1.32505237838599,-0.149999999999993));
#10027=CARTESIAN_POINT('Ctrl Pts',(3.36648412177882,-1.4174093477144,-0.124999999999993));
#10028=CARTESIAN_POINT('Ctrl Pts',(3.36648412177882,-1.4174093477144,-0.149999999999993));
#10029=CARTESIAN_POINT('',(3.05741798760385,-1.00944230591782,-0.124999999999993));
#10030=CARTESIAN_POINT('Ctrl Pts',(3.05741798760385,-1.00944230591782,-0.124999999999993));
#10031=CARTESIAN_POINT('Ctrl Pts',(3.14753860030506,-1.05200000520992,-0.124999999999993));
#10032=CARTESIAN_POINT('Ctrl Pts',(3.32254571210116,-1.1346436958658,-0.124999999999993));
#10033=CARTESIAN_POINT('Ctrl Pts',(3.35213295031082,-1.32505237838599,-0.124999999999993));
#10034=CARTESIAN_POINT('Ctrl Pts',(3.36648412177882,-1.4174093477144,-0.124999999999993));
#10035=CARTESIAN_POINT('',(3.05741798760385,-1.00944230591782,-0.124999999999993));
#10036=CARTESIAN_POINT('Ctrl Pts',(3.34862675793528,-0.848041188037304,
-0.124999999999993));
#10037=CARTESIAN_POINT('Ctrl Pts',(3.34862675793528,-0.848041188037304,
-0.149999999999993));
#10038=CARTESIAN_POINT('Ctrl Pts',(3.30825764880576,-0.885052234500754,
-0.124999999999993));
#10039=CARTESIAN_POINT('Ctrl Pts',(3.30825764880576,-0.885052234500754,
-0.149999999999993));
#10040=CARTESIAN_POINT('Ctrl Pts',(3.22424646569731,-0.962075034075062,
-0.124999999999993));
#10041=CARTESIAN_POINT('Ctrl Pts',(3.22424646569731,-0.962075034075062,
-0.149999999999993));
#10042=CARTESIAN_POINT('Ctrl Pts',(3.11445327952565,-0.993248391018124,
-0.124999999999993));
#10043=CARTESIAN_POINT('Ctrl Pts',(3.11445327952565,-0.993248391018124,
-0.149999999999993));
#10044=CARTESIAN_POINT('Ctrl Pts',(3.05741798760385,-1.00944230591782,-0.124999999999993));
#10045=CARTESIAN_POINT('Ctrl Pts',(3.05741798760385,-1.00944230591782,-0.149999999999993));
#10046=CARTESIAN_POINT('',(3.34862675793528,-0.848041188037304,-0.124999999999993));
#10047=CARTESIAN_POINT('Ctrl Pts',(3.34862675793528,-0.848041188037304,
-0.124999999999993));
#10048=CARTESIAN_POINT('Ctrl Pts',(3.30825764880576,-0.885052234500754,
-0.124999999999993));
#10049=CARTESIAN_POINT('Ctrl Pts',(3.22424646569731,-0.962075034075062,
-0.124999999999993));
#10050=CARTESIAN_POINT('Ctrl Pts',(3.11445327952565,-0.993248391018124,
-0.124999999999993));
#10051=CARTESIAN_POINT('Ctrl Pts',(3.05741798760385,-1.00944230591782,-0.124999999999993));
#10052=CARTESIAN_POINT('',(3.34862675793528,-0.848041188037304,-0.124999999999993));
#10053=CARTESIAN_POINT('Ctrl Pts',(3.4571432558101,-0.556145603240008,-0.124999999999993));
#10054=CARTESIAN_POINT('Ctrl Pts',(3.4571432558101,-0.556145603240008,-0.149999999999993));
#10055=CARTESIAN_POINT('Ctrl Pts',(3.45292218620682,-0.610897194426791,
-0.124999999999993));
#10056=CARTESIAN_POINT('Ctrl Pts',(3.45292218620682,-0.610897194426791,
-0.149999999999993));
#10057=CARTESIAN_POINT('Ctrl Pts',(3.44461470353709,-0.718653743755124,
-0.124999999999993));
#10058=CARTESIAN_POINT('Ctrl Pts',(3.44461470353709,-0.718653743755124,
-0.149999999999993));
#10059=CARTESIAN_POINT('Ctrl Pts',(3.38027511156664,-0.80538062720931,-0.124999999999993));
#10060=CARTESIAN_POINT('Ctrl Pts',(3.38027511156664,-0.80538062720931,-0.149999999999993));
#10061=CARTESIAN_POINT('Ctrl Pts',(3.34862675793528,-0.848041188037304,
-0.124999999999993));
#10062=CARTESIAN_POINT('Ctrl Pts',(3.34862675793528,-0.848041188037304,
-0.149999999999993));
#10063=CARTESIAN_POINT('',(3.4571432558101,-0.556145603240008,-0.124999999999993));
#10064=CARTESIAN_POINT('Ctrl Pts',(3.4571432558101,-0.556145603240008,-0.124999999999993));
#10065=CARTESIAN_POINT('Ctrl Pts',(3.45292218620682,-0.610897194426791,
-0.124999999999993));
#10066=CARTESIAN_POINT('Ctrl Pts',(3.44461470353709,-0.718653743755124,
-0.124999999999993));
#10067=CARTESIAN_POINT('Ctrl Pts',(3.38027511156664,-0.80538062720931,-0.124999999999993));
#10068=CARTESIAN_POINT('Ctrl Pts',(3.34862675793528,-0.848041188037304,
-0.124999999999993));
#10069=CARTESIAN_POINT('',(3.4571432558101,-0.556145603240008,-0.124999999999993));
#10070=CARTESIAN_POINT('Ctrl Pts',(3.36579740117854,-0.282793915155368,
-0.124999999999993));
#10071=CARTESIAN_POINT('Ctrl Pts',(3.36579740117854,-0.282793915155368,
-0.149999999999993));
#10072=CARTESIAN_POINT('Ctrl Pts',(3.39243832839332,-0.323750753448367,
-0.124999999999993));
#10073=CARTESIAN_POINT('Ctrl Pts',(3.39243832839332,-0.323750753448367,
-0.149999999999993));
#10074=CARTESIAN_POINT('Ctrl Pts',(3.44652485970027,-0.406901512380641,
-0.124999999999993));
#10075=CARTESIAN_POINT('Ctrl Pts',(3.44652485970027,-0.406901512380641,
-0.149999999999993));
#10076=CARTESIAN_POINT('Ctrl Pts',(3.45356885788347,-0.505906587534468,
-0.124999999999993));
#10077=CARTESIAN_POINT('Ctrl Pts',(3.45356885788347,-0.505906587534468,
-0.149999999999993));
#10078=CARTESIAN_POINT('Ctrl Pts',(3.4571432558101,-0.556145603240008,-0.124999999999993));
#10079=CARTESIAN_POINT('Ctrl Pts',(3.4571432558101,-0.556145603240008,-0.149999999999993));
#10080=CARTESIAN_POINT('',(3.36579740117854,-0.282793915155368,-0.124999999999993));
#10081=CARTESIAN_POINT('Ctrl Pts',(3.36579740117854,-0.282793915155368,
-0.124999999999993));
#10082=CARTESIAN_POINT('Ctrl Pts',(3.39243832839332,-0.323750753448367,
-0.124999999999993));
#10083=CARTESIAN_POINT('Ctrl Pts',(3.44652485970027,-0.406901512380641,
-0.124999999999993));
#10084=CARTESIAN_POINT('Ctrl Pts',(3.45356885788347,-0.505906587534468,
-0.124999999999993));
#10085=CARTESIAN_POINT('Ctrl Pts',(3.4571432558101,-0.556145603240008,-0.124999999999993));
#10086=CARTESIAN_POINT('',(3.36579740117854,-0.282793915155368,-0.124999999999993));
#10087=CARTESIAN_POINT('Ctrl Pts',(3.13983553577596,-0.128260941933461,
-0.124999999999993));
#10088=CARTESIAN_POINT('Ctrl Pts',(3.13983553577596,-0.128260941933461,
-0.149999999999993));
#10089=CARTESIAN_POINT('Ctrl Pts',(3.18313636069641,-0.144442651574581,
-0.124999999999993));
#10090=CARTESIAN_POINT('Ctrl Pts',(3.18313636069641,-0.144442651574581,
-0.149999999999993));
#10091=CARTESIAN_POINT('Ctrl Pts',(3.27112644666521,-0.177324935574019,
-0.124999999999993));
#10092=CARTESIAN_POINT('Ctrl Pts',(3.27112644666521,-0.177324935574019,
-0.149999999999993));
#10093=CARTESIAN_POINT('Ctrl Pts',(3.33391018515693,-0.247269691777899,
-0.124999999999993));
#10094=CARTESIAN_POINT('Ctrl Pts',(3.33391018515693,-0.247269691777899,
-0.149999999999993));
#10095=CARTESIAN_POINT('Ctrl Pts',(3.36579740117854,-0.282793915155368,
-0.124999999999993));
#10096=CARTESIAN_POINT('Ctrl Pts',(3.36579740117854,-0.282793915155368,
-0.149999999999993));
#10097=CARTESIAN_POINT('',(3.13983553577596,-0.128260941933461,-0.124999999999993));
#10098=CARTESIAN_POINT('Ctrl Pts',(3.13983553577596,-0.128260941933461,
-0.124999999999993));
#10099=CARTESIAN_POINT('Ctrl Pts',(3.18313636069641,-0.144442651574581,
-0.124999999999993));
#10100=CARTESIAN_POINT('Ctrl Pts',(3.27112644666521,-0.177324935574019,
-0.124999999999993));
#10101=CARTESIAN_POINT('Ctrl Pts',(3.33391018515693,-0.247269691777899,
-0.124999999999993));
#10102=CARTESIAN_POINT('Ctrl Pts',(3.36579740117854,-0.282793915155368,
-0.124999999999993));
#10103=CARTESIAN_POINT('',(3.13983553577596,-0.128260941933461,-0.124999999999993));
#10104=CARTESIAN_POINT('Ctrl Pts',(2.79368179590684,-0.0904862401767063,
-0.124999999999993));
#10105=CARTESIAN_POINT('Ctrl Pts',(2.79368179590684,-0.0904862401767063,
-0.149999999999993));
#10106=CARTESIAN_POINT('Ctrl Pts',(2.85805582464308,-0.0912960296851224,
-0.124999999999993));
#10107=CARTESIAN_POINT('Ctrl Pts',(2.85805582464308,-0.0912960296851224,
-0.149999999999993));
#10108=CARTESIAN_POINT('Ctrl Pts',(2.97473196275867,-0.0927637506648924,
-0.124999999999993));
#10109=CARTESIAN_POINT('Ctrl Pts',(2.97473196275867,-0.0927637506648924,
-0.149999999999993));
#10110=CARTESIAN_POINT('Ctrl Pts',(3.08873271477452,-0.117273859229554,
-0.124999999999993));
#10111=CARTESIAN_POINT('Ctrl Pts',(3.08873271477452,-0.117273859229554,
-0.149999999999993));
#10112=CARTESIAN_POINT('Ctrl Pts',(3.13983553577596,-0.128260941933461,
-0.124999999999993));
#10113=CARTESIAN_POINT('Ctrl Pts',(3.13983553577596,-0.128260941933461,
-0.149999999999993));
#10114=CARTESIAN_POINT('Ctrl Pts',(2.79368179590684,-0.0904862401767063,
-0.124999999999993));
#10115=CARTESIAN_POINT('Ctrl Pts',(2.85805582464308,-0.0912960296851224,
-0.124999999999993));
#10116=CARTESIAN_POINT('Ctrl Pts',(2.97473196275867,-0.0927637506648924,
-0.124999999999993));
#10117=CARTESIAN_POINT('Ctrl Pts',(3.08873271477452,-0.117273859229554,
-0.124999999999993));
#10118=CARTESIAN_POINT('Ctrl Pts',(3.13983553577596,-0.128260941933461,
-0.124999999999993));
#10119=CARTESIAN_POINT('Origin',(2.01895639253414,-0.0904862401767063,-0.124999999999993));
#10120=CARTESIAN_POINT('',(2.21420450074467,-0.0904861650842407,-0.124999999999993));
#10121=CARTESIAN_POINT('',(2.21420450074467,-0.0904861650842407,-0.124999999999993));
#10122=CARTESIAN_POINT('',(2.01895639253414,-0.0904862401767063,-0.124999999999993));
#10123=CARTESIAN_POINT('',(2.30020636730776,-0.0904862401767063,-0.124999999999993));
#10124=CARTESIAN_POINT('',(2.01895639253414,-0.0904862401767063,-0.124999999999993));
#10125=CARTESIAN_POINT('Origin',(1.70576955929516,-1.96548616508424,-0.124999999999993));
#10126=CARTESIAN_POINT('',(1.70576955929516,-1.96548616508424,-0.124999999999993));
#10127=CARTESIAN_POINT('',(1.57636072044132,-2.74023636969512,-0.124999999999993));
#10128=CARTESIAN_POINT('',(1.70576955929516,-1.96548616508424,-0.124999999999993));
#10129=CARTESIAN_POINT('Origin',(2.72774760718421,-1.96548616508424,-0.124999999999993));
#10130=CARTESIAN_POINT('',(2.6546019746328,-1.96548616508424,-0.124999999999993));
#10131=CARTESIAN_POINT('Origin',(1.70581245586629,1.78451375982329,-0.124999999999993));
#10132=CARTESIAN_POINT('',(2.14517391991055,1.78451375982329,-0.124999999999993));
#10133=CARTESIAN_POINT('Ctrl Pts',(2.14517391991055,1.78451375982329,-0.149999999999993));
#10134=CARTESIAN_POINT('Ctrl Pts',(2.14517391991055,1.78451375982329,-0.145833333333326));
#10135=CARTESIAN_POINT('Ctrl Pts',(2.14517391991055,1.78451375982329,-0.141666666666659));
#10136=CARTESIAN_POINT('Ctrl Pts',(2.14517391991055,1.78451375982329,-0.133333333333326));
#10137=CARTESIAN_POINT('Ctrl Pts',(2.14517391991055,1.78451375982329,-0.129166666666659));
#10138=CARTESIAN_POINT('Ctrl Pts',(2.14517391991055,1.78451375982329,-0.124999999999993));
#10139=CARTESIAN_POINT('',(1.70581245586629,1.78451375982329,-0.124999999999993));
#10140=CARTESIAN_POINT('',(2.14363439897384,1.78451375982329,-0.124999999999993));
#10141=CARTESIAN_POINT('',(1.70581245586629,1.78451375982329,-0.124999999999993));
#10142=CARTESIAN_POINT('Origin',(2.63925601717994,0.954843386912906,-0.124999999999993));
#10143=CARTESIAN_POINT('',(2.63925601717994,0.954843386912906,-0.124999999999993));
#10144=CARTESIAN_POINT('',(3.01080058479873,1.78451375982329,-0.124999999999993));
#10145=CARTESIAN_POINT('',(1.7654269549557,-0.996443610934916,-0.124999999999993));
#10146=CARTESIAN_POINT('',(2.63925601717994,0.954843386912906,-0.124999999999993));
#10147=CARTESIAN_POINT('',(3.01080058479873,1.78451375982329,-0.124999999999993));
#10148=CARTESIAN_POINT('Ctrl Pts',(2.58282994261877,0.810612724544492,-0.124999999999993));
#10149=CARTESIAN_POINT('Ctrl Pts',(2.58282994261877,0.810612724544492,-0.149999999999993));
#10150=CARTESIAN_POINT('Ctrl Pts',(2.59040514850469,0.833294819087049,-0.124999999999993));
#10151=CARTESIAN_POINT('Ctrl Pts',(2.59040514850469,0.833294819087049,-0.149999999999993));
#10152=CARTESIAN_POINT('Ctrl Pts',(2.60677754408871,0.882317938737862,-0.124999999999993));
#10153=CARTESIAN_POINT('Ctrl Pts',(2.60677754408871,0.882317938737862,-0.149999999999993));
#10154=CARTESIAN_POINT('Ctrl Pts',(2.62790424933452,0.929494533589171,-0.124999999999993));
#10155=CARTESIAN_POINT('Ctrl Pts',(2.62790424933452,0.929494533589171,-0.149999999999993));
#10156=CARTESIAN_POINT('Ctrl Pts',(2.63925601717994,0.954843386912906,-0.124999999999993));
#10157=CARTESIAN_POINT('Ctrl Pts',(2.63925601717994,0.954843386912906,-0.149999999999993));
#10158=CARTESIAN_POINT('',(2.58282994261877,0.810612724544492,-0.124999999999993));
#10159=CARTESIAN_POINT('Ctrl Pts',(2.58282994261877,0.810612724544492,-0.124999999999993));
#10160=CARTESIAN_POINT('Ctrl Pts',(2.59040514850469,0.833294819087049,-0.124999999999993));
#10161=CARTESIAN_POINT('Ctrl Pts',(2.60677754408871,0.882317938737862,-0.124999999999993));
#10162=CARTESIAN_POINT('Ctrl Pts',(2.62790424933452,0.929494533589171,-0.124999999999993));
#10163=CARTESIAN_POINT('Ctrl Pts',(2.63925601717994,0.954843386912906,-0.124999999999993));
#10164=CARTESIAN_POINT('',(2.58282994261877,0.810612724544492,-0.124999999999993));
#10165=CARTESIAN_POINT('Ctrl Pts',(2.56078758178734,0.954843386912906,-0.124999999999993));
#10166=CARTESIAN_POINT('Ctrl Pts',(2.56078758178734,0.954843386912906,-0.149999999999993));
#10167=CARTESIAN_POINT('Ctrl Pts',(2.56430896832069,0.925822497834098,-0.124999999999993));
#10168=CARTESIAN_POINT('Ctrl Pts',(2.56430896832069,0.925822497834098,-0.149999999999993));
#10169=CARTESIAN_POINT('Ctrl Pts',(2.57017097206083,0.8775118228453,-0.124999999999993));
#10170=CARTESIAN_POINT('Ctrl Pts',(2.57017097206083,0.8775118228453,-0.149999999999993));
#10171=CARTESIAN_POINT('Ctrl Pts',(2.57921770642013,0.829702376695326,-0.124999999999993));
#10172=CARTESIAN_POINT('Ctrl Pts',(2.57921770642013,0.829702376695326,-0.149999999999993));
#10173=CARTESIAN_POINT('Ctrl Pts',(2.58282994261877,0.810612724544492,-0.124999999999993));
#10174=CARTESIAN_POINT('Ctrl Pts',(2.58282994261877,0.810612724544492,-0.149999999999993));
#10175=CARTESIAN_POINT('',(2.56078758178734,0.954843386912906,-0.124999999999993));
#10176=CARTESIAN_POINT('Ctrl Pts',(2.56078758178734,0.954843386912906,-0.124999999999993));
#10177=CARTESIAN_POINT('Ctrl Pts',(2.56430896832069,0.925822497834098,-0.124999999999993));
#10178=CARTESIAN_POINT('Ctrl Pts',(2.57017097206083,0.8775118228453,-0.124999999999993));
#10179=CARTESIAN_POINT('Ctrl Pts',(2.57921770642013,0.829702376695326,-0.124999999999993));
#10180=CARTESIAN_POINT('Ctrl Pts',(2.58282994261877,0.810612724544492,-0.124999999999993));
#10181=CARTESIAN_POINT('',(2.56078758178734,0.954843386912906,-0.124999999999993));
#10182=CARTESIAN_POINT('Origin',(2.46019089855547,1.78451375982329,-0.124999999999993));
#10183=CARTESIAN_POINT('',(2.4634886704468,1.75731541145886,-0.124999999999993));
#10184=CARTESIAN_POINT('Ctrl Pts',(2.4634886704468,1.75731541145886,-0.124999999999993));
#10185=CARTESIAN_POINT('Ctrl Pts',(2.4634886704468,1.75731541145886,-0.129166666666659));
#10186=CARTESIAN_POINT('Ctrl Pts',(2.4634886704468,1.75731541145886,-0.133333333333326));
#10187=CARTESIAN_POINT('Ctrl Pts',(2.4634886704468,1.75731541145886,-0.141666666666659));
#10188=CARTESIAN_POINT('Ctrl Pts',(2.4634886704468,1.75731541145886,-0.145833333333326));
#10189=CARTESIAN_POINT('Ctrl Pts',(2.4634886704468,1.75731541145886,-0.149999999999993));
#10190=CARTESIAN_POINT('',(2.78901593404202,-0.927468196734667,-0.124999999999993));
#10191=CARTESIAN_POINT('Origin',(1.39326954052205,-0.0904861650842407,-0.124999999999993));
#10192=CARTESIAN_POINT('',(1.39326954052205,-0.0904861650842407,-0.124999999999993));
#10193=CARTESIAN_POINT('',(1.11626530158722,-1.75228331902008,-0.124999999999993));
#10194=CARTESIAN_POINT('',(1.39326954052205,-0.0904861650842407,-0.124999999999993));
#10195=CARTESIAN_POINT('Origin',(1.81802054629552,-0.0904861650842407,-0.124999999999993));
#10196=CARTESIAN_POINT('',(1.81802054629552,-0.0904861650842407,-0.124999999999993));
#10197=CARTESIAN_POINT('',(2.19973844418845,-0.0904861650842407,-0.124999999999993));
#10198=CARTESIAN_POINT('',(1.81802054629552,-0.0904861650842407,-0.124999999999993));
#10199=CARTESIAN_POINT('Origin',(1.96480543195732,0.788634661636951,-0.124999999999993));
#10200=CARTESIAN_POINT('',(1.96480543195732,0.788634661636951,-0.124999999999993));
#10201=CARTESIAN_POINT('',(1.60823818320896,-1.34691010571455,-0.124999999999993));
#10202=CARTESIAN_POINT('',(1.96480543195732,0.788634661636951,-0.124999999999993));
#10203=CARTESIAN_POINT('Ctrl Pts',(2.04986294963229,1.45896426619882,-0.124999999999993));
#10204=CARTESIAN_POINT('Ctrl Pts',(2.04986294963229,1.45896426619882,-0.149999999999993));
#10205=CARTESIAN_POINT('Ctrl Pts',(2.03741719792307,1.33818008364668,-0.124999999999993));
#10206=CARTESIAN_POINT('Ctrl Pts',(2.03741719792307,1.33818008364668,-0.149999999999993));
#10207=CARTESIAN_POINT('Ctrl Pts',(2.01432387998776,1.11406284312949,-0.124999999999993));
#10208=CARTESIAN_POINT('Ctrl Pts',(2.01432387998776,1.11406284312949,-0.149999999999993));
#10209=CARTESIAN_POINT('Ctrl Pts',(1.98043190316344,0.891329602815795,-0.124999999999993));
#10210=CARTESIAN_POINT('Ctrl Pts',(1.98043190316344,0.891329602815795,-0.149999999999993));
#10211=CARTESIAN_POINT('Ctrl Pts',(1.96480543195732,0.788634661636951,-0.124999999999993));
#10212=CARTESIAN_POINT('Ctrl Pts',(1.96480543195732,0.788634661636951,-0.149999999999993));
#10213=CARTESIAN_POINT('',(2.04986294963229,1.45896426619882,-0.124999999999993));
#10214=CARTESIAN_POINT('Ctrl Pts',(2.04986294963229,1.45896426619882,-0.124999999999993));
#10215=CARTESIAN_POINT('Ctrl Pts',(2.03741719792307,1.33818008364668,-0.124999999999993));
#10216=CARTESIAN_POINT('Ctrl Pts',(2.01432387998776,1.11406284312949,-0.124999999999993));
#10217=CARTESIAN_POINT('Ctrl Pts',(1.98043190316344,0.891329602815795,-0.124999999999993));
#10218=CARTESIAN_POINT('Ctrl Pts',(1.96480543195732,0.788634661636951,-0.124999999999993));
#10219=CARTESIAN_POINT('',(2.04986294963229,1.45896426619882,-0.124999999999993));
#10220=CARTESIAN_POINT('Ctrl Pts',(2.06080899064936,1.30786536530622,-0.124999999999993));
#10221=CARTESIAN_POINT('Ctrl Pts',(2.06080899064936,1.30786536530622,-0.149999999999993));
#10222=CARTESIAN_POINT('Ctrl Pts',(2.05916127019103,1.33672461147503,-0.124999999999993));
#10223=CARTESIAN_POINT('Ctrl Pts',(2.05916127019103,1.33672461147503,-0.149999999999993));
#10224=CARTESIAN_POINT('Ctrl Pts',(2.05628235086203,1.38714787422922,-0.124999999999993));
#10225=CARTESIAN_POINT('Ctrl Pts',(2.05628235086203,1.38714787422922,-0.149999999999993));
#10226=CARTESIAN_POINT('Ctrl Pts',(2.05178590151846,1.43745143946412,-0.124999999999993));
#10227=CARTESIAN_POINT('Ctrl Pts',(2.05178590151846,1.43745143946412,-0.149999999999993));
#10228=CARTESIAN_POINT('Ctrl Pts',(2.04986294963229,1.45896426619882,-0.124999999999993));
#10229=CARTESIAN_POINT('Ctrl Pts',(2.04986294963229,1.45896426619882,-0.149999999999993));
#10230=CARTESIAN_POINT('',(2.06080899064936,1.30786536530622,-0.124999999999993));
#10231=CARTESIAN_POINT('Ctrl Pts',(2.06080899064936,1.30786536530622,-0.124999999999993));
#10232=CARTESIAN_POINT('Ctrl Pts',(2.05916127019103,1.33672461147503,-0.124999999999993));
#10233=CARTESIAN_POINT('Ctrl Pts',(2.05628235086203,1.38714787422922,-0.124999999999993));
#10234=CARTESIAN_POINT('Ctrl Pts',(2.05178590151846,1.43745143946412,-0.124999999999993));
#10235=CARTESIAN_POINT('Ctrl Pts',(2.04986294963229,1.45896426619882,-0.124999999999993));
#10236=CARTESIAN_POINT('',(2.06080899064936,1.30786536530622,-0.124999999999993));
#10237=CARTESIAN_POINT('Ctrl Pts',(2.08546991963087,1.00017314165971,-0.124999999999993));
#10238=CARTESIAN_POINT('Ctrl Pts',(2.08546991963087,1.00017314165971,-0.149999999999993));
#10239=CARTESIAN_POINT('Ctrl Pts',(2.07996297827379,1.04981335258893,-0.124999999999993));
#10240=CARTESIAN_POINT('Ctrl Pts',(2.07996297827379,1.04981335258893,-0.149999999999993));
#10241=CARTESIAN_POINT('Ctrl Pts',(2.06861285360479,1.15212469859916,-0.124999999999993));
#10242=CARTESIAN_POINT('Ctrl Pts',(2.06861285360479,1.15212469859916,-0.149999999999993));
#10243=CARTESIAN_POINT('Ctrl Pts',(2.06346115053856,1.25493655918584,-0.124999999999993));
#10244=CARTESIAN_POINT('Ctrl Pts',(2.06346115053856,1.25493655918584,-0.149999999999993));
#10245=CARTESIAN_POINT('Ctrl Pts',(2.06080899064936,1.30786536530622,-0.124999999999993));
#10246=CARTESIAN_POINT('Ctrl Pts',(2.06080899064936,1.30786536530622,-0.149999999999993));
#10247=CARTESIAN_POINT('',(2.08546991963087,1.00017314165971,-0.124999999999993));
#10248=CARTESIAN_POINT('Ctrl Pts',(2.08546991963087,1.00017314165971,-0.124999999999993));
#10249=CARTESIAN_POINT('Ctrl Pts',(2.07996297827379,1.04981335258893,-0.124999999999993));
#10250=CARTESIAN_POINT('Ctrl Pts',(2.06861285360479,1.15212469859916,-0.124999999999993));
#10251=CARTESIAN_POINT('Ctrl Pts',(2.06346115053856,1.25493655918584,-0.124999999999993));
#10252=CARTESIAN_POINT('Ctrl Pts',(2.06080899064936,1.30786536530622,-0.124999999999993));
#10253=CARTESIAN_POINT('',(2.08546991963087,1.00017314165971,-0.124999999999993));
#10254=CARTESIAN_POINT('Origin',(2.21420450074467,-0.0904861650842407,-0.124999999999993));
#10255=CARTESIAN_POINT('',(2.42708388882113,-1.89403330689152,-0.124999999999993));
#10256=CARTESIAN_POINT('Origin',(3.03737167838052,1.00017314165971,-0.124999999999993));
#10257=CARTESIAN_POINT('',(3.03737167838052,1.00017314165971,-0.124999999999993));
#10258=CARTESIAN_POINT('',(2.12602071413464,-1.04808837523972,-0.124999999999993));
#10259=CARTESIAN_POINT('',(3.03737167838052,1.00017314165971,-0.124999999999993));
#10260=CARTESIAN_POINT('Ctrl Pts',(3.16108388764652,1.30786536530622,-0.124999999999993));
#10261=CARTESIAN_POINT('Ctrl Pts',(3.16108388764652,1.30786536530622,-0.149999999999993));
#10262=CARTESIAN_POINT('Ctrl Pts',(3.13996952482264,1.25206407071277,-0.124999999999993));
#10263=CARTESIAN_POINT('Ctrl Pts',(3.13996952482264,1.25206407071277,-0.149999999999993));
#10264=CARTESIAN_POINT('Ctrl Pts',(3.10083923688531,1.14865007035049,-0.124999999999993));
#10265=CARTESIAN_POINT('Ctrl Pts',(3.10083923688531,1.14865007035049,-0.149999999999993));
#10266=CARTESIAN_POINT('Ctrl Pts',(3.05738047196654,1.04698200414709,-0.124999999999993));
#10267=CARTESIAN_POINT('Ctrl Pts',(3.05738047196654,1.04698200414709,-0.149999999999993));
#10268=CARTESIAN_POINT('Ctrl Pts',(3.03737167838052,1.00017314165971,-0.124999999999993));
#10269=CARTESIAN_POINT('Ctrl Pts',(3.03737167838052,1.00017314165971,-0.149999999999993));
#10270=CARTESIAN_POINT('',(3.16108388764652,1.30786536530622,-0.124999999999993));
#10271=CARTESIAN_POINT('Ctrl Pts',(3.16108388764652,1.30786536530622,-0.124999999999993));
#10272=CARTESIAN_POINT('Ctrl Pts',(3.13996952482264,1.25206407071277,-0.124999999999993));
#10273=CARTESIAN_POINT('Ctrl Pts',(3.10083923688531,1.14865007035049,-0.124999999999993));
#10274=CARTESIAN_POINT('Ctrl Pts',(3.05738047196654,1.04698200414709,-0.124999999999993));
#10275=CARTESIAN_POINT('Ctrl Pts',(3.03737167838052,1.00017314165971,-0.124999999999993));
#10276=CARTESIAN_POINT('',(3.16108388764652,1.30786536530622,-0.124999999999993));
#10277=CARTESIAN_POINT('Ctrl Pts',(3.20920370296231,1.43698629715686,-0.124999999999993));
#10278=CARTESIAN_POINT('Ctrl Pts',(3.20920370296231,1.43698629715686,-0.149999999999993));
#10279=CARTESIAN_POINT('Ctrl Pts',(3.20240987711772,1.41914147110564,-0.124999999999993));
#10280=CARTESIAN_POINT('Ctrl Pts',(3.20240987711772,1.41914147110564,-0.149999999999993));
#10281=CARTESIAN_POINT('Ctrl Pts',(3.1860668127979,1.37621438604308,-0.124999999999993));
#10282=CARTESIAN_POINT('Ctrl Pts',(3.1860668127979,1.37621438604308,-0.149999999999993));
#10283=CARTESIAN_POINT('Ctrl Pts',(3.1702977421255,1.33307289913319,-0.124999999999993));
#10284=CARTESIAN_POINT('Ctrl Pts',(3.1702977421255,1.33307289913319,-0.149999999999993));
#10285=CARTESIAN_POINT('Ctrl Pts',(3.16108388764652,1.30786536530622,-0.124999999999993));
#10286=CARTESIAN_POINT('Ctrl Pts',(3.16108388764652,1.30786536530622,-0.149999999999993));
#10287=CARTESIAN_POINT('',(3.20920370296231,1.43698629715686,-0.124999999999993));
#10288=CARTESIAN_POINT('Ctrl Pts',(3.20920370296231,1.43698629715686,-0.124999999999993));
#10289=CARTESIAN_POINT('Ctrl Pts',(3.20240987711772,1.41914147110564,-0.124999999999993));
#10290=CARTESIAN_POINT('Ctrl Pts',(3.1860668127979,1.37621438604308,-0.124999999999993));
#10291=CARTESIAN_POINT('Ctrl Pts',(3.1702977421255,1.33307289913319,-0.124999999999993));
#10292=CARTESIAN_POINT('Ctrl Pts',(3.16108388764652,1.30786536530622,-0.124999999999993));
#10293=CARTESIAN_POINT('',(3.20920370296231,1.43698629715686,-0.124999999999993));
#10294=CARTESIAN_POINT('Ctrl Pts',(3.1638739482155,1.22956870392927,-0.124999999999993));
#10295=CARTESIAN_POINT('Ctrl Pts',(3.1638739482155,1.22956870392927,-0.149999999999993));
#10296=CARTESIAN_POINT('Ctrl Pts',(3.17350196709379,1.26944143176074,-0.124999999999993));
#10297=CARTESIAN_POINT('Ctrl Pts',(3.17350196709379,1.26944143176074,-0.149999999999993));
#10298=CARTESIAN_POINT('Ctrl Pts',(3.19011835392244,1.33825524257036,-0.124999999999993));
#10299=CARTESIAN_POINT('Ctrl Pts',(3.19011835392244,1.33825524257036,-0.149999999999993));
#10300=CARTESIAN_POINT('Ctrl Pts',(3.20355333960118,1.40775621431813,-0.124999999999993));
#10301=CARTESIAN_POINT('Ctrl Pts',(3.20355333960118,1.40775621431813,-0.149999999999993));
#10302=CARTESIAN_POINT('Ctrl Pts',(3.20920370296231,1.43698629715686,-0.124999999999993));
#10303=CARTESIAN_POINT('Ctrl Pts',(3.20920370296231,1.43698629715686,-0.149999999999993));
#10304=CARTESIAN_POINT('',(3.1638739482155,1.22956870392927,-0.124999999999993));
#10305=CARTESIAN_POINT('Ctrl Pts',(3.1638739482155,1.22956870392927,-0.124999999999993));
#10306=CARTESIAN_POINT('Ctrl Pts',(3.17350196709379,1.26944143176074,-0.124999999999993));
#10307=CARTESIAN_POINT('Ctrl Pts',(3.19011835392244,1.33825524257036,-0.124999999999993));
#10308=CARTESIAN_POINT('Ctrl Pts',(3.20355333960118,1.40775621431813,-0.124999999999993));
#10309=CARTESIAN_POINT('Ctrl Pts',(3.20920370296231,1.43698629715686,-0.124999999999993));
#10310=CARTESIAN_POINT('',(3.1638739482155,1.22956870392927,-0.124999999999993));
#10311=CARTESIAN_POINT('Ctrl Pts',(3.09656631829232,0.908140190965545,-0.124999999999993));
#10312=CARTESIAN_POINT('Ctrl Pts',(3.09656631829232,0.908140190965545,-0.149999999999993));
#10313=CARTESIAN_POINT('Ctrl Pts',(3.10606069806571,0.960663923287697,-0.124999999999993));
#10314=CARTESIAN_POINT('Ctrl Pts',(3.10606069806571,0.960663923287697,-0.149999999999993));
#10315=CARTESIAN_POINT('Ctrl Pts',(3.12553988573285,1.06842447882698,-0.124999999999993));
#10316=CARTESIAN_POINT('Ctrl Pts',(3.12553988573285,1.06842447882698,-0.149999999999993));
#10317=CARTESIAN_POINT('Ctrl Pts',(3.15088323726847,1.17495988050924,-0.124999999999993));
#10318=CARTESIAN_POINT('Ctrl Pts',(3.15088323726847,1.17495988050924,-0.149999999999993));
#10319=CARTESIAN_POINT('Ctrl Pts',(3.1638739482155,1.22956870392927,-0.124999999999993));
#10320=CARTESIAN_POINT('Ctrl Pts',(3.1638739482155,1.22956870392927,-0.149999999999993));
#10321=CARTESIAN_POINT('',(3.09656631829232,0.908140190965545,-0.124999999999993));
#10322=CARTESIAN_POINT('Ctrl Pts',(3.09656631829232,0.908140190965545,-0.124999999999993));
#10323=CARTESIAN_POINT('Ctrl Pts',(3.10606069806571,0.960663923287697,-0.124999999999993));
#10324=CARTESIAN_POINT('Ctrl Pts',(3.12553988573285,1.06842447882698,-0.124999999999993));
#10325=CARTESIAN_POINT('Ctrl Pts',(3.15088323726847,1.17495988050924,-0.124999999999993));
#10326=CARTESIAN_POINT('Ctrl Pts',(3.1638739482155,1.22956870392927,-0.124999999999993));
#10327=CARTESIAN_POINT('',(3.09656631829232,0.908140190965545,-0.124999999999993));
#10328=CARTESIAN_POINT('Origin',(2.92898377635348,-0.0904861650842407,-0.124999999999993));
#10329=CARTESIAN_POINT('',(2.92898377635348,-0.0904861650842407,-0.124999999999993));
#10330=CARTESIAN_POINT('',(2.62929186725419,-1.87635380773311,-0.124999999999993));
#10331=CARTESIAN_POINT('',(2.92898377635348,-0.0904861650842407,-0.124999999999993));
#10332=CARTESIAN_POINT('Origin',(3.45686428729944,-0.0904861650842407,-0.124999999999993));
#10333=CARTESIAN_POINT('',(3.45686428729944,-0.0904861650842407,-0.124999999999993));
#10334=CARTESIAN_POINT('',(3.01916031469041,-0.0904861650842407,-0.124999999999993));
#10335=CARTESIAN_POINT('',(3.45686428729944,-0.0904861650842407,-0.124999999999993));
#10336=CARTESIAN_POINT('Origin',(3.77005112053842,1.78451375982329,-0.124999999999993));
#10337=CARTESIAN_POINT('',(3.77005112053842,1.78451375982329,-0.124999999999993));
#10338=CARTESIAN_POINT('',(3.30794106580945,-0.982065885160296,-0.124999999999993));
#10339=CARTESIAN_POINT('',(3.77005112053842,1.78451375982329,-0.124999999999993));
#10340=CARTESIAN_POINT('Origin',(3.01080058479873,1.78451375982329,-0.124999999999993));
#10341=CARTESIAN_POINT('',(2.79612846344006,1.78451375982329,-0.124999999999993));
#10342=CARTESIAN_POINT('Ctrl Pts',(2.85961557983414,1.84289297064833,-0.124999999999993));
#10343=CARTESIAN_POINT('Ctrl Pts',(2.85961557983414,1.84289297064833,-0.149999999999993));
#10344=CARTESIAN_POINT('Ctrl Pts',(2.79258635212155,1.81747556357404,-0.124999999999993));
#10345=CARTESIAN_POINT('Ctrl Pts',(2.79258635212155,1.81747556357404,-0.149999999999993));
#10346=CARTESIAN_POINT('Ctrl Pts',(2.65022922943308,1.7634939042177,-0.124999999999993));
#10347=CARTESIAN_POINT('Ctrl Pts',(2.65022922943308,1.7634939042177,-0.149999999999993));
#10348=CARTESIAN_POINT('Ctrl Pts',(2.49790818593213,1.75837583836155,-0.124999999999993));
#10349=CARTESIAN_POINT('Ctrl Pts',(2.49790818593213,1.75837583836155,-0.149999999999993));
#10350=CARTESIAN_POINT('Ctrl Pts',(2.4173079086101,1.75566762734961,-0.124999999999993));
#10351=CARTESIAN_POINT('Ctrl Pts',(2.4173079086101,1.75566762734961,-0.149999999999993));
#10352=CARTESIAN_POINT('',(2.85961557983414,1.84289297064833,-0.124999999999993));
#10353=CARTESIAN_POINT('Ctrl Pts',(2.85961557983414,1.84289297064833,-0.124999999999993));
#10354=CARTESIAN_POINT('Ctrl Pts',(2.79258635212155,1.81747556357404,-0.124999999999993));
#10355=CARTESIAN_POINT('Ctrl Pts',(2.66462192373605,1.76895159756251,-0.124999999999993));
#10356=CARTESIAN_POINT('Ctrl Pts',(2.5286064849731,1.75991021132591,-0.124999999999993));
#10357=CARTESIAN_POINT('Ctrl Pts',(2.4634886704468,1.75731541145886,-0.124999999999993));
#10358=CARTESIAN_POINT('',(2.85961557983414,1.84289297064833,-0.124999999999993));
#10359=CARTESIAN_POINT('Origin',(2.80409108419118,2.48652269804947,-0.124999999999993));
#10360=CARTESIAN_POINT('',(2.80409108419118,2.48652269804947,-0.124999999999993));
#10361=CARTESIAN_POINT('',(3.00047665552831,3.65951375982329,-0.124999999999993));
#10362=CARTESIAN_POINT('',(2.29692844564815,-0.542708206370641,-0.124999999999993));
#10363=CARTESIAN_POINT('',(2.80409108419118,2.48652269804947,-0.124999999999993));
#10364=CARTESIAN_POINT('',(3.00047665552831,3.65951375982329,-0.124999999999993));
#10365=CARTESIAN_POINT('Ctrl Pts',(2.71078099838392,2.24129830103596,-0.124999999999993));
#10366=CARTESIAN_POINT('Ctrl Pts',(2.71078099838392,2.24129830103596,-0.149999999999993));
#10367=CARTESIAN_POINT('Ctrl Pts',(2.73101295082761,2.27112799960839,-0.124999999999993));
#10368=CARTESIAN_POINT('Ctrl Pts',(2.73101295082761,2.27112799960839,-0.149999999999993));
#10369=CARTESIAN_POINT('Ctrl Pts',(2.78112487424975,2.34501229598204,-0.124999999999993));
#10370=CARTESIAN_POINT('Ctrl Pts',(2.78112487424975,2.34501229598204,-0.149999999999993));
#10371=CARTESIAN_POINT('Ctrl Pts',(2.79551234391159,2.4336632584949,-0.124999999999993));
#10372=CARTESIAN_POINT('Ctrl Pts',(2.79551234391159,2.4336632584949,-0.149999999999993));
#10373=CARTESIAN_POINT('Ctrl Pts',(2.80409108419118,2.48652269804947,-0.124999999999993));
#10374=CARTESIAN_POINT('Ctrl Pts',(2.80409108419118,2.48652269804947,-0.149999999999993));
#10375=CARTESIAN_POINT('',(2.71078099838392,2.24129830103596,-0.124999999999993));
#10376=CARTESIAN_POINT('Ctrl Pts',(2.71078099838392,2.24129830103596,-0.124999999999993));
#10377=CARTESIAN_POINT('Ctrl Pts',(2.73101295082761,2.27112799960839,-0.124999999999993));
#10378=CARTESIAN_POINT('Ctrl Pts',(2.78112487424975,2.34501229598204,-0.124999999999993));
#10379=CARTESIAN_POINT('Ctrl Pts',(2.79551234391159,2.4336632584949,-0.124999999999993));
#10380=CARTESIAN_POINT('Ctrl Pts',(2.80409108419118,2.48652269804947,-0.124999999999993));
#10381=CARTESIAN_POINT('',(2.71078099838392,2.24129830103596,-0.124999999999993));
#10382=CARTESIAN_POINT('Ctrl Pts',(2.52560973589815,2.18011821632685,-0.124999999999993));
#10383=CARTESIAN_POINT('Ctrl Pts',(2.52560973589815,2.18011821632685,-0.149999999999993));
#10384=CARTESIAN_POINT('Ctrl Pts',(2.56265439779206,2.1816019366089,-0.124999999999993));
#10385=CARTESIAN_POINT('Ctrl Pts',(2.56265439779206,2.1816019366089,-0.149999999999993));
#10386=CARTESIAN_POINT('Ctrl Pts',(2.63057224275631,2.18432219585637,-0.124999999999993));
#10387=CARTESIAN_POINT('Ctrl Pts',(2.63057224275631,2.18432219585637,-0.149999999999993));
#10388=CARTESIAN_POINT('Ctrl Pts',(2.68571496105644,2.22349269904113,-0.124999999999993));
#10389=CARTESIAN_POINT('Ctrl Pts',(2.68571496105644,2.22349269904113,-0.149999999999993));
#10390=CARTESIAN_POINT('Ctrl Pts',(2.71078099838392,2.24129830103596,-0.124999999999993));
#10391=CARTESIAN_POINT('Ctrl Pts',(2.71078099838392,2.24129830103596,-0.149999999999993));
#10392=CARTESIAN_POINT('',(2.52560973589815,2.18011821632685,-0.124999999999993));
#10393=CARTESIAN_POINT('Ctrl Pts',(2.52560973589815,2.18011821632685,-0.124999999999993));
#10394=CARTESIAN_POINT('Ctrl Pts',(2.56265439779206,2.1816019366089,-0.124999999999993));
#10395=CARTESIAN_POINT('Ctrl Pts',(2.63057224275631,2.18432219585637,-0.124999999999993));
#10396=CARTESIAN_POINT('Ctrl Pts',(2.68571496105644,2.22349269904113,-0.124999999999993));
#10397=CARTESIAN_POINT('Ctrl Pts',(2.71078099838392,2.24129830103596,-0.124999999999993));
#10398=CARTESIAN_POINT('',(2.52560973589815,2.18011821632685,-0.124999999999993));
#10399=CARTESIAN_POINT('Ctrl Pts',(2.35896096877226,2.22956867013766,-0.124999999999993));
#10400=CARTESIAN_POINT('Ctrl Pts',(2.35896096877226,2.22956867013766,-0.149999999999993));
#10401=CARTESIAN_POINT('Ctrl Pts',(2.38377084879242,2.21515074120193,-0.124999999999993));
#10402=CARTESIAN_POINT('Ctrl Pts',(2.38377084879242,2.21515074120193,-0.149999999999993));
#10403=CARTESIAN_POINT('Ctrl Pts',(2.43525003059348,2.18523430531938,-0.124999999999993));
#10404=CARTESIAN_POINT('Ctrl Pts',(2.43525003059348,2.18523430531938,-0.149999999999993));
#10405=CARTESIAN_POINT('Ctrl Pts',(2.49477317785955,2.18186415578755,-0.124999999999993));
#10406=CARTESIAN_POINT('Ctrl Pts',(2.49477317785955,2.18186415578755,-0.149999999999993));
#10407=CARTESIAN_POINT('Ctrl Pts',(2.52560973589815,2.18011821632685,-0.124999999999993));
#10408=CARTESIAN_POINT('Ctrl Pts',(2.52560973589815,2.18011821632685,-0.149999999999993));
#10409=CARTESIAN_POINT('',(2.35896096877226,2.22956867013766,-0.124999999999993));
#10410=CARTESIAN_POINT('Ctrl Pts',(2.35896096877226,2.22956867013766,-0.124999999999993));
#10411=CARTESIAN_POINT('Ctrl Pts',(2.38377084879242,2.21515074120193,-0.124999999999993));
#10412=CARTESIAN_POINT('Ctrl Pts',(2.43525003059348,2.18523430531938,-0.124999999999993));
#10413=CARTESIAN_POINT('Ctrl Pts',(2.49477317785955,2.18186415578755,-0.124999999999993));
#10414=CARTESIAN_POINT('Ctrl Pts',(2.52560973589815,2.18011821632685,-0.124999999999993));
#10415=CARTESIAN_POINT('',(2.35896096877226,2.22956867013766,-0.124999999999993));
#10416=CARTESIAN_POINT('Ctrl Pts',(2.28968948313571,2.36553634529414,-0.124999999999993));
#10417=CARTESIAN_POINT('Ctrl Pts',(2.28968948313571,2.36553634529414,-0.149999999999993));
#10418=CARTESIAN_POINT('Ctrl Pts',(2.2925192626946,2.33828227792107,-0.124999999999993));
#10419=CARTESIAN_POINT('Ctrl Pts',(2.2925192626946,2.33828227792107,-0.149999999999993));
#10420=CARTESIAN_POINT('Ctrl Pts',(2.29815145519458,2.2840377155238,-0.124999999999993));
#10421=CARTESIAN_POINT('Ctrl Pts',(2.29815145519458,2.2840377155238,-0.149999999999993));
#10422=CARTESIAN_POINT('Ctrl Pts',(2.33875689770074,2.24766610916377,-0.124999999999993));
#10423=CARTESIAN_POINT('Ctrl Pts',(2.33875689770074,2.24766610916377,-0.149999999999993));
#10424=CARTESIAN_POINT('Ctrl Pts',(2.35896096877226,2.22956867013766,-0.124999999999993));
#10425=CARTESIAN_POINT('Ctrl Pts',(2.35896096877226,2.22956867013766,-0.149999999999993));
#10426=CARTESIAN_POINT('',(2.28968948313571,2.36553634529414,-0.124999999999993));
#10427=CARTESIAN_POINT('Ctrl Pts',(2.28968948313571,2.36553634529414,-0.124999999999993));
#10428=CARTESIAN_POINT('Ctrl Pts',(2.2925192626946,2.33828227792107,-0.124999999999993));
#10429=CARTESIAN_POINT('Ctrl Pts',(2.29815145519458,2.2840377155238,-0.124999999999993));
#10430=CARTESIAN_POINT('Ctrl Pts',(2.33875689770074,2.24766610916377,-0.124999999999993));
#10431=CARTESIAN_POINT('Ctrl Pts',(2.35896096877226,2.22956867013766,-0.124999999999993));
#10432=CARTESIAN_POINT('',(2.28968948313571,2.36553634529414,-0.124999999999993));
#10433=CARTESIAN_POINT('Ctrl Pts',(2.30613003987966,2.50564612086739,-0.124999999999993));
#10434=CARTESIAN_POINT('Ctrl Pts',(2.30613003987966,2.50564612086739,-0.149999999999993));
#10435=CARTESIAN_POINT('Ctrl Pts',(2.30138944154769,2.4782431201412,-0.124999999999993));
#10436=CARTESIAN_POINT('Ctrl Pts',(2.30138944154769,2.4782431201412,-0.149999999999993));
#10437=CARTESIAN_POINT('Ctrl Pts',(2.29335863492538,2.4318210897787,-0.124999999999993));
#10438=CARTESIAN_POINT('Ctrl Pts',(2.29335863492538,2.4318210897787,-0.149999999999993));
#10439=CARTESIAN_POINT('Ctrl Pts',(2.29075584279781,2.38480057359072,-0.124999999999993));
#10440=CARTESIAN_POINT('Ctrl Pts',(2.29075584279781,2.38480057359072,-0.149999999999993));
#10441=CARTESIAN_POINT('Ctrl Pts',(2.28968948313571,2.36553634529414,-0.124999999999993));
#10442=CARTESIAN_POINT('Ctrl Pts',(2.28968948313571,2.36553634529414,-0.149999999999993));
#10443=CARTESIAN_POINT('',(2.30613003987966,2.50564612086739,-0.124999999999993));
#10444=CARTESIAN_POINT('Ctrl Pts',(2.30613003987966,2.50564612086739,-0.124999999999993));
#10445=CARTESIAN_POINT('Ctrl Pts',(2.30138944154769,2.4782431201412,-0.124999999999993));
#10446=CARTESIAN_POINT('Ctrl Pts',(2.29335863492538,2.4318210897787,-0.124999999999993));
#10447=CARTESIAN_POINT('Ctrl Pts',(2.29075584279781,2.38480057359072,-0.124999999999993));
#10448=CARTESIAN_POINT('Ctrl Pts',(2.28968948313571,2.36553634529414,-0.124999999999993));
#10449=CARTESIAN_POINT('',(2.30613003987966,2.50564612086739,-0.124999999999993));
#10450=CARTESIAN_POINT('Origin',(2.49796557097924,3.65951375982329,-0.124999999999993));
#10451=CARTESIAN_POINT('',(2.49796557097924,3.65951375982329,-0.124999999999993));
#10452=CARTESIAN_POINT('',(1.90340482893316,0.0833024307318278,-0.124999999999993));
#10453=CARTESIAN_POINT('',(2.49796557097924,3.65951375982329,-0.124999999999993));
#10454=CARTESIAN_POINT('Origin',(1.9269233186414,3.65951375982329,-0.124999999999993));
#10455=CARTESIAN_POINT('',(1.9269233186414,3.65951375982329,-0.124999999999993));
#10456=CARTESIAN_POINT('',(2.25418983036139,3.65951375982329,-0.124999999999993));
#10457=CARTESIAN_POINT('',(1.9269233186414,3.65951375982329,-0.124999999999993));
#10458=CARTESIAN_POINT('Origin',(1.73324201473101,2.50566770995132,-0.124999999999993));
#10459=CARTESIAN_POINT('',(1.73324201473101,2.50566770995132,-0.124999999999993));
#10460=CARTESIAN_POINT('',(1.23793800678079,-0.445079530595733,-0.124999999999993));
#10461=CARTESIAN_POINT('',(1.73324201473101,2.50566770995132,-0.124999999999993));
#10462=CARTESIAN_POINT('Ctrl Pts',(1.71401125661971,2.30237100351889,-0.124999999999993));
#10463=CARTESIAN_POINT('Ctrl Pts',(1.71401125661971,2.30237100351889,-0.149999999999993));
#10464=CARTESIAN_POINT('Ctrl Pts',(1.71500071379302,2.33424971938113,-0.124999999999993));
#10465=CARTESIAN_POINT('Ctrl Pts',(1.71500071379302,2.33424971938113,-0.149999999999993));
#10466=CARTESIAN_POINT('Ctrl Pts',(1.71711628363457,2.40240997096565,-0.124999999999993));
#10467=CARTESIAN_POINT('Ctrl Pts',(1.71711628363457,2.40240997096565,-0.149999999999993));
#10468=CARTESIAN_POINT('Ctrl Pts',(1.72764017370636,2.46979749514347,-0.124999999999993));
#10469=CARTESIAN_POINT('Ctrl Pts',(1.72764017370636,2.46979749514347,-0.149999999999993));
#10470=CARTESIAN_POINT('Ctrl Pts',(1.73324201473101,2.50566770995132,-0.124999999999993));
#10471=CARTESIAN_POINT('Ctrl Pts',(1.73324201473101,2.50566770995132,-0.149999999999993));
#10472=CARTESIAN_POINT('',(1.71401125661971,2.30237100351889,-0.124999999999993));
#10473=CARTESIAN_POINT('Ctrl Pts',(1.71401125661971,2.30237100351889,-0.124999999999993));
#10474=CARTESIAN_POINT('Ctrl Pts',(1.71500071379302,2.33424971938113,-0.124999999999993));
#10475=CARTESIAN_POINT('Ctrl Pts',(1.71711628363457,2.40240997096565,-0.124999999999993));
#10476=CARTESIAN_POINT('Ctrl Pts',(1.72764017370636,2.46979749514347,-0.124999999999993));
#10477=CARTESIAN_POINT('Ctrl Pts',(1.73324201473101,2.50566770995132,-0.124999999999993));
#10478=CARTESIAN_POINT('',(1.71401125661971,2.30237100351889,-0.124999999999993));
#10479=CARTESIAN_POINT('Ctrl Pts',(1.89945083387255,1.89783794018602,-0.124999999999993));
#10480=CARTESIAN_POINT('Ctrl Pts',(1.89945083387255,1.89783794018602,-0.149999999999993));
#10481=CARTESIAN_POINT('Ctrl Pts',(1.84538145182745,1.95163193620147,-0.124999999999993));
#10482=CARTESIAN_POINT('Ctrl Pts',(1.84538145182745,1.95163193620147,-0.149999999999993));
#10483=CARTESIAN_POINT('Ctrl Pts',(1.73344928021351,2.06299401518322,-0.124999999999993));
#10484=CARTESIAN_POINT('Ctrl Pts',(1.73344928021351,2.06299401518322,-0.149999999999993));
#10485=CARTESIAN_POINT('Ctrl Pts',(1.72063535347752,2.22079602504365,-0.124999999999993));
#10486=CARTESIAN_POINT('Ctrl Pts',(1.72063535347752,2.22079602504365,-0.149999999999993));
#10487=CARTESIAN_POINT('Ctrl Pts',(1.71401125661971,2.30237100351889,-0.124999999999993));
#10488=CARTESIAN_POINT('Ctrl Pts',(1.71401125661971,2.30237100351889,-0.149999999999993));
#10489=CARTESIAN_POINT('',(1.89945083387255,1.89783794018602,-0.124999999999993));
#10490=CARTESIAN_POINT('Ctrl Pts',(1.89945083387255,1.89783794018602,-0.124999999999993));
#10491=CARTESIAN_POINT('Ctrl Pts',(1.84538145182745,1.95163193620147,-0.124999999999993));
#10492=CARTESIAN_POINT('Ctrl Pts',(1.73344928021351,2.06299401518322,-0.124999999999993));
#10493=CARTESIAN_POINT('Ctrl Pts',(1.72063535347752,2.22079602504365,-0.124999999999993));
#10494=CARTESIAN_POINT('Ctrl Pts',(1.71401125661971,2.30237100351889,-0.124999999999993));
#10495=CARTESIAN_POINT('',(1.89945083387255,1.89783794018602,-0.124999999999993));
#10496=CARTESIAN_POINT('Ctrl Pts',(2.4173079086101,1.75566762734961,-0.124999999999993));
#10497=CARTESIAN_POINT('Ctrl Pts',(2.4173079086101,1.75566762734961,-0.149999999999993));
#10498=CARTESIAN_POINT('Ctrl Pts',(2.31627075115599,1.75900601213429,-0.124999999999993));
#10499=CARTESIAN_POINT('Ctrl Pts',(2.31627075115599,1.75900601213429,-0.149999999999993));
#10500=CARTESIAN_POINT('Ctrl Pts',(2.13162048075635,1.76510707107855,-0.124999999999993));
#10501=CARTESIAN_POINT('Ctrl Pts',(2.13162048075635,1.76510707107855,-0.149999999999993));
#10502=CARTESIAN_POINT('Ctrl Pts',(1.97181414587344,1.85646799617185,-0.124999999999993));
#10503=CARTESIAN_POINT('Ctrl Pts',(1.97181414587344,1.85646799617185,-0.149999999999993));
#10504=CARTESIAN_POINT('Ctrl Pts',(1.89945083387255,1.89783794018602,-0.124999999999993));
#10505=CARTESIAN_POINT('Ctrl Pts',(1.89945083387255,1.89783794018602,-0.149999999999993));
#10506=CARTESIAN_POINT('Ctrl Pts',(2.14517391991056,1.78451375982329,-0.124999999999993));
#10507=CARTESIAN_POINT('Ctrl Pts',(2.13727883602905,1.78657863825313,-0.124999999999993));
#10508=CARTESIAN_POINT('Ctrl Pts',(2.05146089850893,1.81093412539766,-0.124999999999993));
#10509=CARTESIAN_POINT('Ctrl Pts',(1.97181414587344,1.85646799617185,-0.124999999999993));
#10510=CARTESIAN_POINT('Ctrl Pts',(1.89945083387255,1.89783794018602,-0.124999999999993));
#10511=CARTESIAN_POINT('Ctrl Pts',(3.12609902939459,2.07091499785175,-0.124999999999993));
#10512=CARTESIAN_POINT('Ctrl Pts',(3.12609902939459,2.07091499785175,-0.149999999999993));
#10513=CARTESIAN_POINT('Ctrl Pts',(3.09301221249145,2.02543559496307,-0.124999999999993));
#10514=CARTESIAN_POINT('Ctrl Pts',(3.09301221249145,2.02543559496307,-0.149999999999993));
#10515=CARTESIAN_POINT('Ctrl Pts',(3.02246925699049,1.92847094878456,-0.124999999999993));
#10516=CARTESIAN_POINT('Ctrl Pts',(3.02246925699049,1.92847094878456,-0.149999999999993));
#10517=CARTESIAN_POINT('Ctrl Pts',(2.91609633047038,1.87257304006688,-0.124999999999993));
#10518=CARTESIAN_POINT('Ctrl Pts',(2.91609633047038,1.87257304006688,-0.149999999999993));
#10519=CARTESIAN_POINT('Ctrl Pts',(2.85961557983414,1.84289297064833,-0.124999999999993));
#10520=CARTESIAN_POINT('Ctrl Pts',(2.85961557983414,1.84289297064833,-0.149999999999993));
#10521=CARTESIAN_POINT('',(3.12609902939459,2.07091499785175,-0.124999999999993));
#10522=CARTESIAN_POINT('Ctrl Pts',(3.12609902939459,2.07091499785175,-0.124999999999993));
#10523=CARTESIAN_POINT('Ctrl Pts',(3.09301221249145,2.02543559496307,-0.124999999999993));
#10524=CARTESIAN_POINT('Ctrl Pts',(3.02246925699049,1.92847094878456,-0.124999999999993));
#10525=CARTESIAN_POINT('Ctrl Pts',(2.91609633047038,1.87257304006688,-0.124999999999993));
#10526=CARTESIAN_POINT('Ctrl Pts',(2.85961557983414,1.84289297064833,-0.124999999999993));
#10527=CARTESIAN_POINT('',(3.12609902939459,2.07091499785175,-0.124999999999993));
#10528=CARTESIAN_POINT('Ctrl Pts',(3.25659359017695,2.50566770995132,-0.124999999999993));
#10529=CARTESIAN_POINT('Ctrl Pts',(3.25659359017695,2.50566770995132,-0.149999999999993));
#10530=CARTESIAN_POINT('Ctrl Pts',(3.24147781263298,2.4191896689664,-0.124999999999993));
#10531=CARTESIAN_POINT('Ctrl Pts',(3.24147781263298,2.4191896689664,-0.149999999999993));
#10532=CARTESIAN_POINT('Ctrl Pts',(3.21520208226952,2.26886503758899,-0.124999999999993));
#10533=CARTESIAN_POINT('Ctrl Pts',(3.21520208226952,2.26886503758899,-0.149999999999993));
#10534=CARTESIAN_POINT('Ctrl Pts',(3.1526615435952,2.12992589110266,-0.124999999999993));
#10535=CARTESIAN_POINT('Ctrl Pts',(3.1526615435952,2.12992589110266,-0.149999999999993));
#10536=CARTESIAN_POINT('Ctrl Pts',(3.12609902939459,2.07091499785175,-0.124999999999993));
#10537=CARTESIAN_POINT('Ctrl Pts',(3.12609902939459,2.07091499785175,-0.149999999999993));
#10538=CARTESIAN_POINT('',(3.25659359017695,2.50566770995132,-0.124999999999993));
#10539=CARTESIAN_POINT('Ctrl Pts',(3.25659359017695,2.50566770995132,-0.124999999999993));
#10540=CARTESIAN_POINT('Ctrl Pts',(3.24147781263298,2.4191896689664,-0.124999999999993));
#10541=CARTESIAN_POINT('Ctrl Pts',(3.21520208226952,2.26886503758899,-0.124999999999993));
#10542=CARTESIAN_POINT('Ctrl Pts',(3.1526615435952,2.12992589110266,-0.124999999999993));
#10543=CARTESIAN_POINT('Ctrl Pts',(3.12609902939459,2.07091499785175,-0.124999999999993));
#10544=CARTESIAN_POINT('',(3.25659359017695,2.50566770995132,-0.124999999999993));
#10545=CARTESIAN_POINT('Origin',(3.44890145288678,3.65951375982329,-0.124999999999993));
#10546=CARTESIAN_POINT('',(3.44890145288678,3.65951375982329,-0.124999999999993));
#10547=CARTESIAN_POINT('',(2.84009756694541,0.0066940100655345,-0.124999999999993));
#10548=CARTESIAN_POINT('',(3.44890145288678,3.65951375982329,-0.124999999999993));
#10549=CARTESIAN_POINT('Origin',(3.00047665552831,3.65951375982329,-0.124999999999993));
#10550=CARTESIAN_POINT('',(2.79096649880485,3.65951375982329,-0.124999999999993));
#10551=CARTESIAN_POINT('Origin',(2.58145634208139,-3.70448624017671,-0.124999999999993));
#10552=CARTESIAN_POINT('',(1.08145634208138,-4.67080485494736,-0.124999999999993));
#10553=CARTESIAN_POINT('',(1.08145634208138,-11.213712656798,-0.124999999999993));
#10554=CARTESIAN_POINT('',(1.08145634208139,-4.18764554756203,-0.124999999999993));
#10555=CARTESIAN_POINT('',(4.08145634208139,-4.67080485494736,-0.124999999999993));
#10556=CARTESIAN_POINT('Origin',(2.58145634208138,-6.67080485494736,-0.124999999999993));
#10557=CARTESIAN_POINT('',(4.08145634208138,-13.6952598235554,-0.124999999999993));
#10558=CARTESIAN_POINT('',(4.08145634208138,-8.69987303186605,-0.124999999999993));
#10559=CARTESIAN_POINT('',(4.13069513326604,-13.7044862401767,-0.124999999999993));
#10560=CARTESIAN_POINT('Origin',(4.13069513326604,-13.5684862401767,-0.124999999999993));
#10561=CARTESIAN_POINT('',(4.94545634208138,-13.7044862401767,-0.124999999999993));
#10562=CARTESIAN_POINT('',(5.08145634208138,-13.7044862401767,-0.124999999999993));
#10563=CARTESIAN_POINT('',(5.08145634208138,-13.5684862401767,-0.124999999999993));
#10564=CARTESIAN_POINT('Origin',(4.94545634208138,-13.5684862401767,-0.124999999999993));
#10565=CARTESIAN_POINT('',(5.08145634208139,3.6595137598233,-0.124999999999993));
#10566=CARTESIAN_POINT('',(5.08145634208139,3.7955137598233,-0.124999999999993));
#10567=CARTESIAN_POINT('',(4.94545634208139,3.7955137598233,-0.124999999999993));
#10568=CARTESIAN_POINT('Origin',(4.94545634208139,3.6595137598233,-0.124999999999993));
#10569=CARTESIAN_POINT('',(4.13069513326605,3.7955137598233,-0.124999999999993));
#10570=CARTESIAN_POINT('',(4.08145634208139,3.7955137598233,-0.124999999999993));
#10571=CARTESIAN_POINT('',(4.04363005491168,3.82703566579805,-0.124999999999993));
#10572=CARTESIAN_POINT('Origin',(4.13069513326605,3.9315137598233,-0.124999999999993));
#10573=CARTESIAN_POINT('',(1.1192826292511,6.26399185384854,-0.124999999999993));
#10574=CARTESIAN_POINT('',(4.08145634208139,3.7955137598233,-0.124999999999993));
#10575=CARTESIAN_POINT('',(1.03221755089673,6.2955137598233,-0.124999999999993));
#10576=CARTESIAN_POINT('Origin',(1.03221755089673,6.1595137598233,-0.124999999999993));
#10577=CARTESIAN_POINT('',(0.217456342081389,6.2955137598233,-0.124999999999993));
#10578=CARTESIAN_POINT('',(0.08145634208139,6.2955137598233,-0.124999999999993));
#10579=CARTESIAN_POINT('',(0.08145634208139,6.1595137598233,-0.124999999999993));
#10580=CARTESIAN_POINT('Origin',(0.217456342081389,6.1595137598233,-0.124999999999993));
#10581=CARTESIAN_POINT('',(0.0814563420813816,-11.0684862401767,-0.124999999999993));
#10582=CARTESIAN_POINT('',(0.0814563420813816,-11.2044862401767,-0.124999999999993));
#10583=CARTESIAN_POINT('',(0.217456342081383,-11.2044862401767,-0.124999999999993));
#10584=CARTESIAN_POINT('Origin',(0.217456342081383,-11.0684862401767,-0.124999999999993));
#10585=CARTESIAN_POINT('',(1.03221755089672,-11.2044862401767,-0.124999999999993));
#10586=CARTESIAN_POINT('',(1.08145634208138,-11.2044862401767,-0.124999999999993));
#10587=CARTESIAN_POINT('Origin',(1.03221755089672,-11.3404862401767,-0.124999999999993));
#10588=CARTESIAN_POINT('',(0.263456342081387,6.0455137598233,-0.124999999999993));
#10589=CARTESIAN_POINT('Origin',(0.331456342081389,6.0455137598233,-0.124999999999993));
#10590=CARTESIAN_POINT('',(0.763456342081388,6.0455137598233,-0.124999999999993));
#10591=CARTESIAN_POINT('Origin',(0.831456342081388,6.0455137598233,-0.124999999999993));
#10592=CARTESIAN_POINT('',(0.763456342081388,5.5455137598233,-0.124999999999993));
#10593=CARTESIAN_POINT('Origin',(0.831456342081388,5.5455137598233,-0.124999999999993));
#10594=CARTESIAN_POINT('',(0.513456342081389,5.7955137598233,-0.124999999999993));
#10595=CARTESIAN_POINT('Origin',(0.581456342081388,5.7955137598233,-0.124999999999993));
#10596=CARTESIAN_POINT('',(0.26345634208139,5.5455137598233,-0.124999999999993));
#10597=CARTESIAN_POINT('Origin',(0.331456342081389,5.5455137598233,-0.124999999999993));
#10598=CARTESIAN_POINT('',(0.763456342081388,5.0455137598233,-0.124999999999993));
#10599=CARTESIAN_POINT('Origin',(0.831456342081388,5.0455137598233,-0.124999999999993));
#10600=CARTESIAN_POINT('',(0.513456342081389,5.2955137598233,-0.124999999999993));
#10601=CARTESIAN_POINT('Origin',(0.581456342081388,5.2955137598233,-0.124999999999993));
#10602=CARTESIAN_POINT('',(0.263456342081387,5.0455137598233,-0.124999999999993));
#10603=CARTESIAN_POINT('Origin',(0.331456342081389,5.0455137598233,-0.124999999999993));
#10604=CARTESIAN_POINT('',(0.763456342081388,4.54551375982329,-0.124999999999993));
#10605=CARTESIAN_POINT('Origin',(0.831456342081388,4.54551375982329,-0.124999999999993));
#10606=CARTESIAN_POINT('',(0.513456342081389,4.7955137598233,-0.124999999999993));
#10607=CARTESIAN_POINT('Origin',(0.581456342081388,4.7955137598233,-0.124999999999993));
#10608=CARTESIAN_POINT('',(0.263456342081387,4.54551375982329,-0.124999999999993));
#10609=CARTESIAN_POINT('Origin',(0.331456342081389,4.54551375982329,-0.124999999999993));
#10610=CARTESIAN_POINT('',(0.763456342081388,4.0455137598233,-0.124999999999993));
#10611=CARTESIAN_POINT('Origin',(0.831456342081388,4.0455137598233,-0.124999999999993));
#10612=CARTESIAN_POINT('',(0.513456342081389,4.2955137598233,-0.124999999999993));
#10613=CARTESIAN_POINT('Origin',(0.581456342081388,4.2955137598233,-0.124999999999993));
#10614=CARTESIAN_POINT('',(0.263456342081387,4.0455137598233,-0.124999999999993));
#10615=CARTESIAN_POINT('Origin',(0.331456342081389,4.0455137598233,-0.124999999999993));
#10616=CARTESIAN_POINT('',(0.763456342081388,3.5455137598233,-0.124999999999993));
#10617=CARTESIAN_POINT('Origin',(0.831456342081388,3.5455137598233,-0.124999999999993));
#10618=CARTESIAN_POINT('',(0.513456342081389,3.7955137598233,-0.124999999999993));
#10619=CARTESIAN_POINT('Origin',(0.581456342081388,3.7955137598233,-0.124999999999993));
#10620=CARTESIAN_POINT('',(0.263456342081387,3.5455137598233,-0.124999999999993));
#10621=CARTESIAN_POINT('Origin',(0.331456342081389,3.5455137598233,-0.124999999999993));
#10622=CARTESIAN_POINT('',(0.763456342081388,3.0455137598233,-0.124999999999993));
#10623=CARTESIAN_POINT('Origin',(0.831456342081388,3.0455137598233,-0.124999999999993));
#10624=CARTESIAN_POINT('',(0.513456342081389,3.2955137598233,-0.124999999999993));
#10625=CARTESIAN_POINT('Origin',(0.581456342081388,3.2955137598233,-0.124999999999993));
#10626=CARTESIAN_POINT('',(0.263456342081387,3.0455137598233,-0.124999999999993));
#10627=CARTESIAN_POINT('Origin',(0.331456342081386,3.0455137598233,-0.124999999999993));
#10628=CARTESIAN_POINT('',(0.763456342081388,2.5455137598233,-0.124999999999993));
#10629=CARTESIAN_POINT('Origin',(0.831456342081388,2.5455137598233,-0.124999999999993));
#10630=CARTESIAN_POINT('',(0.513456342081389,2.7955137598233,-0.124999999999993));
#10631=CARTESIAN_POINT('Origin',(0.581456342081388,2.7955137598233,-0.124999999999993));
#10632=CARTESIAN_POINT('',(0.263456342081387,2.5455137598233,-0.124999999999993));
#10633=CARTESIAN_POINT('Origin',(0.331456342081386,2.5455137598233,-0.124999999999993));
#10634=CARTESIAN_POINT('',(0.763456342081388,2.0455137598233,-0.124999999999993));
#10635=CARTESIAN_POINT('Origin',(0.831456342081388,2.0455137598233,-0.124999999999993));
#10636=CARTESIAN_POINT('',(0.513456342081386,2.2955137598233,-0.124999999999993));
#10637=CARTESIAN_POINT('Origin',(0.581456342081388,2.2955137598233,-0.124999999999993));
#10638=CARTESIAN_POINT('',(0.263456342081387,2.0455137598233,-0.124999999999993));
#10639=CARTESIAN_POINT('Origin',(0.331456342081386,2.0455137598233,-0.124999999999993));
#10640=CARTESIAN_POINT('',(0.763456342081388,1.5455137598233,-0.124999999999993));
#10641=CARTESIAN_POINT('Origin',(0.831456342081388,1.5455137598233,-0.124999999999993));
#10642=CARTESIAN_POINT('',(0.513456342081386,1.7955137598233,-0.124999999999993));
#10643=CARTESIAN_POINT('Origin',(0.581456342081388,1.7955137598233,-0.124999999999993));
#10644=CARTESIAN_POINT('',(0.263456342081387,1.5455137598233,-0.124999999999993));
#10645=CARTESIAN_POINT('Origin',(0.331456342081386,1.5455137598233,-0.124999999999993));
#10646=CARTESIAN_POINT('',(0.763456342081388,1.0455137598233,-0.124999999999993));
#10647=CARTESIAN_POINT('Origin',(0.831456342081388,1.0455137598233,-0.124999999999993));
#10648=CARTESIAN_POINT('',(0.513456342081386,1.2955137598233,-0.124999999999993));
#10649=CARTESIAN_POINT('Origin',(0.581456342081388,1.2955137598233,-0.124999999999993));
#10650=CARTESIAN_POINT('',(0.263456342081387,1.0455137598233,-0.124999999999993));
#10651=CARTESIAN_POINT('Origin',(0.331456342081386,1.0455137598233,-0.124999999999993));
#10652=CARTESIAN_POINT('',(0.763456342081388,0.545513759823296,-0.124999999999993));
#10653=CARTESIAN_POINT('Origin',(0.831456342081388,0.545513759823296,-0.124999999999993));
#10654=CARTESIAN_POINT('',(0.513456342081386,0.795513759823298,-0.124999999999993));
#10655=CARTESIAN_POINT('Origin',(0.581456342081388,0.795513759823298,-0.124999999999993));
#10656=CARTESIAN_POINT('',(0.263456342081387,0.545513759823297,-0.124999999999993));
#10657=CARTESIAN_POINT('Origin',(0.331456342081386,0.545513759823296,-0.124999999999993));
#10658=CARTESIAN_POINT('',(0.763456342081388,0.0455137598232965,-0.124999999999993));
#10659=CARTESIAN_POINT('Origin',(0.831456342081388,0.0455137598232965,-0.124999999999993));
#10660=CARTESIAN_POINT('',(0.513456342081386,0.295513759823299,-0.124999999999993));
#10661=CARTESIAN_POINT('Origin',(0.581456342081388,0.295513759823299,-0.124999999999993));
#10662=CARTESIAN_POINT('',(0.263456342081387,0.0455137598232968,-0.124999999999993));
#10663=CARTESIAN_POINT('Origin',(0.331456342081386,0.0455137598232968,-0.124999999999993));
#10664=CARTESIAN_POINT('',(0.763456342081388,-0.454486240176703,-0.124999999999993));
#10665=CARTESIAN_POINT('Origin',(0.831456342081388,-0.454486240176703,-0.124999999999993));
#10666=CARTESIAN_POINT('',(0.513456342081386,-0.204486240176701,-0.124999999999993));
#10667=CARTESIAN_POINT('Origin',(0.581456342081388,-0.204486240176701,-0.124999999999993));
#10668=CARTESIAN_POINT('',(0.263456342081387,-0.454486240176703,-0.124999999999993));
#10669=CARTESIAN_POINT('Origin',(0.331456342081386,-0.454486240176703,-0.124999999999993));
#10670=CARTESIAN_POINT('',(0.763456342081388,-0.954486240176704,-0.124999999999993));
#10671=CARTESIAN_POINT('Origin',(0.831456342081388,-0.954486240176704,-0.124999999999993));
#10672=CARTESIAN_POINT('',(0.513456342081386,-0.704486240176702,-0.124999999999993));
#10673=CARTESIAN_POINT('Origin',(0.581456342081386,-0.704486240176702,-0.124999999999993));
#10674=CARTESIAN_POINT('',(0.263456342081387,-0.954486240176704,-0.124999999999993));
#10675=CARTESIAN_POINT('Origin',(0.331456342081386,-0.954486240176704,-0.124999999999993));
#10676=CARTESIAN_POINT('',(0.763456342081388,-1.4544862401767,-0.124999999999993));
#10677=CARTESIAN_POINT('Origin',(0.831456342081388,-1.4544862401767,-0.124999999999993));
#10678=CARTESIAN_POINT('',(0.513456342081386,-1.2044862401767,-0.124999999999993));
#10679=CARTESIAN_POINT('Origin',(0.581456342081386,-1.2044862401767,-0.124999999999993));
#10680=CARTESIAN_POINT('',(0.263456342081387,-1.4544862401767,-0.124999999999993));
#10681=CARTESIAN_POINT('Origin',(0.331456342081386,-1.4544862401767,-0.124999999999993));
#10682=CARTESIAN_POINT('',(0.763456342081388,-1.9544862401767,-0.124999999999993));
#10683=CARTESIAN_POINT('Origin',(0.831456342081388,-1.9544862401767,-0.124999999999993));
#10684=CARTESIAN_POINT('',(0.513456342081386,-1.7044862401767,-0.124999999999993));
#10685=CARTESIAN_POINT('Origin',(0.581456342081386,-1.7044862401767,-0.124999999999993));
#10686=CARTESIAN_POINT('',(0.263456342081387,-1.9544862401767,-0.124999999999993));
#10687=CARTESIAN_POINT('Origin',(0.331456342081386,-1.9544862401767,-0.124999999999993));
#10688=CARTESIAN_POINT('',(0.763456342081388,-2.4544862401767,-0.124999999999993));
#10689=CARTESIAN_POINT('Origin',(0.831456342081388,-2.4544862401767,-0.124999999999993));
#10690=CARTESIAN_POINT('',(0.513456342081386,-2.2044862401767,-0.124999999999993));
#10691=CARTESIAN_POINT('Origin',(0.581456342081386,-2.2044862401767,-0.124999999999993));
#10692=CARTESIAN_POINT('',(0.263456342081387,-2.4544862401767,-0.124999999999993));
#10693=CARTESIAN_POINT('Origin',(0.331456342081386,-2.4544862401767,-0.124999999999993));
#10694=CARTESIAN_POINT('',(0.763456342081386,-2.9544862401767,-0.124999999999993));
#10695=CARTESIAN_POINT('Origin',(0.831456342081385,-2.9544862401767,-0.124999999999993));
#10696=CARTESIAN_POINT('',(0.513456342081386,-2.7044862401767,-0.124999999999993));
#10697=CARTESIAN_POINT('Origin',(0.581456342081386,-2.7044862401767,-0.124999999999993));
#10698=CARTESIAN_POINT('',(0.263456342081387,-2.9544862401767,-0.124999999999993));
#10699=CARTESIAN_POINT('Origin',(0.331456342081386,-2.9544862401767,-0.124999999999993));
#10700=CARTESIAN_POINT('',(0.763456342081386,-3.4544862401767,-0.124999999999993));
#10701=CARTESIAN_POINT('Origin',(0.831456342081385,-3.4544862401767,-0.124999999999993));
#10702=CARTESIAN_POINT('',(0.513456342081386,-3.2044862401767,-0.124999999999993));
#10703=CARTESIAN_POINT('Origin',(0.581456342081386,-3.2044862401767,-0.124999999999993));
#10704=CARTESIAN_POINT('',(0.263456342081387,-3.4544862401767,-0.124999999999993));
#10705=CARTESIAN_POINT('Origin',(0.331456342081386,-3.4544862401767,-0.124999999999993));
#10706=CARTESIAN_POINT('',(0.763456342081386,-3.9544862401767,-0.124999999999993));
#10707=CARTESIAN_POINT('Origin',(0.831456342081385,-3.9544862401767,-0.124999999999993));
#10708=CARTESIAN_POINT('',(0.513456342081386,-3.7044862401767,-0.124999999999993));
#10709=CARTESIAN_POINT('Origin',(0.581456342081386,-3.7044862401767,-0.124999999999993));
#10710=CARTESIAN_POINT('',(0.263456342081387,-3.9544862401767,-0.124999999999993));
#10711=CARTESIAN_POINT('Origin',(0.331456342081386,-3.9544862401767,-0.124999999999993));
#10712=CARTESIAN_POINT('',(0.763456342081386,-4.4544862401767,-0.124999999999993));
#10713=CARTESIAN_POINT('Origin',(0.831456342081385,-4.4544862401767,-0.124999999999993));
#10714=CARTESIAN_POINT('',(0.513456342081386,-4.2044862401767,-0.124999999999993));
#10715=CARTESIAN_POINT('Origin',(0.581456342081386,-4.2044862401767,-0.124999999999993));
#10716=CARTESIAN_POINT('',(0.263456342081387,-4.4544862401767,-0.124999999999993));
#10717=CARTESIAN_POINT('Origin',(0.331456342081386,-4.4544862401767,-0.124999999999993));
#10718=CARTESIAN_POINT('',(0.763456342081383,-4.9544862401767,-0.124999999999993));
#10719=CARTESIAN_POINT('Origin',(0.831456342081382,-4.9544862401767,-0.124999999999993));
#10720=CARTESIAN_POINT('',(0.513456342081384,-4.7044862401767,-0.124999999999993));
#10721=CARTESIAN_POINT('Origin',(0.581456342081383,-4.7044862401767,-0.124999999999993));
#10722=CARTESIAN_POINT('',(0.263456342081384,-4.9544862401767,-0.124999999999993));
#10723=CARTESIAN_POINT('Origin',(0.331456342081384,-4.9544862401767,-0.124999999999993));
#10724=CARTESIAN_POINT('',(0.763456342081383,-5.4544862401767,-0.124999999999993));
#10725=CARTESIAN_POINT('Origin',(0.831456342081382,-5.4544862401767,-0.124999999999993));
#10726=CARTESIAN_POINT('',(0.513456342081384,-5.2044862401767,-0.124999999999993));
#10727=CARTESIAN_POINT('Origin',(0.581456342081383,-5.2044862401767,-0.124999999999993));
#10728=CARTESIAN_POINT('',(0.263456342081384,-5.4544862401767,-0.124999999999993));
#10729=CARTESIAN_POINT('Origin',(0.331456342081384,-5.4544862401767,-0.124999999999993));
#10730=CARTESIAN_POINT('',(0.763456342081383,-5.9544862401767,-0.124999999999993));
#10731=CARTESIAN_POINT('Origin',(0.831456342081382,-5.9544862401767,-0.124999999999993));
#10732=CARTESIAN_POINT('',(0.513456342081384,-5.7044862401767,-0.124999999999993));
#10733=CARTESIAN_POINT('Origin',(0.581456342081383,-5.7044862401767,-0.124999999999993));
#10734=CARTESIAN_POINT('',(0.263456342081384,-5.9544862401767,-0.124999999999993));
#10735=CARTESIAN_POINT('Origin',(0.331456342081384,-5.9544862401767,-0.124999999999993));
#10736=CARTESIAN_POINT('',(0.763456342081383,-6.4544862401767,-0.124999999999993));
#10737=CARTESIAN_POINT('Origin',(0.831456342081382,-6.4544862401767,-0.124999999999993));
#10738=CARTESIAN_POINT('',(0.513456342081384,-6.2044862401767,-0.124999999999993));
#10739=CARTESIAN_POINT('Origin',(0.581456342081383,-6.2044862401767,-0.124999999999993));
#10740=CARTESIAN_POINT('',(0.263456342081384,-6.4544862401767,-0.124999999999993));
#10741=CARTESIAN_POINT('Origin',(0.331456342081384,-6.4544862401767,-0.124999999999993));
#10742=CARTESIAN_POINT('',(0.763456342081383,-6.9544862401767,-0.124999999999993));
#10743=CARTESIAN_POINT('Origin',(0.831456342081382,-6.9544862401767,-0.124999999999993));
#10744=CARTESIAN_POINT('',(0.513456342081384,-6.7044862401767,-0.124999999999993));
#10745=CARTESIAN_POINT('Origin',(0.581456342081383,-6.7044862401767,-0.124999999999993));
#10746=CARTESIAN_POINT('',(0.263456342081384,-6.9544862401767,-0.124999999999993));
#10747=CARTESIAN_POINT('Origin',(0.331456342081384,-6.9544862401767,-0.124999999999993));
#10748=CARTESIAN_POINT('',(0.763456342081383,-7.4544862401767,-0.124999999999993));
#10749=CARTESIAN_POINT('Origin',(0.831456342081382,-7.4544862401767,-0.124999999999993));
#10750=CARTESIAN_POINT('',(0.513456342081384,-7.2044862401767,-0.124999999999993));
#10751=CARTESIAN_POINT('Origin',(0.581456342081383,-7.2044862401767,-0.124999999999993));
#10752=CARTESIAN_POINT('',(0.263456342081384,-7.4544862401767,-0.124999999999993));
#10753=CARTESIAN_POINT('Origin',(0.331456342081384,-7.4544862401767,-0.124999999999993));
#10754=CARTESIAN_POINT('',(0.763456342081383,-7.9544862401767,-0.124999999999993));
#10755=CARTESIAN_POINT('Origin',(0.831456342081382,-7.9544862401767,-0.124999999999993));
#10756=CARTESIAN_POINT('',(0.513456342081384,-7.7044862401767,-0.124999999999993));
#10757=CARTESIAN_POINT('Origin',(0.581456342081383,-7.7044862401767,-0.124999999999993));
#10758=CARTESIAN_POINT('',(0.263456342081384,-7.9544862401767,-0.124999999999993));
#10759=CARTESIAN_POINT('Origin',(0.331456342081384,-7.9544862401767,-0.124999999999993));
#10760=CARTESIAN_POINT('',(0.763456342081383,-8.4544862401767,-0.124999999999993));
#10761=CARTESIAN_POINT('Origin',(0.831456342081382,-8.4544862401767,-0.124999999999993));
#10762=CARTESIAN_POINT('',(0.513456342081384,-8.2044862401767,-0.124999999999993));
#10763=CARTESIAN_POINT('Origin',(0.581456342081383,-8.2044862401767,-0.124999999999993));
#10764=CARTESIAN_POINT('',(0.263456342081382,-8.4544862401767,-0.124999999999993));
#10765=CARTESIAN_POINT('Origin',(0.331456342081384,-8.4544862401767,-0.124999999999993));
#10766=CARTESIAN_POINT('',(0.763456342081383,-8.9544862401767,-0.124999999999993));
#10767=CARTESIAN_POINT('Origin',(0.831456342081382,-8.9544862401767,-0.124999999999993));
#10768=CARTESIAN_POINT('',(0.513456342081384,-8.7044862401767,-0.124999999999993));
#10769=CARTESIAN_POINT('Origin',(0.581456342081383,-8.7044862401767,-0.124999999999993));
#10770=CARTESIAN_POINT('',(0.263456342081382,-8.9544862401767,-0.124999999999993));
#10771=CARTESIAN_POINT('Origin',(0.331456342081384,-8.9544862401767,-0.124999999999993));
#10772=CARTESIAN_POINT('',(0.763456342081383,-9.4544862401767,-0.124999999999993));
#10773=CARTESIAN_POINT('Origin',(0.831456342081382,-9.4544862401767,-0.124999999999993));
#10774=CARTESIAN_POINT('',(0.513456342081381,-9.2044862401767,-0.124999999999993));
#10775=CARTESIAN_POINT('Origin',(0.581456342081383,-9.2044862401767,-0.124999999999993));
#10776=CARTESIAN_POINT('',(0.263456342081382,-9.4544862401767,-0.124999999999993));
#10777=CARTESIAN_POINT('Origin',(0.331456342081384,-9.4544862401767,-0.124999999999993));
#10778=CARTESIAN_POINT('',(0.763456342081383,-9.9544862401767,-0.124999999999993));
#10779=CARTESIAN_POINT('Origin',(0.831456342081382,-9.9544862401767,-0.124999999999993));
#10780=CARTESIAN_POINT('',(0.513456342081381,-9.7044862401767,-0.124999999999993));
#10781=CARTESIAN_POINT('Origin',(0.581456342081383,-9.7044862401767,-0.124999999999993));
#10782=CARTESIAN_POINT('',(0.263456342081382,-9.9544862401767,-0.124999999999993));
#10783=CARTESIAN_POINT('Origin',(0.331456342081381,-9.9544862401767,-0.124999999999993));
#10784=CARTESIAN_POINT('',(0.763456342081383,-10.4544862401767,-0.124999999999993));
#10785=CARTESIAN_POINT('Origin',(0.831456342081382,-10.4544862401767,-0.124999999999993));
#10786=CARTESIAN_POINT('',(0.513456342081381,-10.2044862401767,-0.124999999999993));
#10787=CARTESIAN_POINT('Origin',(0.581456342081383,-10.2044862401767,-0.124999999999993));
#10788=CARTESIAN_POINT('',(0.263456342081382,-10.4544862401767,-0.124999999999993));
#10789=CARTESIAN_POINT('Origin',(0.331456342081381,-10.4544862401767,-0.124999999999993));
#10790=CARTESIAN_POINT('',(0.763456342081383,-10.9544862401767,-0.124999999999993));
#10791=CARTESIAN_POINT('Origin',(0.831456342081382,-10.9544862401767,-0.124999999999993));
#10792=CARTESIAN_POINT('',(0.513456342081381,-10.7044862401767,-0.124999999999993));
#10793=CARTESIAN_POINT('Origin',(0.581456342081383,-10.7044862401767,-0.124999999999993));
#10794=CARTESIAN_POINT('',(0.263456342081382,-10.9544862401767,-0.124999999999993));
#10795=CARTESIAN_POINT('Origin',(0.331456342081381,-10.9544862401767,-0.124999999999993));
#10796=CARTESIAN_POINT('',(4.26345634208139,3.54551375982329,-0.124999999999993));
#10797=CARTESIAN_POINT('Origin',(4.33145634208139,3.54551375982329,-0.124999999999993));
#10798=CARTESIAN_POINT('',(4.26345634208139,3.04551375982329,-0.124999999999993));
#10799=CARTESIAN_POINT('Origin',(4.33145634208139,3.04551375982329,-0.124999999999993));
#10800=CARTESIAN_POINT('',(4.51345634208139,3.2955137598233,-0.124999999999993));
#10801=CARTESIAN_POINT('Origin',(4.58145634208139,3.2955137598233,-0.124999999999993));
#10802=CARTESIAN_POINT('',(4.26345634208139,2.54551375982329,-0.124999999999993));
#10803=CARTESIAN_POINT('Origin',(4.33145634208139,2.54551375982329,-0.124999999999993));
#10804=CARTESIAN_POINT('',(4.51345634208139,2.7955137598233,-0.124999999999993));
#10805=CARTESIAN_POINT('Origin',(4.58145634208139,2.7955137598233,-0.124999999999993));
#10806=CARTESIAN_POINT('',(4.26345634208139,2.04551375982329,-0.124999999999993));
#10807=CARTESIAN_POINT('Origin',(4.33145634208139,2.04551375982329,-0.124999999999993));
#10808=CARTESIAN_POINT('',(4.51345634208139,2.29551375982329,-0.124999999999993));
#10809=CARTESIAN_POINT('Origin',(4.58145634208139,2.29551375982329,-0.124999999999993));
#10810=CARTESIAN_POINT('',(4.26345634208139,1.54551375982329,-0.124999999999993));
#10811=CARTESIAN_POINT('Origin',(4.33145634208139,1.54551375982329,-0.124999999999993));
#10812=CARTESIAN_POINT('',(4.51345634208139,1.7955137598233,-0.124999999999993));
#10813=CARTESIAN_POINT('Origin',(4.58145634208139,1.7955137598233,-0.124999999999993));
#10814=CARTESIAN_POINT('',(4.26345634208139,1.04551375982329,-0.124999999999993));
#10815=CARTESIAN_POINT('Origin',(4.33145634208139,1.04551375982329,-0.124999999999993));
#10816=CARTESIAN_POINT('',(4.51345634208139,1.29551375982329,-0.124999999999993));
#10817=CARTESIAN_POINT('Origin',(4.58145634208139,1.29551375982329,-0.124999999999993));
#10818=CARTESIAN_POINT('',(4.26345634208139,0.545513759823294,-0.124999999999993));
#10819=CARTESIAN_POINT('Origin',(4.33145634208139,0.545513759823294,-0.124999999999993));
#10820=CARTESIAN_POINT('',(4.51345634208139,0.795513759823296,-0.124999999999993));
#10821=CARTESIAN_POINT('Origin',(4.58145634208139,0.795513759823296,-0.124999999999993));
#10822=CARTESIAN_POINT('',(4.26345634208139,0.045513759823293,-0.124999999999993));
#10823=CARTESIAN_POINT('Origin',(4.33145634208139,0.045513759823293,-0.124999999999993));
#10824=CARTESIAN_POINT('',(4.51345634208139,0.295513759823295,-0.124999999999993));
#10825=CARTESIAN_POINT('Origin',(4.58145634208139,0.295513759823295,-0.124999999999993));
#10826=CARTESIAN_POINT('',(4.26345634208139,-0.454486240176705,-0.124999999999993));
#10827=CARTESIAN_POINT('Origin',(4.33145634208139,-0.454486240176705,-0.124999999999993));
#10828=CARTESIAN_POINT('',(4.51345634208139,-0.204486240176703,-0.124999999999993));
#10829=CARTESIAN_POINT('Origin',(4.58145634208139,-0.204486240176703,-0.124999999999993));
#10830=CARTESIAN_POINT('',(4.26345634208139,-0.954486240176707,-0.124999999999993));
#10831=CARTESIAN_POINT('Origin',(4.33145634208139,-0.954486240176707,-0.124999999999993));
#10832=CARTESIAN_POINT('',(4.51345634208139,-0.704486240176705,-0.124999999999993));
#10833=CARTESIAN_POINT('Origin',(4.58145634208139,-0.704486240176705,-0.124999999999993));
#10834=CARTESIAN_POINT('',(4.26345634208139,-1.45448624017671,-0.124999999999993));
#10835=CARTESIAN_POINT('Origin',(4.33145634208139,-1.45448624017671,-0.124999999999993));
#10836=CARTESIAN_POINT('',(4.51345634208139,-1.2044862401767,-0.124999999999993));
#10837=CARTESIAN_POINT('Origin',(4.58145634208139,-1.2044862401767,-0.124999999999993));
#10838=CARTESIAN_POINT('',(4.26345634208138,-1.95448624017671,-0.124999999999993));
#10839=CARTESIAN_POINT('Origin',(4.33145634208138,-1.95448624017671,-0.124999999999993));
#10840=CARTESIAN_POINT('',(4.51345634208138,-1.7044862401767,-0.124999999999993));
#10841=CARTESIAN_POINT('Origin',(4.58145634208139,-1.7044862401767,-0.124999999999993));
#10842=CARTESIAN_POINT('',(4.26345634208138,-2.45448624017671,-0.124999999999993));
#10843=CARTESIAN_POINT('Origin',(4.33145634208138,-2.45448624017671,-0.124999999999993));
#10844=CARTESIAN_POINT('',(4.51345634208138,-2.2044862401767,-0.124999999999993));
#10845=CARTESIAN_POINT('Origin',(4.58145634208139,-2.2044862401767,-0.124999999999993));
#10846=CARTESIAN_POINT('',(4.26345634208138,-2.95448624017671,-0.124999999999993));
#10847=CARTESIAN_POINT('Origin',(4.33145634208138,-2.95448624017671,-0.124999999999993));
#10848=CARTESIAN_POINT('',(4.51345634208138,-2.7044862401767,-0.124999999999993));
#10849=CARTESIAN_POINT('Origin',(4.58145634208139,-2.7044862401767,-0.124999999999993));
#10850=CARTESIAN_POINT('',(4.26345634208138,-3.45448624017671,-0.124999999999993));
#10851=CARTESIAN_POINT('Origin',(4.33145634208138,-3.45448624017671,-0.124999999999993));
#10852=CARTESIAN_POINT('',(4.51345634208138,-3.2044862401767,-0.124999999999993));
#10853=CARTESIAN_POINT('Origin',(4.58145634208139,-3.2044862401767,-0.124999999999993));
#10854=CARTESIAN_POINT('',(4.26345634208138,-3.95448624017671,-0.124999999999993));
#10855=CARTESIAN_POINT('Origin',(4.33145634208138,-3.95448624017671,-0.124999999999993));
#10856=CARTESIAN_POINT('',(4.51345634208138,-3.7044862401767,-0.124999999999993));
#10857=CARTESIAN_POINT('Origin',(4.58145634208139,-3.7044862401767,-0.124999999999993));
#10858=CARTESIAN_POINT('',(4.26345634208138,-4.45448624017671,-0.124999999999993));
#10859=CARTESIAN_POINT('Origin',(4.33145634208138,-4.45448624017671,-0.124999999999993));
#10860=CARTESIAN_POINT('',(4.51345634208138,-4.2044862401767,-0.124999999999993));
#10861=CARTESIAN_POINT('Origin',(4.58145634208139,-4.2044862401767,-0.124999999999993));
#10862=CARTESIAN_POINT('',(4.26345634208138,-4.95448624017671,-0.124999999999993));
#10863=CARTESIAN_POINT('Origin',(4.33145634208138,-4.95448624017671,-0.124999999999993));
#10864=CARTESIAN_POINT('',(4.51345634208138,-4.7044862401767,-0.124999999999993));
#10865=CARTESIAN_POINT('Origin',(4.58145634208139,-4.7044862401767,-0.124999999999993));
#10866=CARTESIAN_POINT('',(4.26345634208138,-5.45448624017671,-0.124999999999993));
#10867=CARTESIAN_POINT('Origin',(4.33145634208138,-5.45448624017671,-0.124999999999993));
#10868=CARTESIAN_POINT('',(4.51345634208138,-5.2044862401767,-0.124999999999993));
#10869=CARTESIAN_POINT('Origin',(4.58145634208139,-5.2044862401767,-0.124999999999993));
#10870=CARTESIAN_POINT('',(4.26345634208138,-5.95448624017671,-0.124999999999993));
#10871=CARTESIAN_POINT('Origin',(4.33145634208138,-5.95448624017671,-0.124999999999993));
#10872=CARTESIAN_POINT('',(4.51345634208138,-5.7044862401767,-0.124999999999993));
#10873=CARTESIAN_POINT('Origin',(4.58145634208139,-5.7044862401767,-0.124999999999993));
#10874=CARTESIAN_POINT('',(4.26345634208138,-6.4544862401767,-0.124999999999993));
#10875=CARTESIAN_POINT('Origin',(4.33145634208138,-6.4544862401767,-0.124999999999993));
#10876=CARTESIAN_POINT('',(4.51345634208138,-6.2044862401767,-0.124999999999993));
#10877=CARTESIAN_POINT('Origin',(4.58145634208139,-6.2044862401767,-0.124999999999993));
#10878=CARTESIAN_POINT('',(4.26345634208138,-6.9544862401767,-0.124999999999993));
#10879=CARTESIAN_POINT('Origin',(4.33145634208138,-6.9544862401767,-0.124999999999993));
#10880=CARTESIAN_POINT('',(4.51345634208138,-6.7044862401767,-0.124999999999993));
#10881=CARTESIAN_POINT('Origin',(4.58145634208139,-6.7044862401767,-0.124999999999993));
#10882=CARTESIAN_POINT('',(4.26345634208138,-7.4544862401767,-0.124999999999993));
#10883=CARTESIAN_POINT('Origin',(4.33145634208138,-7.4544862401767,-0.124999999999993));
#10884=CARTESIAN_POINT('',(4.51345634208138,-7.2044862401767,-0.124999999999993));
#10885=CARTESIAN_POINT('Origin',(4.58145634208139,-7.2044862401767,-0.124999999999993));
#10886=CARTESIAN_POINT('',(4.26345634208138,-7.9544862401767,-0.124999999999993));
#10887=CARTESIAN_POINT('Origin',(4.33145634208138,-7.9544862401767,-0.124999999999993));
#10888=CARTESIAN_POINT('',(4.51345634208138,-7.7044862401767,-0.124999999999993));
#10889=CARTESIAN_POINT('Origin',(4.58145634208139,-7.7044862401767,-0.124999999999993));
#10890=CARTESIAN_POINT('',(4.26345634208138,-8.4544862401767,-0.124999999999993));
#10891=CARTESIAN_POINT('Origin',(4.33145634208138,-8.4544862401767,-0.124999999999993));
#10892=CARTESIAN_POINT('',(4.51345634208138,-8.2044862401767,-0.124999999999993));
#10893=CARTESIAN_POINT('Origin',(4.58145634208138,-8.2044862401767,-0.124999999999993));
#10894=CARTESIAN_POINT('',(4.26345634208138,-8.9544862401767,-0.124999999999993));
#10895=CARTESIAN_POINT('Origin',(4.33145634208138,-8.9544862401767,-0.124999999999993));
#10896=CARTESIAN_POINT('',(4.51345634208138,-8.7044862401767,-0.124999999999993));
#10897=CARTESIAN_POINT('Origin',(4.58145634208138,-8.7044862401767,-0.124999999999993));
#10898=CARTESIAN_POINT('',(4.26345634208138,-9.4544862401767,-0.124999999999993));
#10899=CARTESIAN_POINT('Origin',(4.33145634208138,-9.4544862401767,-0.124999999999993));
#10900=CARTESIAN_POINT('',(4.51345634208138,-9.2044862401767,-0.124999999999993));
#10901=CARTESIAN_POINT('Origin',(4.58145634208138,-9.2044862401767,-0.124999999999993));
#10902=CARTESIAN_POINT('',(4.26345634208138,-9.9544862401767,-0.124999999999993));
#10903=CARTESIAN_POINT('Origin',(4.33145634208138,-9.9544862401767,-0.124999999999993));
#10904=CARTESIAN_POINT('',(4.51345634208138,-9.7044862401767,-0.124999999999993));
#10905=CARTESIAN_POINT('Origin',(4.58145634208138,-9.7044862401767,-0.124999999999993));
#10906=CARTESIAN_POINT('',(4.26345634208138,-10.4544862401767,-0.124999999999993));
#10907=CARTESIAN_POINT('Origin',(4.33145634208138,-10.4544862401767,-0.124999999999993));
#10908=CARTESIAN_POINT('',(4.51345634208138,-10.2044862401767,-0.124999999999993));
#10909=CARTESIAN_POINT('Origin',(4.58145634208138,-10.2044862401767,-0.124999999999993));
#10910=CARTESIAN_POINT('',(4.26345634208138,-10.9544862401767,-0.124999999999993));
#10911=CARTESIAN_POINT('Origin',(4.33145634208138,-10.9544862401767,-0.124999999999993));
#10912=CARTESIAN_POINT('',(4.51345634208138,-10.7044862401767,-0.124999999999993));
#10913=CARTESIAN_POINT('Origin',(4.58145634208138,-10.7044862401767,-0.124999999999993));
#10914=CARTESIAN_POINT('',(4.26345634208138,-11.4544862401767,-0.124999999999993));
#10915=CARTESIAN_POINT('Origin',(4.33145634208138,-11.4544862401767,-0.124999999999993));
#10916=CARTESIAN_POINT('',(4.51345634208138,-11.2044862401767,-0.124999999999993));
#10917=CARTESIAN_POINT('Origin',(4.58145634208138,-11.2044862401767,-0.124999999999993));
#10918=CARTESIAN_POINT('',(4.26345634208138,-11.9544862401767,-0.124999999999993));
#10919=CARTESIAN_POINT('Origin',(4.33145634208138,-11.9544862401767,-0.124999999999993));
#10920=CARTESIAN_POINT('',(4.51345634208138,-11.7044862401767,-0.124999999999993));
#10921=CARTESIAN_POINT('Origin',(4.58145634208138,-11.7044862401767,-0.124999999999993));
#10922=CARTESIAN_POINT('',(4.26345634208138,-12.4544862401767,-0.124999999999993));
#10923=CARTESIAN_POINT('Origin',(4.33145634208138,-12.4544862401767,-0.124999999999993));
#10924=CARTESIAN_POINT('',(4.51345634208138,-12.2044862401767,-0.124999999999993));
#10925=CARTESIAN_POINT('Origin',(4.58145634208138,-12.2044862401767,-0.124999999999993));
#10926=CARTESIAN_POINT('',(4.26345634208138,-12.9544862401767,-0.124999999999993));
#10927=CARTESIAN_POINT('Origin',(4.33145634208138,-12.9544862401767,-0.124999999999993));
#10928=CARTESIAN_POINT('',(4.51345634208138,-12.7044862401767,-0.124999999999993));
#10929=CARTESIAN_POINT('Origin',(4.58145634208138,-12.7044862401767,-0.124999999999993));
#10930=CARTESIAN_POINT('',(4.26345634208138,-13.4544862401767,-0.124999999999993));
#10931=CARTESIAN_POINT('Origin',(4.33145634208138,-13.4544862401767,-0.124999999999993));
#10932=CARTESIAN_POINT('',(4.51345634208138,-13.2044862401767,-0.124999999999993));
#10933=CARTESIAN_POINT('Origin',(4.58145634208138,-13.2044862401767,-0.124999999999993));
#10934=CARTESIAN_POINT('',(4.76345634208139,3.54551375982329,-0.124999999999993));
#10935=CARTESIAN_POINT('Origin',(4.83145634208139,3.54551375982329,-0.124999999999993));
#10936=CARTESIAN_POINT('',(4.76345634208139,3.04551375982329,-0.124999999999993));
#10937=CARTESIAN_POINT('Origin',(4.83145634208139,3.04551375982329,-0.124999999999993));
#10938=CARTESIAN_POINT('',(4.76345634208139,2.54551375982329,-0.124999999999993));
#10939=CARTESIAN_POINT('Origin',(4.83145634208139,2.54551375982329,-0.124999999999993));
#10940=CARTESIAN_POINT('',(4.76345634208139,2.04551375982329,-0.124999999999993));
#10941=CARTESIAN_POINT('Origin',(4.83145634208139,2.04551375982329,-0.124999999999993));
#10942=CARTESIAN_POINT('',(4.76345634208139,1.54551375982329,-0.124999999999993));
#10943=CARTESIAN_POINT('Origin',(4.83145634208139,1.54551375982329,-0.124999999999993));
#10944=CARTESIAN_POINT('',(4.76345634208139,1.04551375982329,-0.124999999999993));
#10945=CARTESIAN_POINT('Origin',(4.83145634208139,1.04551375982329,-0.124999999999993));
#10946=CARTESIAN_POINT('',(4.76345634208139,0.545513759823294,-0.124999999999993));
#10947=CARTESIAN_POINT('Origin',(4.83145634208139,0.545513759823294,-0.124999999999993));
#10948=CARTESIAN_POINT('',(4.76345634208139,0.045513759823293,-0.124999999999993));
#10949=CARTESIAN_POINT('Origin',(4.83145634208139,0.045513759823293,-0.124999999999993));
#10950=CARTESIAN_POINT('',(4.76345634208139,-0.454486240176705,-0.124999999999993));
#10951=CARTESIAN_POINT('Origin',(4.83145634208139,-0.454486240176705,-0.124999999999993));
#10952=CARTESIAN_POINT('',(4.76345634208139,-0.954486240176707,-0.124999999999993));
#10953=CARTESIAN_POINT('Origin',(4.83145634208139,-0.954486240176707,-0.124999999999993));
#10954=CARTESIAN_POINT('',(4.76345634208139,-1.45448624017671,-0.124999999999993));
#10955=CARTESIAN_POINT('Origin',(4.83145634208139,-1.45448624017671,-0.124999999999993));
#10956=CARTESIAN_POINT('',(4.76345634208139,-1.95448624017671,-0.124999999999993));
#10957=CARTESIAN_POINT('Origin',(4.83145634208138,-1.95448624017671,-0.124999999999993));
#10958=CARTESIAN_POINT('',(4.76345634208139,-2.45448624017671,-0.124999999999993));
#10959=CARTESIAN_POINT('Origin',(4.83145634208138,-2.45448624017671,-0.124999999999993));
#10960=CARTESIAN_POINT('',(4.76345634208139,-2.95448624017671,-0.124999999999993));
#10961=CARTESIAN_POINT('Origin',(4.83145634208138,-2.95448624017671,-0.124999999999993));
#10962=CARTESIAN_POINT('',(4.76345634208139,-3.45448624017671,-0.124999999999993));
#10963=CARTESIAN_POINT('Origin',(4.83145634208138,-3.45448624017671,-0.124999999999993));
#10964=CARTESIAN_POINT('',(4.76345634208139,-3.95448624017671,-0.124999999999993));
#10965=CARTESIAN_POINT('Origin',(4.83145634208138,-3.95448624017671,-0.124999999999993));
#10966=CARTESIAN_POINT('',(4.76345634208139,-4.45448624017671,-0.124999999999993));
#10967=CARTESIAN_POINT('Origin',(4.83145634208138,-4.45448624017671,-0.124999999999993));
#10968=CARTESIAN_POINT('',(4.76345634208139,-4.95448624017671,-0.124999999999993));
#10969=CARTESIAN_POINT('Origin',(4.83145634208138,-4.95448624017671,-0.124999999999993));
#10970=CARTESIAN_POINT('',(4.76345634208139,-5.45448624017671,-0.124999999999993));
#10971=CARTESIAN_POINT('Origin',(4.83145634208138,-5.45448624017671,-0.124999999999993));
#10972=CARTESIAN_POINT('',(4.76345634208139,-5.95448624017671,-0.124999999999993));
#10973=CARTESIAN_POINT('Origin',(4.83145634208138,-5.95448624017671,-0.124999999999993));
#10974=CARTESIAN_POINT('',(4.76345634208139,-6.45448624017671,-0.124999999999993));
#10975=CARTESIAN_POINT('Origin',(4.83145634208138,-6.45448624017671,-0.124999999999993));
#10976=CARTESIAN_POINT('',(4.76345634208139,-6.9544862401767,-0.124999999999993));
#10977=CARTESIAN_POINT('Origin',(4.83145634208138,-6.9544862401767,-0.124999999999993));
#10978=CARTESIAN_POINT('',(4.76345634208139,-7.4544862401767,-0.124999999999993));
#10979=CARTESIAN_POINT('Origin',(4.83145634208138,-7.4544862401767,-0.124999999999993));
#10980=CARTESIAN_POINT('',(4.76345634208138,-7.95448624017671,-0.124999999999993));
#10981=CARTESIAN_POINT('Origin',(4.83145634208138,-7.95448624017671,-0.124999999999993));
#10982=CARTESIAN_POINT('',(4.76345634208138,-8.4544862401767,-0.124999999999993));
#10983=CARTESIAN_POINT('Origin',(4.83145634208138,-8.4544862401767,-0.124999999999993));
#10984=CARTESIAN_POINT('',(4.76345634208138,-8.9544862401767,-0.124999999999993));
#10985=CARTESIAN_POINT('Origin',(4.83145634208138,-8.9544862401767,-0.124999999999993));
#10986=CARTESIAN_POINT('',(4.76345634208138,-9.45448624017671,-0.124999999999993));
#10987=CARTESIAN_POINT('Origin',(4.83145634208138,-9.45448624017671,-0.124999999999993));
#10988=CARTESIAN_POINT('',(4.76345634208138,-9.9544862401767,-0.124999999999993));
#10989=CARTESIAN_POINT('Origin',(4.83145634208138,-9.9544862401767,-0.124999999999993));
#10990=CARTESIAN_POINT('',(4.76345634208138,-10.4544862401767,-0.124999999999993));
#10991=CARTESIAN_POINT('Origin',(4.83145634208138,-10.4544862401767,-0.124999999999993));
#10992=CARTESIAN_POINT('',(4.76345634208138,-10.9544862401767,-0.124999999999993));
#10993=CARTESIAN_POINT('Origin',(4.83145634208138,-10.9544862401767,-0.124999999999993));
#10994=CARTESIAN_POINT('',(4.76345634208138,-11.4544862401767,-0.124999999999993));
#10995=CARTESIAN_POINT('Origin',(4.83145634208138,-11.4544862401767,-0.124999999999993));
#10996=CARTESIAN_POINT('',(4.76345634208138,-11.9544862401767,-0.124999999999993));
#10997=CARTESIAN_POINT('Origin',(4.83145634208138,-11.9544862401767,-0.124999999999993));
#10998=CARTESIAN_POINT('',(4.76345634208138,-12.4544862401767,-0.124999999999993));
#10999=CARTESIAN_POINT('Origin',(4.83145634208138,-12.4544862401767,-0.124999999999993));
#11000=CARTESIAN_POINT('',(4.76345634208138,-12.9544862401767,-0.124999999999993));
#11001=CARTESIAN_POINT('Origin',(4.83145634208138,-12.9544862401767,-0.124999999999993));
#11002=CARTESIAN_POINT('',(4.76345634208138,-13.4544862401767,-0.124999999999993));
#11003=CARTESIAN_POINT('Origin',(4.83145634208138,-13.4544862401767,-0.124999999999993));
#11004=CARTESIAN_POINT('Origin',(2.58145634208139,-3.70448624017671,-0.124999999999993));
#11005=CARTESIAN_POINT('Origin',(1.08145634208138,-4.67080485494736,-0.124999999999993));
#11006=CARTESIAN_POINT('',(1.08145634208138,-11.213712656798,-0.249999999999996));
#11007=CARTESIAN_POINT('',(1.08145634208138,-4.67080485494736,-0.249999999999996));
#11008=CARTESIAN_POINT('',(1.08145634208139,-4.18764554756203,-0.249999999999996));
#11009=CARTESIAN_POINT('',(1.08145634208138,-4.67080485494736,-0.124999999999993));
#11010=CARTESIAN_POINT('',(1.08145634208138,-11.213712656798,-0.249999999999996));
#11011=CARTESIAN_POINT('Origin',(2.58145634208138,-6.67080485494736,-0.124999999999993));
#11012=CARTESIAN_POINT('',(4.08145634208139,-4.67080485494736,-0.249999999999996));
#11013=CARTESIAN_POINT('Origin',(2.58145634208138,-6.67080485494736,-0.249999999999996));
#11014=CARTESIAN_POINT('',(4.08145634208139,-4.67080485494736,-0.124999999999993));
#11015=CARTESIAN_POINT('Origin',(4.08145634208138,-13.6952598235554,-0.124999999999993));
#11016=CARTESIAN_POINT('',(4.08145634208138,-13.6952598235554,-0.249999999999996));
#11017=CARTESIAN_POINT('',(4.08145634208138,-8.69987303186605,-0.249999999999996));
#11018=CARTESIAN_POINT('',(4.08145634208138,-13.6952598235554,-0.249999999999996));
#11019=CARTESIAN_POINT('Origin',(2.58145634208139,-3.7044862401767,-0.249999999999996));
#11020=CARTESIAN_POINT('',(1.03221755089672,-11.2044862401767,-0.249999999999996));
#11021=CARTESIAN_POINT('Origin',(1.03221755089672,-11.3404862401767,-0.249999999999996));
#11022=CARTESIAN_POINT('',(0.217456342081383,-11.2044862401767,-0.249999999999996));
#11023=CARTESIAN_POINT('',(1.08145634208138,-11.2044862401767,-0.249999999999996));
#11024=CARTESIAN_POINT('',(0.0814563420813816,-11.0684862401767,-0.249999999999996));
#11025=CARTESIAN_POINT('Origin',(0.217456342081383,-11.0684862401767,-0.249999999999996));
#11026=CARTESIAN_POINT('',(0.08145634208139,6.1595137598233,-0.249999999999996));
#11027=CARTESIAN_POINT('',(0.0814563420813816,-11.2044862401767,-0.249999999999996));
#11028=CARTESIAN_POINT('',(0.217456342081389,6.2955137598233,-0.249999999999996));
#11029=CARTESIAN_POINT('Origin',(0.217456342081389,6.1595137598233,-0.249999999999996));
#11030=CARTESIAN_POINT('',(1.03221755089673,6.2955137598233,-0.249999999999996));
#11031=CARTESIAN_POINT('',(0.08145634208139,6.2955137598233,-0.249999999999996));
#11032=CARTESIAN_POINT('',(1.1192826292511,6.26399185384854,-0.249999999999996));
#11033=CARTESIAN_POINT('Origin',(1.03221755089673,6.1595137598233,-0.249999999999996));
#11034=CARTESIAN_POINT('',(4.04363005491168,3.82703566579805,-0.249999999999996));
#11035=CARTESIAN_POINT('',(4.08145634208139,3.7955137598233,-0.249999999999996));
#11036=CARTESIAN_POINT('',(4.13069513326605,3.7955137598233,-0.249999999999996));
#11037=CARTESIAN_POINT('Origin',(4.13069513326605,3.9315137598233,-0.249999999999996));
#11038=CARTESIAN_POINT('',(4.94545634208139,3.7955137598233,-0.249999999999996));
#11039=CARTESIAN_POINT('',(4.08145634208139,3.7955137598233,-0.249999999999996));
#11040=CARTESIAN_POINT('',(5.08145634208139,3.6595137598233,-0.249999999999996));
#11041=CARTESIAN_POINT('Origin',(4.94545634208139,3.6595137598233,-0.249999999999996));
#11042=CARTESIAN_POINT('',(5.08145634208138,-13.5684862401767,-0.249999999999996));
#11043=CARTESIAN_POINT('',(5.08145634208139,3.7955137598233,-0.249999999999996));
#11044=CARTESIAN_POINT('',(4.94545634208138,-13.7044862401767,-0.249999999999996));
#11045=CARTESIAN_POINT('Origin',(4.94545634208138,-13.5684862401767,-0.249999999999996));
#11046=CARTESIAN_POINT('',(4.13069513326604,-13.7044862401767,-0.249999999999996));
#11047=CARTESIAN_POINT('',(5.08145634208138,-13.7044862401767,-0.249999999999996));
#11048=CARTESIAN_POINT('Origin',(4.13069513326604,-13.5684862401767,-0.249999999999996));
#11049=CARTESIAN_POINT('',(4.76345634208138,-13.4544862401767,-0.249999999999996));
#11050=CARTESIAN_POINT('Origin',(4.83145634208138,-13.4544862401767,-0.249999999999996));
#11051=CARTESIAN_POINT('',(4.76345634208138,-12.9544862401767,-0.249999999999996));
#11052=CARTESIAN_POINT('Origin',(4.83145634208138,-12.9544862401767,-0.249999999999996));
#11053=CARTESIAN_POINT('',(4.76345634208138,-12.4544862401767,-0.249999999999996));
#11054=CARTESIAN_POINT('Origin',(4.83145634208138,-12.4544862401767,-0.249999999999996));
#11055=CARTESIAN_POINT('',(4.76345634208138,-11.9544862401767,-0.249999999999996));
#11056=CARTESIAN_POINT('Origin',(4.83145634208138,-11.9544862401767,-0.249999999999996));
#11057=CARTESIAN_POINT('',(4.76345634208138,-11.4544862401767,-0.249999999999996));
#11058=CARTESIAN_POINT('Origin',(4.83145634208138,-11.4544862401767,-0.249999999999996));
#11059=CARTESIAN_POINT('',(4.76345634208138,-10.9544862401767,-0.249999999999996));
#11060=CARTESIAN_POINT('Origin',(4.83145634208138,-10.9544862401767,-0.249999999999996));
#11061=CARTESIAN_POINT('',(4.76345634208138,-10.4544862401767,-0.249999999999996));
#11062=CARTESIAN_POINT('Origin',(4.83145634208138,-10.4544862401767,-0.249999999999996));
#11063=CARTESIAN_POINT('',(4.76345634208138,-9.9544862401767,-0.249999999999996));
#11064=CARTESIAN_POINT('Origin',(4.83145634208138,-9.9544862401767,-0.249999999999996));
#11065=CARTESIAN_POINT('',(4.76345634208138,-9.45448624017671,-0.249999999999996));
#11066=CARTESIAN_POINT('Origin',(4.83145634208138,-9.45448624017671,-0.249999999999996));
#11067=CARTESIAN_POINT('',(4.76345634208138,-8.9544862401767,-0.249999999999996));
#11068=CARTESIAN_POINT('Origin',(4.83145634208138,-8.9544862401767,-0.249999999999996));
#11069=CARTESIAN_POINT('',(4.76345634208138,-8.4544862401767,-0.249999999999996));
#11070=CARTESIAN_POINT('Origin',(4.83145634208138,-8.4544862401767,-0.249999999999996));
#11071=CARTESIAN_POINT('',(4.76345634208138,-7.95448624017671,-0.249999999999996));
#11072=CARTESIAN_POINT('Origin',(4.83145634208138,-7.95448624017671,-0.249999999999996));
#11073=CARTESIAN_POINT('',(4.76345634208139,-7.4544862401767,-0.249999999999996));
#11074=CARTESIAN_POINT('Origin',(4.83145634208138,-7.4544862401767,-0.249999999999996));
#11075=CARTESIAN_POINT('',(4.76345634208139,-6.9544862401767,-0.249999999999996));
#11076=CARTESIAN_POINT('Origin',(4.83145634208138,-6.9544862401767,-0.249999999999996));
#11077=CARTESIAN_POINT('',(4.76345634208139,-6.45448624017671,-0.249999999999996));
#11078=CARTESIAN_POINT('Origin',(4.83145634208138,-6.45448624017671,-0.249999999999996));
#11079=CARTESIAN_POINT('',(4.76345634208139,-5.95448624017671,-0.249999999999996));
#11080=CARTESIAN_POINT('Origin',(4.83145634208138,-5.95448624017671,-0.249999999999996));
#11081=CARTESIAN_POINT('',(4.76345634208139,-5.45448624017671,-0.249999999999996));
#11082=CARTESIAN_POINT('Origin',(4.83145634208138,-5.45448624017671,-0.249999999999996));
#11083=CARTESIAN_POINT('',(4.76345634208139,-4.95448624017671,-0.249999999999996));
#11084=CARTESIAN_POINT('Origin',(4.83145634208138,-4.95448624017671,-0.249999999999996));
#11085=CARTESIAN_POINT('',(4.76345634208139,-4.45448624017671,-0.249999999999996));
#11086=CARTESIAN_POINT('Origin',(4.83145634208138,-4.45448624017671,-0.249999999999996));
#11087=CARTESIAN_POINT('',(4.76345634208139,-3.95448624017671,-0.249999999999996));
#11088=CARTESIAN_POINT('Origin',(4.83145634208138,-3.95448624017671,-0.249999999999996));
#11089=CARTESIAN_POINT('',(4.76345634208139,-3.45448624017671,-0.249999999999996));
#11090=CARTESIAN_POINT('Origin',(4.83145634208138,-3.45448624017671,-0.249999999999996));
#11091=CARTESIAN_POINT('',(4.76345634208139,-2.95448624017671,-0.249999999999996));
#11092=CARTESIAN_POINT('Origin',(4.83145634208138,-2.95448624017671,-0.249999999999996));
#11093=CARTESIAN_POINT('',(4.76345634208139,-2.45448624017671,-0.249999999999996));
#11094=CARTESIAN_POINT('Origin',(4.83145634208138,-2.45448624017671,-0.249999999999996));
#11095=CARTESIAN_POINT('',(4.76345634208139,-1.95448624017671,-0.249999999999996));
#11096=CARTESIAN_POINT('Origin',(4.83145634208138,-1.95448624017671,-0.249999999999996));
#11097=CARTESIAN_POINT('',(4.76345634208139,-1.45448624017671,-0.249999999999996));
#11098=CARTESIAN_POINT('Origin',(4.83145634208139,-1.45448624017671,-0.249999999999996));
#11099=CARTESIAN_POINT('',(4.76345634208139,-0.954486240176707,-0.249999999999996));
#11100=CARTESIAN_POINT('Origin',(4.83145634208139,-0.954486240176707,-0.249999999999996));
#11101=CARTESIAN_POINT('',(4.76345634208139,-0.454486240176705,-0.249999999999996));
#11102=CARTESIAN_POINT('Origin',(4.83145634208139,-0.454486240176705,-0.249999999999996));
#11103=CARTESIAN_POINT('',(4.76345634208139,0.045513759823293,-0.249999999999996));
#11104=CARTESIAN_POINT('Origin',(4.83145634208139,0.045513759823293,-0.249999999999996));
#11105=CARTESIAN_POINT('',(4.76345634208139,0.545513759823294,-0.249999999999996));
#11106=CARTESIAN_POINT('Origin',(4.83145634208139,0.545513759823294,-0.249999999999996));
#11107=CARTESIAN_POINT('',(4.76345634208139,1.04551375982329,-0.249999999999996));
#11108=CARTESIAN_POINT('Origin',(4.83145634208139,1.04551375982329,-0.249999999999996));
#11109=CARTESIAN_POINT('',(4.76345634208139,1.54551375982329,-0.249999999999996));
#11110=CARTESIAN_POINT('Origin',(4.83145634208139,1.54551375982329,-0.249999999999996));
#11111=CARTESIAN_POINT('',(4.76345634208139,2.04551375982329,-0.249999999999996));
#11112=CARTESIAN_POINT('Origin',(4.83145634208139,2.04551375982329,-0.249999999999996));
#11113=CARTESIAN_POINT('',(4.76345634208139,2.54551375982329,-0.249999999999996));
#11114=CARTESIAN_POINT('Origin',(4.83145634208139,2.54551375982329,-0.249999999999996));
#11115=CARTESIAN_POINT('',(4.76345634208139,3.04551375982329,-0.249999999999996));
#11116=CARTESIAN_POINT('Origin',(4.83145634208139,3.04551375982329,-0.249999999999996));
#11117=CARTESIAN_POINT('',(4.76345634208139,3.54551375982329,-0.249999999999996));
#11118=CARTESIAN_POINT('Origin',(4.83145634208139,3.54551375982329,-0.249999999999996));
#11119=CARTESIAN_POINT('',(4.51345634208138,-13.2044862401767,-0.249999999999996));
#11120=CARTESIAN_POINT('Origin',(4.58145634208138,-13.2044862401767,-0.249999999999996));
#11121=CARTESIAN_POINT('',(4.26345634208138,-13.4544862401767,-0.249999999999996));
#11122=CARTESIAN_POINT('Origin',(4.33145634208138,-13.4544862401767,-0.249999999999996));
#11123=CARTESIAN_POINT('',(4.51345634208138,-12.7044862401767,-0.249999999999996));
#11124=CARTESIAN_POINT('Origin',(4.58145634208138,-12.7044862401767,-0.249999999999996));
#11125=CARTESIAN_POINT('',(4.26345634208138,-12.9544862401767,-0.249999999999996));
#11126=CARTESIAN_POINT('Origin',(4.33145634208138,-12.9544862401767,-0.249999999999996));
#11127=CARTESIAN_POINT('',(4.51345634208138,-12.2044862401767,-0.249999999999996));
#11128=CARTESIAN_POINT('Origin',(4.58145634208138,-12.2044862401767,-0.249999999999996));
#11129=CARTESIAN_POINT('',(4.26345634208138,-12.4544862401767,-0.249999999999996));
#11130=CARTESIAN_POINT('Origin',(4.33145634208138,-12.4544862401767,-0.249999999999996));
#11131=CARTESIAN_POINT('',(4.51345634208138,-11.7044862401767,-0.249999999999996));
#11132=CARTESIAN_POINT('Origin',(4.58145634208138,-11.7044862401767,-0.249999999999996));
#11133=CARTESIAN_POINT('',(4.26345634208138,-11.9544862401767,-0.249999999999996));
#11134=CARTESIAN_POINT('Origin',(4.33145634208138,-11.9544862401767,-0.249999999999996));
#11135=CARTESIAN_POINT('',(4.51345634208138,-11.2044862401767,-0.249999999999996));
#11136=CARTESIAN_POINT('Origin',(4.58145634208138,-11.2044862401767,-0.249999999999996));
#11137=CARTESIAN_POINT('',(4.26345634208138,-11.4544862401767,-0.249999999999996));
#11138=CARTESIAN_POINT('Origin',(4.33145634208138,-11.4544862401767,-0.249999999999996));
#11139=CARTESIAN_POINT('',(4.51345634208138,-10.7044862401767,-0.249999999999996));
#11140=CARTESIAN_POINT('Origin',(4.58145634208138,-10.7044862401767,-0.249999999999996));
#11141=CARTESIAN_POINT('',(4.26345634208138,-10.9544862401767,-0.249999999999996));
#11142=CARTESIAN_POINT('Origin',(4.33145634208138,-10.9544862401767,-0.249999999999996));
#11143=CARTESIAN_POINT('',(4.51345634208138,-10.2044862401767,-0.249999999999996));
#11144=CARTESIAN_POINT('Origin',(4.58145634208138,-10.2044862401767,-0.249999999999996));
#11145=CARTESIAN_POINT('',(4.26345634208138,-10.4544862401767,-0.249999999999996));
#11146=CARTESIAN_POINT('Origin',(4.33145634208138,-10.4544862401767,-0.249999999999996));
#11147=CARTESIAN_POINT('',(4.51345634208138,-9.7044862401767,-0.249999999999996));
#11148=CARTESIAN_POINT('Origin',(4.58145634208138,-9.7044862401767,-0.249999999999996));
#11149=CARTESIAN_POINT('',(4.26345634208138,-9.9544862401767,-0.249999999999996));
#11150=CARTESIAN_POINT('Origin',(4.33145634208138,-9.9544862401767,-0.249999999999996));
#11151=CARTESIAN_POINT('',(4.51345634208138,-9.2044862401767,-0.249999999999996));
#11152=CARTESIAN_POINT('Origin',(4.58145634208138,-9.2044862401767,-0.249999999999996));
#11153=CARTESIAN_POINT('',(4.26345634208138,-9.4544862401767,-0.249999999999996));
#11154=CARTESIAN_POINT('Origin',(4.33145634208138,-9.4544862401767,-0.249999999999996));
#11155=CARTESIAN_POINT('',(4.51345634208138,-8.7044862401767,-0.249999999999996));
#11156=CARTESIAN_POINT('Origin',(4.58145634208138,-8.7044862401767,-0.249999999999996));
#11157=CARTESIAN_POINT('',(4.26345634208138,-8.9544862401767,-0.249999999999996));
#11158=CARTESIAN_POINT('Origin',(4.33145634208138,-8.9544862401767,-0.249999999999996));
#11159=CARTESIAN_POINT('',(4.51345634208138,-8.2044862401767,-0.249999999999996));
#11160=CARTESIAN_POINT('Origin',(4.58145634208138,-8.2044862401767,-0.249999999999996));
#11161=CARTESIAN_POINT('',(4.26345634208138,-8.4544862401767,-0.249999999999996));
#11162=CARTESIAN_POINT('Origin',(4.33145634208138,-8.4544862401767,-0.249999999999996));
#11163=CARTESIAN_POINT('',(4.51345634208138,-7.7044862401767,-0.249999999999996));
#11164=CARTESIAN_POINT('Origin',(4.58145634208139,-7.7044862401767,-0.249999999999996));
#11165=CARTESIAN_POINT('',(4.26345634208138,-7.9544862401767,-0.249999999999996));
#11166=CARTESIAN_POINT('Origin',(4.33145634208138,-7.9544862401767,-0.249999999999996));
#11167=CARTESIAN_POINT('',(4.51345634208138,-7.2044862401767,-0.249999999999996));
#11168=CARTESIAN_POINT('Origin',(4.58145634208139,-7.2044862401767,-0.249999999999996));
#11169=CARTESIAN_POINT('',(4.26345634208138,-7.4544862401767,-0.249999999999996));
#11170=CARTESIAN_POINT('Origin',(4.33145634208138,-7.4544862401767,-0.249999999999996));
#11171=CARTESIAN_POINT('',(4.51345634208138,-6.7044862401767,-0.249999999999996));
#11172=CARTESIAN_POINT('Origin',(4.58145634208139,-6.7044862401767,-0.249999999999996));
#11173=CARTESIAN_POINT('',(4.26345634208138,-6.9544862401767,-0.249999999999996));
#11174=CARTESIAN_POINT('Origin',(4.33145634208138,-6.9544862401767,-0.249999999999996));
#11175=CARTESIAN_POINT('',(4.51345634208138,-6.2044862401767,-0.249999999999996));
#11176=CARTESIAN_POINT('Origin',(4.58145634208139,-6.2044862401767,-0.249999999999996));
#11177=CARTESIAN_POINT('',(4.26345634208138,-6.4544862401767,-0.249999999999996));
#11178=CARTESIAN_POINT('Origin',(4.33145634208138,-6.4544862401767,-0.249999999999996));
#11179=CARTESIAN_POINT('',(4.51345634208138,-5.7044862401767,-0.249999999999996));
#11180=CARTESIAN_POINT('Origin',(4.58145634208139,-5.7044862401767,-0.249999999999996));
#11181=CARTESIAN_POINT('',(4.26345634208138,-5.95448624017671,-0.249999999999996));
#11182=CARTESIAN_POINT('Origin',(4.33145634208138,-5.95448624017671,-0.249999999999996));
#11183=CARTESIAN_POINT('',(4.51345634208138,-5.2044862401767,-0.249999999999996));
#11184=CARTESIAN_POINT('Origin',(4.58145634208139,-5.2044862401767,-0.249999999999996));
#11185=CARTESIAN_POINT('',(4.26345634208138,-5.45448624017671,-0.249999999999996));
#11186=CARTESIAN_POINT('Origin',(4.33145634208138,-5.45448624017671,-0.249999999999996));
#11187=CARTESIAN_POINT('',(4.51345634208138,-4.7044862401767,-0.249999999999996));
#11188=CARTESIAN_POINT('Origin',(4.58145634208139,-4.7044862401767,-0.249999999999996));
#11189=CARTESIAN_POINT('',(4.26345634208138,-4.95448624017671,-0.249999999999996));
#11190=CARTESIAN_POINT('Origin',(4.33145634208138,-4.95448624017671,-0.249999999999996));
#11191=CARTESIAN_POINT('',(4.51345634208138,-4.2044862401767,-0.249999999999996));
#11192=CARTESIAN_POINT('Origin',(4.58145634208139,-4.2044862401767,-0.249999999999996));
#11193=CARTESIAN_POINT('',(4.26345634208138,-4.45448624017671,-0.249999999999996));
#11194=CARTESIAN_POINT('Origin',(4.33145634208138,-4.45448624017671,-0.249999999999996));
#11195=CARTESIAN_POINT('',(4.51345634208138,-3.7044862401767,-0.249999999999996));
#11196=CARTESIAN_POINT('Origin',(4.58145634208139,-3.7044862401767,-0.249999999999996));
#11197=CARTESIAN_POINT('',(4.26345634208138,-3.95448624017671,-0.249999999999996));
#11198=CARTESIAN_POINT('Origin',(4.33145634208138,-3.95448624017671,-0.249999999999996));
#11199=CARTESIAN_POINT('',(4.51345634208138,-3.2044862401767,-0.249999999999996));
#11200=CARTESIAN_POINT('Origin',(4.58145634208139,-3.2044862401767,-0.249999999999996));
#11201=CARTESIAN_POINT('',(4.26345634208138,-3.45448624017671,-0.249999999999996));
#11202=CARTESIAN_POINT('Origin',(4.33145634208138,-3.45448624017671,-0.249999999999996));
#11203=CARTESIAN_POINT('',(4.51345634208138,-2.7044862401767,-0.249999999999996));
#11204=CARTESIAN_POINT('Origin',(4.58145634208139,-2.7044862401767,-0.249999999999996));
#11205=CARTESIAN_POINT('',(4.26345634208138,-2.95448624017671,-0.249999999999996));
#11206=CARTESIAN_POINT('Origin',(4.33145634208138,-2.95448624017671,-0.249999999999996));
#11207=CARTESIAN_POINT('',(4.51345634208138,-2.2044862401767,-0.249999999999996));
#11208=CARTESIAN_POINT('Origin',(4.58145634208139,-2.2044862401767,-0.249999999999996));
#11209=CARTESIAN_POINT('',(4.26345634208138,-2.45448624017671,-0.249999999999996));
#11210=CARTESIAN_POINT('Origin',(4.33145634208138,-2.45448624017671,-0.249999999999996));
#11211=CARTESIAN_POINT('',(4.51345634208138,-1.7044862401767,-0.249999999999996));
#11212=CARTESIAN_POINT('Origin',(4.58145634208139,-1.7044862401767,-0.249999999999996));
#11213=CARTESIAN_POINT('',(4.26345634208138,-1.95448624017671,-0.249999999999996));
#11214=CARTESIAN_POINT('Origin',(4.33145634208138,-1.95448624017671,-0.249999999999996));
#11215=CARTESIAN_POINT('',(4.51345634208139,-1.2044862401767,-0.249999999999996));
#11216=CARTESIAN_POINT('Origin',(4.58145634208139,-1.2044862401767,-0.249999999999996));
#11217=CARTESIAN_POINT('',(4.26345634208139,-1.45448624017671,-0.249999999999996));
#11218=CARTESIAN_POINT('Origin',(4.33145634208139,-1.45448624017671,-0.249999999999996));
#11219=CARTESIAN_POINT('',(4.51345634208139,-0.704486240176705,-0.249999999999996));
#11220=CARTESIAN_POINT('Origin',(4.58145634208139,-0.704486240176705,-0.249999999999996));
#11221=CARTESIAN_POINT('',(4.26345634208139,-0.954486240176707,-0.249999999999996));
#11222=CARTESIAN_POINT('Origin',(4.33145634208139,-0.954486240176707,-0.249999999999996));
#11223=CARTESIAN_POINT('',(4.51345634208139,-0.204486240176703,-0.249999999999996));
#11224=CARTESIAN_POINT('Origin',(4.58145634208139,-0.204486240176703,-0.249999999999996));
#11225=CARTESIAN_POINT('',(4.26345634208139,-0.454486240176705,-0.249999999999996));
#11226=CARTESIAN_POINT('Origin',(4.33145634208139,-0.454486240176705,-0.249999999999996));
#11227=CARTESIAN_POINT('',(4.51345634208139,0.295513759823295,-0.249999999999996));
#11228=CARTESIAN_POINT('Origin',(4.58145634208139,0.295513759823295,-0.249999999999996));
#11229=CARTESIAN_POINT('',(4.26345634208139,0.045513759823293,-0.249999999999996));
#11230=CARTESIAN_POINT('Origin',(4.33145634208139,0.045513759823293,-0.249999999999996));
#11231=CARTESIAN_POINT('',(4.51345634208139,0.795513759823296,-0.249999999999996));
#11232=CARTESIAN_POINT('Origin',(4.58145634208139,0.795513759823296,-0.249999999999996));
#11233=CARTESIAN_POINT('',(4.26345634208139,0.545513759823294,-0.249999999999996));
#11234=CARTESIAN_POINT('Origin',(4.33145634208139,0.545513759823294,-0.249999999999996));
#11235=CARTESIAN_POINT('',(4.51345634208139,1.29551375982329,-0.249999999999996));
#11236=CARTESIAN_POINT('Origin',(4.58145634208139,1.29551375982329,-0.249999999999996));
#11237=CARTESIAN_POINT('',(4.26345634208139,1.04551375982329,-0.249999999999996));
#11238=CARTESIAN_POINT('Origin',(4.33145634208139,1.04551375982329,-0.249999999999996));
#11239=CARTESIAN_POINT('',(4.51345634208139,1.7955137598233,-0.249999999999996));
#11240=CARTESIAN_POINT('Origin',(4.58145634208139,1.7955137598233,-0.249999999999996));
#11241=CARTESIAN_POINT('',(4.26345634208139,1.54551375982329,-0.249999999999996));
#11242=CARTESIAN_POINT('Origin',(4.33145634208139,1.54551375982329,-0.249999999999996));
#11243=CARTESIAN_POINT('',(4.51345634208139,2.29551375982329,-0.249999999999996));
#11244=CARTESIAN_POINT('Origin',(4.58145634208139,2.29551375982329,-0.249999999999996));
#11245=CARTESIAN_POINT('',(4.26345634208139,2.04551375982329,-0.249999999999996));
#11246=CARTESIAN_POINT('Origin',(4.33145634208139,2.04551375982329,-0.249999999999996));
#11247=CARTESIAN_POINT('',(4.51345634208139,2.7955137598233,-0.249999999999996));
#11248=CARTESIAN_POINT('Origin',(4.58145634208139,2.7955137598233,-0.249999999999996));
#11249=CARTESIAN_POINT('',(4.26345634208139,2.54551375982329,-0.249999999999996));
#11250=CARTESIAN_POINT('Origin',(4.33145634208139,2.54551375982329,-0.249999999999996));
#11251=CARTESIAN_POINT('',(4.51345634208139,3.2955137598233,-0.249999999999996));
#11252=CARTESIAN_POINT('Origin',(4.58145634208139,3.2955137598233,-0.249999999999996));
#11253=CARTESIAN_POINT('',(4.26345634208139,3.04551375982329,-0.249999999999996));
#11254=CARTESIAN_POINT('Origin',(4.33145634208139,3.04551375982329,-0.249999999999996));
#11255=CARTESIAN_POINT('',(4.26345634208139,3.54551375982329,-0.249999999999996));
#11256=CARTESIAN_POINT('Origin',(4.33145634208139,3.54551375982329,-0.249999999999996));
#11257=CARTESIAN_POINT('',(0.263456342081382,-10.9544862401767,-0.249999999999996));
#11258=CARTESIAN_POINT('Origin',(0.331456342081381,-10.9544862401767,-0.249999999999996));
#11259=CARTESIAN_POINT('',(0.513456342081381,-10.7044862401767,-0.249999999999996));
#11260=CARTESIAN_POINT('Origin',(0.581456342081383,-10.7044862401767,-0.249999999999996));
#11261=CARTESIAN_POINT('',(0.763456342081383,-10.9544862401767,-0.249999999999996));
#11262=CARTESIAN_POINT('Origin',(0.831456342081382,-10.9544862401767,-0.249999999999996));
#11263=CARTESIAN_POINT('',(0.263456342081382,-10.4544862401767,-0.249999999999996));
#11264=CARTESIAN_POINT('Origin',(0.331456342081381,-10.4544862401767,-0.249999999999996));
#11265=CARTESIAN_POINT('',(0.513456342081381,-10.2044862401767,-0.249999999999996));
#11266=CARTESIAN_POINT('Origin',(0.581456342081383,-10.2044862401767,-0.249999999999996));
#11267=CARTESIAN_POINT('',(0.763456342081383,-10.4544862401767,-0.249999999999996));
#11268=CARTESIAN_POINT('Origin',(0.831456342081382,-10.4544862401767,-0.249999999999996));
#11269=CARTESIAN_POINT('',(0.263456342081382,-9.9544862401767,-0.249999999999996));
#11270=CARTESIAN_POINT('Origin',(0.331456342081381,-9.9544862401767,-0.249999999999996));
#11271=CARTESIAN_POINT('',(0.513456342081381,-9.7044862401767,-0.249999999999996));
#11272=CARTESIAN_POINT('Origin',(0.581456342081383,-9.7044862401767,-0.249999999999996));
#11273=CARTESIAN_POINT('',(0.763456342081383,-9.9544862401767,-0.249999999999996));
#11274=CARTESIAN_POINT('Origin',(0.831456342081382,-9.9544862401767,-0.249999999999996));
#11275=CARTESIAN_POINT('',(0.263456342081382,-9.4544862401767,-0.249999999999996));
#11276=CARTESIAN_POINT('Origin',(0.331456342081384,-9.4544862401767,-0.249999999999996));
#11277=CARTESIAN_POINT('',(0.513456342081381,-9.2044862401767,-0.249999999999996));
#11278=CARTESIAN_POINT('Origin',(0.581456342081383,-9.2044862401767,-0.249999999999996));
#11279=CARTESIAN_POINT('',(0.763456342081383,-9.4544862401767,-0.249999999999996));
#11280=CARTESIAN_POINT('Origin',(0.831456342081382,-9.4544862401767,-0.249999999999996));
#11281=CARTESIAN_POINT('',(0.263456342081382,-8.9544862401767,-0.249999999999996));
#11282=CARTESIAN_POINT('Origin',(0.331456342081384,-8.9544862401767,-0.249999999999996));
#11283=CARTESIAN_POINT('',(0.513456342081384,-8.7044862401767,-0.249999999999996));
#11284=CARTESIAN_POINT('Origin',(0.581456342081383,-8.7044862401767,-0.249999999999996));
#11285=CARTESIAN_POINT('',(0.763456342081383,-8.9544862401767,-0.249999999999996));
#11286=CARTESIAN_POINT('Origin',(0.831456342081382,-8.9544862401767,-0.249999999999996));
#11287=CARTESIAN_POINT('',(0.263456342081382,-8.4544862401767,-0.249999999999996));
#11288=CARTESIAN_POINT('Origin',(0.331456342081384,-8.4544862401767,-0.249999999999996));
#11289=CARTESIAN_POINT('',(0.513456342081384,-8.2044862401767,-0.249999999999996));
#11290=CARTESIAN_POINT('Origin',(0.581456342081383,-8.2044862401767,-0.249999999999996));
#11291=CARTESIAN_POINT('',(0.763456342081383,-8.4544862401767,-0.249999999999996));
#11292=CARTESIAN_POINT('Origin',(0.831456342081382,-8.4544862401767,-0.249999999999996));
#11293=CARTESIAN_POINT('',(0.263456342081384,-7.9544862401767,-0.249999999999996));
#11294=CARTESIAN_POINT('Origin',(0.331456342081384,-7.9544862401767,-0.249999999999996));
#11295=CARTESIAN_POINT('',(0.513456342081384,-7.7044862401767,-0.249999999999996));
#11296=CARTESIAN_POINT('Origin',(0.581456342081383,-7.7044862401767,-0.249999999999996));
#11297=CARTESIAN_POINT('',(0.763456342081383,-7.9544862401767,-0.249999999999996));
#11298=CARTESIAN_POINT('Origin',(0.831456342081382,-7.9544862401767,-0.249999999999996));
#11299=CARTESIAN_POINT('',(0.263456342081384,-7.4544862401767,-0.249999999999996));
#11300=CARTESIAN_POINT('Origin',(0.331456342081384,-7.4544862401767,-0.249999999999996));
#11301=CARTESIAN_POINT('',(0.513456342081384,-7.2044862401767,-0.249999999999996));
#11302=CARTESIAN_POINT('Origin',(0.581456342081383,-7.2044862401767,-0.249999999999996));
#11303=CARTESIAN_POINT('',(0.763456342081383,-7.4544862401767,-0.249999999999996));
#11304=CARTESIAN_POINT('Origin',(0.831456342081382,-7.4544862401767,-0.249999999999996));
#11305=CARTESIAN_POINT('',(0.263456342081384,-6.9544862401767,-0.249999999999996));
#11306=CARTESIAN_POINT('Origin',(0.331456342081384,-6.9544862401767,-0.249999999999996));
#11307=CARTESIAN_POINT('',(0.513456342081384,-6.7044862401767,-0.249999999999996));
#11308=CARTESIAN_POINT('Origin',(0.581456342081383,-6.7044862401767,-0.249999999999996));
#11309=CARTESIAN_POINT('',(0.763456342081383,-6.9544862401767,-0.249999999999996));
#11310=CARTESIAN_POINT('Origin',(0.831456342081382,-6.9544862401767,-0.249999999999996));
#11311=CARTESIAN_POINT('',(0.263456342081384,-6.4544862401767,-0.249999999999996));
#11312=CARTESIAN_POINT('Origin',(0.331456342081384,-6.4544862401767,-0.249999999999996));
#11313=CARTESIAN_POINT('',(0.513456342081384,-6.2044862401767,-0.249999999999996));
#11314=CARTESIAN_POINT('Origin',(0.581456342081383,-6.2044862401767,-0.249999999999996));
#11315=CARTESIAN_POINT('',(0.763456342081383,-6.4544862401767,-0.249999999999996));
#11316=CARTESIAN_POINT('Origin',(0.831456342081382,-6.4544862401767,-0.249999999999996));
#11317=CARTESIAN_POINT('',(0.263456342081384,-5.9544862401767,-0.249999999999996));
#11318=CARTESIAN_POINT('Origin',(0.331456342081384,-5.9544862401767,-0.249999999999996));
#11319=CARTESIAN_POINT('',(0.513456342081384,-5.7044862401767,-0.249999999999996));
#11320=CARTESIAN_POINT('Origin',(0.581456342081383,-5.7044862401767,-0.249999999999996));
#11321=CARTESIAN_POINT('',(0.763456342081383,-5.9544862401767,-0.249999999999996));
#11322=CARTESIAN_POINT('Origin',(0.831456342081382,-5.9544862401767,-0.249999999999996));
#11323=CARTESIAN_POINT('',(0.263456342081384,-5.4544862401767,-0.249999999999996));
#11324=CARTESIAN_POINT('Origin',(0.331456342081384,-5.4544862401767,-0.249999999999996));
#11325=CARTESIAN_POINT('',(0.513456342081384,-5.2044862401767,-0.249999999999996));
#11326=CARTESIAN_POINT('Origin',(0.581456342081383,-5.2044862401767,-0.249999999999996));
#11327=CARTESIAN_POINT('',(0.763456342081383,-5.4544862401767,-0.249999999999996));
#11328=CARTESIAN_POINT('Origin',(0.831456342081382,-5.4544862401767,-0.249999999999996));
#11329=CARTESIAN_POINT('',(0.263456342081384,-4.9544862401767,-0.249999999999996));
#11330=CARTESIAN_POINT('Origin',(0.331456342081384,-4.9544862401767,-0.249999999999996));
#11331=CARTESIAN_POINT('',(0.513456342081384,-4.7044862401767,-0.249999999999996));
#11332=CARTESIAN_POINT('Origin',(0.581456342081383,-4.7044862401767,-0.249999999999996));
#11333=CARTESIAN_POINT('',(0.763456342081383,-4.9544862401767,-0.249999999999996));
#11334=CARTESIAN_POINT('Origin',(0.831456342081382,-4.9544862401767,-0.249999999999996));
#11335=CARTESIAN_POINT('',(0.263456342081387,-4.4544862401767,-0.249999999999996));
#11336=CARTESIAN_POINT('Origin',(0.331456342081386,-4.4544862401767,-0.249999999999996));
#11337=CARTESIAN_POINT('',(0.513456342081386,-4.2044862401767,-0.249999999999996));
#11338=CARTESIAN_POINT('Origin',(0.581456342081386,-4.2044862401767,-0.249999999999996));
#11339=CARTESIAN_POINT('',(0.763456342081386,-4.4544862401767,-0.249999999999996));
#11340=CARTESIAN_POINT('Origin',(0.831456342081385,-4.4544862401767,-0.249999999999996));
#11341=CARTESIAN_POINT('',(0.263456342081387,-3.9544862401767,-0.249999999999996));
#11342=CARTESIAN_POINT('Origin',(0.331456342081386,-3.9544862401767,-0.249999999999996));
#11343=CARTESIAN_POINT('',(0.513456342081386,-3.7044862401767,-0.249999999999996));
#11344=CARTESIAN_POINT('Origin',(0.581456342081386,-3.7044862401767,-0.249999999999996));
#11345=CARTESIAN_POINT('',(0.763456342081386,-3.9544862401767,-0.249999999999996));
#11346=CARTESIAN_POINT('Origin',(0.831456342081385,-3.9544862401767,-0.249999999999996));
#11347=CARTESIAN_POINT('',(0.263456342081387,-3.4544862401767,-0.249999999999996));
#11348=CARTESIAN_POINT('Origin',(0.331456342081386,-3.4544862401767,-0.249999999999996));
#11349=CARTESIAN_POINT('',(0.513456342081386,-3.2044862401767,-0.249999999999996));
#11350=CARTESIAN_POINT('Origin',(0.581456342081386,-3.2044862401767,-0.249999999999996));
#11351=CARTESIAN_POINT('',(0.763456342081386,-3.4544862401767,-0.249999999999996));
#11352=CARTESIAN_POINT('Origin',(0.831456342081385,-3.4544862401767,-0.249999999999996));
#11353=CARTESIAN_POINT('',(0.263456342081387,-2.9544862401767,-0.249999999999996));
#11354=CARTESIAN_POINT('Origin',(0.331456342081386,-2.9544862401767,-0.249999999999996));
#11355=CARTESIAN_POINT('',(0.513456342081386,-2.7044862401767,-0.249999999999996));
#11356=CARTESIAN_POINT('Origin',(0.581456342081386,-2.7044862401767,-0.249999999999996));
#11357=CARTESIAN_POINT('',(0.763456342081386,-2.9544862401767,-0.249999999999996));
#11358=CARTESIAN_POINT('Origin',(0.831456342081385,-2.9544862401767,-0.249999999999996));
#11359=CARTESIAN_POINT('',(0.263456342081387,-2.4544862401767,-0.249999999999996));
#11360=CARTESIAN_POINT('Origin',(0.331456342081386,-2.4544862401767,-0.249999999999996));
#11361=CARTESIAN_POINT('',(0.513456342081386,-2.2044862401767,-0.249999999999996));
#11362=CARTESIAN_POINT('Origin',(0.581456342081386,-2.2044862401767,-0.249999999999996));
#11363=CARTESIAN_POINT('',(0.763456342081388,-2.4544862401767,-0.249999999999996));
#11364=CARTESIAN_POINT('Origin',(0.831456342081388,-2.4544862401767,-0.249999999999996));
#11365=CARTESIAN_POINT('',(0.263456342081387,-1.9544862401767,-0.249999999999996));
#11366=CARTESIAN_POINT('Origin',(0.331456342081386,-1.9544862401767,-0.249999999999996));
#11367=CARTESIAN_POINT('',(0.513456342081386,-1.7044862401767,-0.249999999999996));
#11368=CARTESIAN_POINT('Origin',(0.581456342081386,-1.7044862401767,-0.249999999999996));
#11369=CARTESIAN_POINT('',(0.763456342081388,-1.9544862401767,-0.249999999999996));
#11370=CARTESIAN_POINT('Origin',(0.831456342081388,-1.9544862401767,-0.249999999999996));
#11371=CARTESIAN_POINT('',(0.263456342081387,-1.4544862401767,-0.249999999999996));
#11372=CARTESIAN_POINT('Origin',(0.331456342081386,-1.4544862401767,-0.249999999999996));
#11373=CARTESIAN_POINT('',(0.513456342081386,-1.2044862401767,-0.249999999999996));
#11374=CARTESIAN_POINT('Origin',(0.581456342081386,-1.2044862401767,-0.249999999999996));
#11375=CARTESIAN_POINT('',(0.763456342081388,-1.4544862401767,-0.249999999999996));
#11376=CARTESIAN_POINT('Origin',(0.831456342081388,-1.4544862401767,-0.249999999999996));
#11377=CARTESIAN_POINT('',(0.263456342081387,-0.954486240176704,-0.249999999999996));
#11378=CARTESIAN_POINT('Origin',(0.331456342081386,-0.954486240176704,-0.249999999999996));
#11379=CARTESIAN_POINT('',(0.513456342081386,-0.704486240176702,-0.249999999999996));
#11380=CARTESIAN_POINT('Origin',(0.581456342081386,-0.704486240176702,-0.249999999999996));
#11381=CARTESIAN_POINT('',(0.763456342081388,-0.954486240176704,-0.249999999999996));
#11382=CARTESIAN_POINT('Origin',(0.831456342081388,-0.954486240176704,-0.249999999999996));
#11383=CARTESIAN_POINT('',(0.263456342081387,-0.454486240176703,-0.249999999999996));
#11384=CARTESIAN_POINT('Origin',(0.331456342081386,-0.454486240176703,-0.249999999999996));
#11385=CARTESIAN_POINT('',(0.513456342081386,-0.204486240176701,-0.249999999999996));
#11386=CARTESIAN_POINT('Origin',(0.581456342081388,-0.204486240176701,-0.249999999999996));
#11387=CARTESIAN_POINT('',(0.763456342081388,-0.454486240176703,-0.249999999999996));
#11388=CARTESIAN_POINT('Origin',(0.831456342081388,-0.454486240176703,-0.249999999999996));
#11389=CARTESIAN_POINT('',(0.263456342081387,0.0455137598232968,-0.249999999999996));
#11390=CARTESIAN_POINT('Origin',(0.331456342081386,0.0455137598232968,-0.249999999999996));
#11391=CARTESIAN_POINT('',(0.513456342081386,0.295513759823299,-0.249999999999996));
#11392=CARTESIAN_POINT('Origin',(0.581456342081388,0.295513759823299,-0.249999999999996));
#11393=CARTESIAN_POINT('',(0.763456342081388,0.0455137598232965,-0.249999999999996));
#11394=CARTESIAN_POINT('Origin',(0.831456342081388,0.0455137598232965,-0.249999999999996));
#11395=CARTESIAN_POINT('',(0.263456342081387,0.545513759823297,-0.249999999999996));
#11396=CARTESIAN_POINT('Origin',(0.331456342081386,0.545513759823296,-0.249999999999996));
#11397=CARTESIAN_POINT('',(0.513456342081386,0.795513759823298,-0.249999999999996));
#11398=CARTESIAN_POINT('Origin',(0.581456342081388,0.795513759823298,-0.249999999999996));
#11399=CARTESIAN_POINT('',(0.763456342081388,0.545513759823296,-0.249999999999996));
#11400=CARTESIAN_POINT('Origin',(0.831456342081388,0.545513759823296,-0.249999999999996));
#11401=CARTESIAN_POINT('',(0.263456342081387,1.0455137598233,-0.249999999999996));
#11402=CARTESIAN_POINT('Origin',(0.331456342081386,1.0455137598233,-0.249999999999996));
#11403=CARTESIAN_POINT('',(0.513456342081386,1.2955137598233,-0.249999999999996));
#11404=CARTESIAN_POINT('Origin',(0.581456342081388,1.2955137598233,-0.249999999999996));
#11405=CARTESIAN_POINT('',(0.763456342081388,1.0455137598233,-0.249999999999996));
#11406=CARTESIAN_POINT('Origin',(0.831456342081388,1.0455137598233,-0.249999999999996));
#11407=CARTESIAN_POINT('',(0.263456342081387,1.5455137598233,-0.249999999999996));
#11408=CARTESIAN_POINT('Origin',(0.331456342081386,1.5455137598233,-0.249999999999996));
#11409=CARTESIAN_POINT('',(0.513456342081386,1.7955137598233,-0.249999999999996));
#11410=CARTESIAN_POINT('Origin',(0.581456342081388,1.7955137598233,-0.249999999999996));
#11411=CARTESIAN_POINT('',(0.763456342081388,1.5455137598233,-0.249999999999996));
#11412=CARTESIAN_POINT('Origin',(0.831456342081388,1.5455137598233,-0.249999999999996));
#11413=CARTESIAN_POINT('',(0.263456342081387,2.0455137598233,-0.249999999999996));
#11414=CARTESIAN_POINT('Origin',(0.331456342081386,2.0455137598233,-0.249999999999996));
#11415=CARTESIAN_POINT('',(0.513456342081386,2.2955137598233,-0.249999999999996));
#11416=CARTESIAN_POINT('Origin',(0.581456342081388,2.2955137598233,-0.249999999999996));
#11417=CARTESIAN_POINT('',(0.763456342081388,2.0455137598233,-0.249999999999996));
#11418=CARTESIAN_POINT('Origin',(0.831456342081388,2.0455137598233,-0.249999999999996));
#11419=CARTESIAN_POINT('',(0.263456342081387,2.5455137598233,-0.249999999999996));
#11420=CARTESIAN_POINT('Origin',(0.331456342081386,2.5455137598233,-0.249999999999996));
#11421=CARTESIAN_POINT('',(0.513456342081389,2.7955137598233,-0.249999999999996));
#11422=CARTESIAN_POINT('Origin',(0.581456342081388,2.7955137598233,-0.249999999999996));
#11423=CARTESIAN_POINT('',(0.763456342081388,2.5455137598233,-0.249999999999996));
#11424=CARTESIAN_POINT('Origin',(0.831456342081388,2.5455137598233,-0.249999999999996));
#11425=CARTESIAN_POINT('',(0.263456342081387,3.0455137598233,-0.249999999999996));
#11426=CARTESIAN_POINT('Origin',(0.331456342081386,3.0455137598233,-0.249999999999996));
#11427=CARTESIAN_POINT('',(0.513456342081389,3.2955137598233,-0.249999999999996));
#11428=CARTESIAN_POINT('Origin',(0.581456342081388,3.2955137598233,-0.249999999999996));
#11429=CARTESIAN_POINT('',(0.763456342081388,3.0455137598233,-0.249999999999996));
#11430=CARTESIAN_POINT('Origin',(0.831456342081388,3.0455137598233,-0.249999999999996));
#11431=CARTESIAN_POINT('',(0.263456342081387,3.5455137598233,-0.249999999999996));
#11432=CARTESIAN_POINT('Origin',(0.331456342081389,3.5455137598233,-0.249999999999996));
#11433=CARTESIAN_POINT('',(0.513456342081389,3.7955137598233,-0.249999999999996));
#11434=CARTESIAN_POINT('Origin',(0.581456342081388,3.7955137598233,-0.249999999999996));
#11435=CARTESIAN_POINT('',(0.763456342081388,3.5455137598233,-0.249999999999996));
#11436=CARTESIAN_POINT('Origin',(0.831456342081388,3.5455137598233,-0.249999999999996));
#11437=CARTESIAN_POINT('',(0.263456342081387,4.0455137598233,-0.249999999999996));
#11438=CARTESIAN_POINT('Origin',(0.331456342081389,4.0455137598233,-0.249999999999996));
#11439=CARTESIAN_POINT('',(0.513456342081389,4.2955137598233,-0.249999999999996));
#11440=CARTESIAN_POINT('Origin',(0.581456342081388,4.2955137598233,-0.249999999999996));
#11441=CARTESIAN_POINT('',(0.763456342081388,4.0455137598233,-0.249999999999996));
#11442=CARTESIAN_POINT('Origin',(0.831456342081388,4.0455137598233,-0.249999999999996));
#11443=CARTESIAN_POINT('',(0.263456342081387,4.54551375982329,-0.249999999999996));
#11444=CARTESIAN_POINT('Origin',(0.331456342081389,4.54551375982329,-0.249999999999996));
#11445=CARTESIAN_POINT('',(0.513456342081389,4.7955137598233,-0.249999999999996));
#11446=CARTESIAN_POINT('Origin',(0.581456342081388,4.7955137598233,-0.249999999999996));
#11447=CARTESIAN_POINT('',(0.763456342081388,4.54551375982329,-0.249999999999996));
#11448=CARTESIAN_POINT('Origin',(0.831456342081388,4.54551375982329,-0.249999999999996));
#11449=CARTESIAN_POINT('',(0.263456342081387,5.0455137598233,-0.249999999999996));
#11450=CARTESIAN_POINT('Origin',(0.331456342081389,5.0455137598233,-0.249999999999996));
#11451=CARTESIAN_POINT('',(0.513456342081389,5.2955137598233,-0.249999999999996));
#11452=CARTESIAN_POINT('Origin',(0.581456342081388,5.2955137598233,-0.249999999999996));
#11453=CARTESIAN_POINT('',(0.763456342081388,5.0455137598233,-0.249999999999996));
#11454=CARTESIAN_POINT('Origin',(0.831456342081388,5.0455137598233,-0.249999999999996));
#11455=CARTESIAN_POINT('',(0.26345634208139,5.5455137598233,-0.249999999999996));
#11456=CARTESIAN_POINT('Origin',(0.331456342081389,5.5455137598233,-0.249999999999996));
#11457=CARTESIAN_POINT('',(0.513456342081389,5.7955137598233,-0.249999999999996));
#11458=CARTESIAN_POINT('Origin',(0.581456342081388,5.7955137598233,-0.249999999999996));
#11459=CARTESIAN_POINT('',(0.763456342081388,5.5455137598233,-0.249999999999996));
#11460=CARTESIAN_POINT('Origin',(0.831456342081388,5.5455137598233,-0.249999999999996));
#11461=CARTESIAN_POINT('',(0.763456342081388,6.0455137598233,-0.249999999999996));
#11462=CARTESIAN_POINT('Origin',(0.831456342081388,6.0455137598233,-0.249999999999996));
#11463=CARTESIAN_POINT('',(0.263456342081387,6.0455137598233,-0.249999999999996));
#11464=CARTESIAN_POINT('Origin',(0.331456342081389,6.0455137598233,-0.249999999999996));
#11465=CARTESIAN_POINT('Origin',(4.13069513326604,-13.5684862401767,-0.249999999999996));
#11466=CARTESIAN_POINT('',(4.13069513326604,-13.7044862401767,-0.249999999999996));
#11467=CARTESIAN_POINT('Origin',(4.94545634208138,-13.5684862401767,-0.249999999999996));
#11468=CARTESIAN_POINT('',(4.94545634208138,-13.7044862401767,-0.249999999999996));
#11469=CARTESIAN_POINT('',(5.08145634208138,-13.5684862401767,-0.249999999999996));
#11470=CARTESIAN_POINT('Origin',(2.58145634208139,-3.70448624017671,-0.124999999999993));
#11471=CARTESIAN_POINT('Origin',(5.08145634208138,-13.7044862401767,-0.249999999999996));
#11472=CARTESIAN_POINT('Origin',(1.03221755089672,-11.3404862401767,-0.249999999999996));
#11473=CARTESIAN_POINT('',(1.03221755089672,-11.2044862401767,-0.249999999999996));
#11474=CARTESIAN_POINT('Origin',(1.08145634208138,-11.2044862401767,-0.249999999999996));
#11475=CARTESIAN_POINT('',(0.217456342081383,-11.2044862401767,-0.249999999999996));
#11476=CARTESIAN_POINT('Origin',(0.217456342081383,-11.0684862401767,-0.249999999999996));
#11477=CARTESIAN_POINT('',(0.0814563420813816,-11.0684862401767,-0.249999999999996));
#11478=CARTESIAN_POINT('Origin',(0.217456342081389,6.1595137598233,-0.249999999999996));
#11479=CARTESIAN_POINT('',(0.217456342081389,6.2955137598233,-0.249999999999996));
#11480=CARTESIAN_POINT('',(0.08145634208139,6.1595137598233,-0.249999999999996));
#11481=CARTESIAN_POINT('Origin',(0.08145634208139,6.2955137598233,-0.249999999999996));
#11482=CARTESIAN_POINT('',(1.03221755089673,6.2955137598233,-0.249999999999996));
#11483=CARTESIAN_POINT('Origin',(1.03221755089673,6.1595137598233,-0.249999999999996));
#11484=CARTESIAN_POINT('',(1.1192826292511,6.26399185384854,-0.249999999999996));
#11485=CARTESIAN_POINT('Origin',(4.94545634208139,3.6595137598233,-0.249999999999996));
#11486=CARTESIAN_POINT('',(5.08145634208139,3.6595137598233,-0.249999999999996));
#11487=CARTESIAN_POINT('',(4.94545634208139,3.7955137598233,-0.249999999999996));
#11488=CARTESIAN_POINT('Origin',(5.08145634208139,3.7955137598233,-0.249999999999996));
#11489=CARTESIAN_POINT('Origin',(4.13069513326605,3.9315137598233,-0.249999999999996));
#11490=CARTESIAN_POINT('',(4.04363005491168,3.82703566579805,-0.249999999999996));
#11491=CARTESIAN_POINT('',(4.13069513326605,3.7955137598233,-0.249999999999996));
#11492=CARTESIAN_POINT('Origin',(4.08145634208139,3.7955137598233,-0.249999999999996));
#11493=CARTESIAN_POINT('Origin',(0.331456342081389,6.0455137598233,-0.124999999999993));
#11494=CARTESIAN_POINT('',(0.263456342081389,6.0455137598233,-0.124999999999993));
#11495=CARTESIAN_POINT('Origin',(0.831456342081388,6.0455137598233,-0.124999999999993));
#11496=CARTESIAN_POINT('',(0.763456342081388,6.0455137598233,-0.124999999999993));
#11497=CARTESIAN_POINT('Origin',(0.831456342081388,5.5455137598233,-0.124999999999993));
#11498=CARTESIAN_POINT('',(0.763456342081388,5.5455137598233,-0.124999999999993));
#11499=CARTESIAN_POINT('Origin',(0.581456342081388,5.7955137598233,-0.124999999999993));
#11500=CARTESIAN_POINT('',(0.513456342081388,5.7955137598233,-0.124999999999993));
#11501=CARTESIAN_POINT('Origin',(0.331456342081389,5.5455137598233,-0.124999999999993));
#11502=CARTESIAN_POINT('',(0.26345634208139,5.5455137598233,-0.124999999999993));
#11503=CARTESIAN_POINT('Origin',(0.831456342081388,5.0455137598233,-0.124999999999993));
#11504=CARTESIAN_POINT('',(0.763456342081388,5.0455137598233,-0.124999999999993));
#11505=CARTESIAN_POINT('Origin',(0.581456342081388,5.2955137598233,-0.124999999999993));
#11506=CARTESIAN_POINT('',(0.513456342081388,5.2955137598233,-0.124999999999993));
#11507=CARTESIAN_POINT('Origin',(0.331456342081389,5.0455137598233,-0.124999999999993));
#11508=CARTESIAN_POINT('',(0.26345634208139,5.0455137598233,-0.124999999999993));
#11509=CARTESIAN_POINT('Origin',(0.831456342081388,4.54551375982329,-0.124999999999993));
#11510=CARTESIAN_POINT('',(0.763456342081388,4.54551375982329,-0.124999999999993));
#11511=CARTESIAN_POINT('Origin',(0.581456342081388,4.7955137598233,-0.124999999999993));
#11512=CARTESIAN_POINT('',(0.513456342081388,4.7955137598233,-0.124999999999993));
#11513=CARTESIAN_POINT('Origin',(0.331456342081389,4.54551375982329,-0.124999999999993));
#11514=CARTESIAN_POINT('',(0.26345634208139,4.54551375982329,-0.124999999999993));
#11515=CARTESIAN_POINT('Origin',(0.831456342081388,4.0455137598233,-0.124999999999993));
#11516=CARTESIAN_POINT('',(0.763456342081388,4.0455137598233,-0.124999999999993));
#11517=CARTESIAN_POINT('Origin',(0.581456342081388,4.2955137598233,-0.124999999999993));
#11518=CARTESIAN_POINT('',(0.513456342081388,4.2955137598233,-0.124999999999993));
#11519=CARTESIAN_POINT('Origin',(0.331456342081389,4.0455137598233,-0.124999999999993));
#11520=CARTESIAN_POINT('',(0.26345634208139,4.0455137598233,-0.124999999999993));
#11521=CARTESIAN_POINT('Origin',(0.831456342081388,3.5455137598233,-0.124999999999993));
#11522=CARTESIAN_POINT('',(0.763456342081388,3.5455137598233,-0.124999999999993));
#11523=CARTESIAN_POINT('Origin',(0.581456342081388,3.7955137598233,-0.124999999999993));
#11524=CARTESIAN_POINT('',(0.513456342081388,3.7955137598233,-0.124999999999993));
#11525=CARTESIAN_POINT('Origin',(0.331456342081389,3.5455137598233,-0.124999999999993));
#11526=CARTESIAN_POINT('',(0.26345634208139,3.5455137598233,-0.124999999999993));
#11527=CARTESIAN_POINT('Origin',(0.831456342081388,3.0455137598233,-0.124999999999993));
#11528=CARTESIAN_POINT('',(0.763456342081388,3.0455137598233,-0.124999999999993));
#11529=CARTESIAN_POINT('Origin',(0.581456342081388,3.2955137598233,-0.124999999999993));
#11530=CARTESIAN_POINT('',(0.513456342081388,3.2955137598233,-0.124999999999993));
#11531=CARTESIAN_POINT('Origin',(0.331456342081386,3.0455137598233,-0.124999999999993));
#11532=CARTESIAN_POINT('',(0.263456342081387,3.0455137598233,-0.124999999999993));
#11533=CARTESIAN_POINT('Origin',(0.831456342081388,2.5455137598233,-0.124999999999993));
#11534=CARTESIAN_POINT('',(0.763456342081388,2.5455137598233,-0.124999999999993));
#11535=CARTESIAN_POINT('Origin',(0.581456342081388,2.7955137598233,-0.124999999999993));
#11536=CARTESIAN_POINT('',(0.513456342081388,2.7955137598233,-0.124999999999993));
#11537=CARTESIAN_POINT('Origin',(0.331456342081386,2.5455137598233,-0.124999999999993));
#11538=CARTESIAN_POINT('',(0.263456342081387,2.5455137598233,-0.124999999999993));
#11539=CARTESIAN_POINT('Origin',(0.831456342081388,2.0455137598233,-0.124999999999993));
#11540=CARTESIAN_POINT('',(0.763456342081388,2.0455137598233,-0.124999999999993));
#11541=CARTESIAN_POINT('Origin',(0.581456342081388,2.2955137598233,-0.124999999999993));
#11542=CARTESIAN_POINT('',(0.513456342081388,2.2955137598233,-0.124999999999993));
#11543=CARTESIAN_POINT('Origin',(0.331456342081386,2.0455137598233,-0.124999999999993));
#11544=CARTESIAN_POINT('',(0.263456342081387,2.0455137598233,-0.124999999999993));
#11545=CARTESIAN_POINT('Origin',(0.831456342081388,1.5455137598233,-0.124999999999993));
#11546=CARTESIAN_POINT('',(0.763456342081388,1.5455137598233,-0.124999999999993));
#11547=CARTESIAN_POINT('Origin',(0.581456342081388,1.7955137598233,-0.124999999999993));
#11548=CARTESIAN_POINT('',(0.513456342081388,1.7955137598233,-0.124999999999993));
#11549=CARTESIAN_POINT('Origin',(0.331456342081386,1.5455137598233,-0.124999999999993));
#11550=CARTESIAN_POINT('',(0.263456342081387,1.5455137598233,-0.124999999999993));
#11551=CARTESIAN_POINT('Origin',(0.831456342081388,1.0455137598233,-0.124999999999993));
#11552=CARTESIAN_POINT('',(0.763456342081388,1.0455137598233,-0.124999999999993));
#11553=CARTESIAN_POINT('Origin',(0.581456342081388,1.2955137598233,-0.124999999999993));
#11554=CARTESIAN_POINT('',(0.513456342081388,1.2955137598233,-0.124999999999993));
#11555=CARTESIAN_POINT('Origin',(0.331456342081386,1.0455137598233,-0.124999999999993));
#11556=CARTESIAN_POINT('',(0.263456342081387,1.0455137598233,-0.124999999999993));
#11557=CARTESIAN_POINT('Origin',(0.831456342081388,0.545513759823296,-0.124999999999993));
#11558=CARTESIAN_POINT('',(0.763456342081388,0.545513759823296,-0.124999999999993));
#11559=CARTESIAN_POINT('Origin',(0.581456342081388,0.795513759823298,-0.124999999999993));
#11560=CARTESIAN_POINT('',(0.513456342081388,0.795513759823298,-0.124999999999993));
#11561=CARTESIAN_POINT('Origin',(0.331456342081386,0.545513759823296,-0.124999999999993));
#11562=CARTESIAN_POINT('',(0.263456342081387,0.545513759823296,-0.124999999999993));
#11563=CARTESIAN_POINT('Origin',(0.831456342081388,0.0455137598232965,-0.124999999999993));
#11564=CARTESIAN_POINT('',(0.763456342081388,0.0455137598232965,-0.124999999999993));
#11565=CARTESIAN_POINT('Origin',(0.581456342081388,0.295513759823299,-0.124999999999993));
#11566=CARTESIAN_POINT('',(0.513456342081388,0.295513759823299,-0.124999999999993));
#11567=CARTESIAN_POINT('Origin',(0.331456342081386,0.0455137598232968,-0.124999999999993));
#11568=CARTESIAN_POINT('',(0.263456342081387,0.0455137598232969,-0.124999999999993));
#11569=CARTESIAN_POINT('Origin',(0.831456342081388,-0.454486240176703,-0.124999999999993));
#11570=CARTESIAN_POINT('',(0.763456342081388,-0.454486240176703,-0.124999999999993));
#11571=CARTESIAN_POINT('Origin',(0.581456342081388,-0.204486240176701,-0.124999999999993));
#11572=CARTESIAN_POINT('',(0.513456342081388,-0.204486240176701,-0.124999999999993));
#11573=CARTESIAN_POINT('Origin',(0.331456342081386,-0.454486240176703,-0.124999999999993));
#11574=CARTESIAN_POINT('',(0.263456342081387,-0.454486240176703,-0.124999999999993));
#11575=CARTESIAN_POINT('Origin',(0.831456342081388,-0.954486240176704,-0.124999999999993));
#11576=CARTESIAN_POINT('',(0.763456342081388,-0.954486240176704,-0.124999999999993));
#11577=CARTESIAN_POINT('Origin',(0.581456342081386,-0.704486240176702,-0.124999999999993));
#11578=CARTESIAN_POINT('',(0.513456342081385,-0.704486240176702,-0.124999999999993));
#11579=CARTESIAN_POINT('Origin',(0.331456342081386,-0.954486240176704,-0.124999999999993));
#11580=CARTESIAN_POINT('',(0.263456342081387,-0.954486240176704,-0.124999999999993));
#11581=CARTESIAN_POINT('Origin',(0.831456342081388,-1.4544862401767,-0.124999999999993));
#11582=CARTESIAN_POINT('',(0.763456342081388,-1.4544862401767,-0.124999999999993));
#11583=CARTESIAN_POINT('Origin',(0.581456342081386,-1.2044862401767,-0.124999999999993));
#11584=CARTESIAN_POINT('',(0.513456342081385,-1.2044862401767,-0.124999999999993));
#11585=CARTESIAN_POINT('Origin',(0.331456342081386,-1.4544862401767,-0.124999999999993));
#11586=CARTESIAN_POINT('',(0.263456342081387,-1.4544862401767,-0.124999999999993));
#11587=CARTESIAN_POINT('Origin',(0.831456342081388,-1.9544862401767,-0.124999999999993));
#11588=CARTESIAN_POINT('',(0.763456342081388,-1.9544862401767,-0.124999999999993));
#11589=CARTESIAN_POINT('Origin',(0.581456342081386,-1.7044862401767,-0.124999999999993));
#11590=CARTESIAN_POINT('',(0.513456342081385,-1.7044862401767,-0.124999999999993));
#11591=CARTESIAN_POINT('Origin',(0.331456342081386,-1.9544862401767,-0.124999999999993));
#11592=CARTESIAN_POINT('',(0.263456342081387,-1.9544862401767,-0.124999999999993));
#11593=CARTESIAN_POINT('Origin',(0.831456342081388,-2.4544862401767,-0.124999999999993));
#11594=CARTESIAN_POINT('',(0.763456342081388,-2.4544862401767,-0.124999999999993));
#11595=CARTESIAN_POINT('Origin',(0.581456342081386,-2.2044862401767,-0.124999999999993));
#11596=CARTESIAN_POINT('',(0.513456342081385,-2.2044862401767,-0.124999999999993));
#11597=CARTESIAN_POINT('Origin',(0.331456342081386,-2.4544862401767,-0.124999999999993));
#11598=CARTESIAN_POINT('',(0.263456342081387,-2.4544862401767,-0.124999999999993));
#11599=CARTESIAN_POINT('Origin',(0.831456342081385,-2.9544862401767,-0.124999999999993));
#11600=CARTESIAN_POINT('',(0.763456342081386,-2.9544862401767,-0.124999999999993));
#11601=CARTESIAN_POINT('Origin',(0.581456342081386,-2.7044862401767,-0.124999999999993));
#11602=CARTESIAN_POINT('',(0.513456342081385,-2.7044862401767,-0.124999999999993));
#11603=CARTESIAN_POINT('Origin',(0.331456342081386,-2.9544862401767,-0.124999999999993));
#11604=CARTESIAN_POINT('',(0.263456342081387,-2.9544862401767,-0.124999999999993));
#11605=CARTESIAN_POINT('Origin',(0.831456342081385,-3.4544862401767,-0.124999999999993));
#11606=CARTESIAN_POINT('',(0.763456342081386,-3.4544862401767,-0.124999999999993));
#11607=CARTESIAN_POINT('Origin',(0.581456342081386,-3.2044862401767,-0.124999999999993));
#11608=CARTESIAN_POINT('',(0.513456342081385,-3.2044862401767,-0.124999999999993));
#11609=CARTESIAN_POINT('Origin',(0.331456342081386,-3.4544862401767,-0.124999999999993));
#11610=CARTESIAN_POINT('',(0.263456342081387,-3.4544862401767,-0.124999999999993));
#11611=CARTESIAN_POINT('Origin',(0.831456342081385,-3.9544862401767,-0.124999999999993));
#11612=CARTESIAN_POINT('',(0.763456342081386,-3.9544862401767,-0.124999999999993));
#11613=CARTESIAN_POINT('Origin',(0.581456342081386,-3.7044862401767,-0.124999999999993));
#11614=CARTESIAN_POINT('',(0.513456342081385,-3.7044862401767,-0.124999999999993));
#11615=CARTESIAN_POINT('Origin',(0.331456342081386,-3.9544862401767,-0.124999999999993));
#11616=CARTESIAN_POINT('',(0.263456342081387,-3.9544862401767,-0.124999999999993));
#11617=CARTESIAN_POINT('Origin',(0.831456342081385,-4.4544862401767,-0.124999999999993));
#11618=CARTESIAN_POINT('',(0.763456342081386,-4.4544862401767,-0.124999999999993));
#11619=CARTESIAN_POINT('Origin',(0.581456342081386,-4.2044862401767,-0.124999999999993));
#11620=CARTESIAN_POINT('',(0.513456342081385,-4.2044862401767,-0.124999999999993));
#11621=CARTESIAN_POINT('Origin',(0.331456342081386,-4.4544862401767,-0.124999999999993));
#11622=CARTESIAN_POINT('',(0.263456342081387,-4.4544862401767,-0.124999999999993));
#11623=CARTESIAN_POINT('Origin',(0.831456342081382,-4.9544862401767,-0.124999999999993));
#11624=CARTESIAN_POINT('',(0.763456342081383,-4.9544862401767,-0.124999999999993));
#11625=CARTESIAN_POINT('Origin',(0.581456342081383,-4.7044862401767,-0.124999999999993));
#11626=CARTESIAN_POINT('',(0.513456342081383,-4.7044862401767,-0.124999999999993));
#11627=CARTESIAN_POINT('Origin',(0.331456342081384,-4.9544862401767,-0.124999999999993));
#11628=CARTESIAN_POINT('',(0.263456342081384,-4.9544862401767,-0.124999999999993));
#11629=CARTESIAN_POINT('Origin',(0.831456342081382,-5.4544862401767,-0.124999999999993));
#11630=CARTESIAN_POINT('',(0.763456342081383,-5.4544862401767,-0.124999999999993));
#11631=CARTESIAN_POINT('Origin',(0.581456342081383,-5.2044862401767,-0.124999999999993));
#11632=CARTESIAN_POINT('',(0.513456342081383,-5.2044862401767,-0.124999999999993));
#11633=CARTESIAN_POINT('Origin',(0.331456342081384,-5.4544862401767,-0.124999999999993));
#11634=CARTESIAN_POINT('',(0.263456342081384,-5.4544862401767,-0.124999999999993));
#11635=CARTESIAN_POINT('Origin',(0.831456342081382,-5.9544862401767,-0.124999999999993));
#11636=CARTESIAN_POINT('',(0.763456342081383,-5.9544862401767,-0.124999999999993));
#11637=CARTESIAN_POINT('Origin',(0.581456342081383,-5.7044862401767,-0.124999999999993));
#11638=CARTESIAN_POINT('',(0.513456342081383,-5.7044862401767,-0.124999999999993));
#11639=CARTESIAN_POINT('Origin',(0.331456342081384,-5.9544862401767,-0.124999999999993));
#11640=CARTESIAN_POINT('',(0.263456342081384,-5.9544862401767,-0.124999999999993));
#11641=CARTESIAN_POINT('Origin',(0.831456342081382,-6.4544862401767,-0.124999999999993));
#11642=CARTESIAN_POINT('',(0.763456342081383,-6.4544862401767,-0.124999999999993));
#11643=CARTESIAN_POINT('Origin',(0.581456342081383,-6.2044862401767,-0.124999999999993));
#11644=CARTESIAN_POINT('',(0.513456342081383,-6.2044862401767,-0.124999999999993));
#11645=CARTESIAN_POINT('Origin',(0.331456342081384,-6.4544862401767,-0.124999999999993));
#11646=CARTESIAN_POINT('',(0.263456342081384,-6.4544862401767,-0.124999999999993));
#11647=CARTESIAN_POINT('Origin',(0.831456342081382,-6.9544862401767,-0.124999999999993));
#11648=CARTESIAN_POINT('',(0.763456342081383,-6.9544862401767,-0.124999999999993));
#11649=CARTESIAN_POINT('Origin',(0.581456342081383,-6.7044862401767,-0.124999999999993));
#11650=CARTESIAN_POINT('',(0.513456342081383,-6.7044862401767,-0.124999999999993));
#11651=CARTESIAN_POINT('Origin',(0.331456342081384,-6.9544862401767,-0.124999999999993));
#11652=CARTESIAN_POINT('',(0.263456342081384,-6.9544862401767,-0.124999999999993));
#11653=CARTESIAN_POINT('Origin',(0.831456342081382,-7.4544862401767,-0.124999999999993));
#11654=CARTESIAN_POINT('',(0.763456342081383,-7.4544862401767,-0.124999999999993));
#11655=CARTESIAN_POINT('Origin',(0.581456342081383,-7.2044862401767,-0.124999999999993));
#11656=CARTESIAN_POINT('',(0.513456342081383,-7.2044862401767,-0.124999999999993));
#11657=CARTESIAN_POINT('Origin',(0.331456342081384,-7.4544862401767,-0.124999999999993));
#11658=CARTESIAN_POINT('',(0.263456342081384,-7.4544862401767,-0.124999999999993));
#11659=CARTESIAN_POINT('Origin',(0.831456342081382,-7.9544862401767,-0.124999999999993));
#11660=CARTESIAN_POINT('',(0.763456342081383,-7.9544862401767,-0.124999999999993));
#11661=CARTESIAN_POINT('Origin',(0.581456342081383,-7.7044862401767,-0.124999999999993));
#11662=CARTESIAN_POINT('',(0.513456342081383,-7.7044862401767,-0.124999999999993));
#11663=CARTESIAN_POINT('Origin',(0.331456342081384,-7.9544862401767,-0.124999999999993));
#11664=CARTESIAN_POINT('',(0.263456342081384,-7.9544862401767,-0.124999999999993));
#11665=CARTESIAN_POINT('Origin',(0.831456342081382,-8.4544862401767,-0.124999999999993));
#11666=CARTESIAN_POINT('',(0.763456342081383,-8.4544862401767,-0.124999999999993));
#11667=CARTESIAN_POINT('Origin',(0.581456342081383,-8.2044862401767,-0.124999999999993));
#11668=CARTESIAN_POINT('',(0.513456342081383,-8.2044862401767,-0.124999999999993));
#11669=CARTESIAN_POINT('Origin',(0.331456342081384,-8.4544862401767,-0.124999999999993));
#11670=CARTESIAN_POINT('',(0.263456342081384,-8.4544862401767,-0.124999999999993));
#11671=CARTESIAN_POINT('Origin',(0.831456342081382,-8.9544862401767,-0.124999999999993));
#11672=CARTESIAN_POINT('',(0.763456342081383,-8.9544862401767,-0.124999999999993));
#11673=CARTESIAN_POINT('Origin',(0.581456342081383,-8.7044862401767,-0.124999999999993));
#11674=CARTESIAN_POINT('',(0.513456342081383,-8.7044862401767,-0.124999999999993));
#11675=CARTESIAN_POINT('Origin',(0.331456342081384,-8.9544862401767,-0.124999999999993));
#11676=CARTESIAN_POINT('',(0.263456342081384,-8.9544862401767,-0.124999999999993));
#11677=CARTESIAN_POINT('Origin',(0.831456342081382,-9.4544862401767,-0.124999999999993));
#11678=CARTESIAN_POINT('',(0.763456342081383,-9.4544862401767,-0.124999999999993));
#11679=CARTESIAN_POINT('Origin',(0.581456342081383,-9.2044862401767,-0.124999999999993));
#11680=CARTESIAN_POINT('',(0.513456342081383,-9.2044862401767,-0.124999999999993));
#11681=CARTESIAN_POINT('Origin',(0.331456342081384,-9.4544862401767,-0.124999999999993));
#11682=CARTESIAN_POINT('',(0.263456342081384,-9.4544862401767,-0.124999999999993));
#11683=CARTESIAN_POINT('Origin',(0.831456342081382,-9.9544862401767,-0.124999999999993));
#11684=CARTESIAN_POINT('',(0.763456342081383,-9.9544862401767,-0.124999999999993));
#11685=CARTESIAN_POINT('Origin',(0.581456342081383,-9.7044862401767,-0.124999999999993));
#11686=CARTESIAN_POINT('',(0.513456342081383,-9.7044862401767,-0.124999999999993));
#11687=CARTESIAN_POINT('Origin',(0.331456342081381,-9.9544862401767,-0.124999999999993));
#11688=CARTESIAN_POINT('',(0.263456342081381,-9.9544862401767,-0.124999999999993));
#11689=CARTESIAN_POINT('Origin',(0.831456342081382,-10.4544862401767,-0.124999999999993));
#11690=CARTESIAN_POINT('',(0.763456342081383,-10.4544862401767,-0.124999999999993));
#11691=CARTESIAN_POINT('Origin',(0.581456342081383,-10.2044862401767,-0.124999999999993));
#11692=CARTESIAN_POINT('',(0.513456342081383,-10.2044862401767,-0.124999999999993));
#11693=CARTESIAN_POINT('Origin',(0.331456342081381,-10.4544862401767,-0.124999999999993));
#11694=CARTESIAN_POINT('',(0.263456342081381,-10.4544862401767,-0.124999999999993));
#11695=CARTESIAN_POINT('Origin',(0.831456342081382,-10.9544862401767,-0.124999999999993));
#11696=CARTESIAN_POINT('',(0.763456342081383,-10.9544862401767,-0.124999999999993));
#11697=CARTESIAN_POINT('Origin',(0.581456342081383,-10.7044862401767,-0.124999999999993));
#11698=CARTESIAN_POINT('',(0.513456342081383,-10.7044862401767,-0.124999999999993));
#11699=CARTESIAN_POINT('Origin',(0.331456342081381,-10.9544862401767,-0.124999999999993));
#11700=CARTESIAN_POINT('',(0.263456342081381,-10.9544862401767,-0.124999999999993));
#11701=CARTESIAN_POINT('Origin',(4.33145634208139,3.54551375982329,-0.124999999999993));
#11702=CARTESIAN_POINT('',(4.26345634208139,3.54551375982329,-0.124999999999993));
#11703=CARTESIAN_POINT('Origin',(4.33145634208139,3.04551375982329,-0.124999999999993));
#11704=CARTESIAN_POINT('',(4.26345634208139,3.04551375982329,-0.124999999999993));
#11705=CARTESIAN_POINT('Origin',(4.58145634208139,3.2955137598233,-0.124999999999993));
#11706=CARTESIAN_POINT('',(4.51345634208139,3.2955137598233,-0.124999999999993));
#11707=CARTESIAN_POINT('Origin',(4.33145634208139,2.54551375982329,-0.124999999999993));
#11708=CARTESIAN_POINT('',(4.26345634208139,2.54551375982329,-0.124999999999993));
#11709=CARTESIAN_POINT('Origin',(4.58145634208139,2.7955137598233,-0.124999999999993));
#11710=CARTESIAN_POINT('',(4.51345634208139,2.7955137598233,-0.124999999999993));
#11711=CARTESIAN_POINT('Origin',(4.33145634208139,2.04551375982329,-0.124999999999993));
#11712=CARTESIAN_POINT('',(4.26345634208139,2.04551375982329,-0.124999999999993));
#11713=CARTESIAN_POINT('Origin',(4.58145634208139,2.29551375982329,-0.124999999999993));
#11714=CARTESIAN_POINT('',(4.51345634208139,2.29551375982329,-0.124999999999993));
#11715=CARTESIAN_POINT('Origin',(4.33145634208139,1.54551375982329,-0.124999999999993));
#11716=CARTESIAN_POINT('',(4.26345634208139,1.54551375982329,-0.124999999999993));
#11717=CARTESIAN_POINT('Origin',(4.58145634208139,1.7955137598233,-0.124999999999993));
#11718=CARTESIAN_POINT('',(4.51345634208139,1.7955137598233,-0.124999999999993));
#11719=CARTESIAN_POINT('Origin',(4.33145634208139,1.04551375982329,-0.124999999999993));
#11720=CARTESIAN_POINT('',(4.26345634208139,1.04551375982329,-0.124999999999993));
#11721=CARTESIAN_POINT('Origin',(4.58145634208139,1.29551375982329,-0.124999999999993));
#11722=CARTESIAN_POINT('',(4.51345634208139,1.29551375982329,-0.124999999999993));
#11723=CARTESIAN_POINT('Origin',(4.33145634208139,0.545513759823294,-0.124999999999993));
#11724=CARTESIAN_POINT('',(4.26345634208139,0.545513759823294,-0.124999999999993));
#11725=CARTESIAN_POINT('Origin',(4.58145634208139,0.795513759823296,-0.124999999999993));
#11726=CARTESIAN_POINT('',(4.51345634208139,0.795513759823296,-0.124999999999993));
#11727=CARTESIAN_POINT('Origin',(4.33145634208139,0.045513759823293,-0.124999999999993));
#11728=CARTESIAN_POINT('',(4.26345634208139,0.045513759823293,-0.124999999999993));
#11729=CARTESIAN_POINT('Origin',(4.58145634208139,0.295513759823295,-0.124999999999993));
#11730=CARTESIAN_POINT('',(4.51345634208139,0.295513759823295,-0.124999999999993));
#11731=CARTESIAN_POINT('Origin',(4.33145634208139,-0.454486240176705,-0.124999999999993));
#11732=CARTESIAN_POINT('',(4.26345634208139,-0.454486240176705,-0.124999999999993));
#11733=CARTESIAN_POINT('Origin',(4.58145634208139,-0.204486240176703,-0.124999999999993));
#11734=CARTESIAN_POINT('',(4.51345634208139,-0.204486240176703,-0.124999999999993));
#11735=CARTESIAN_POINT('Origin',(4.33145634208139,-0.954486240176707,-0.124999999999993));
#11736=CARTESIAN_POINT('',(4.26345634208139,-0.954486240176707,-0.124999999999993));
#11737=CARTESIAN_POINT('Origin',(4.58145634208139,-0.704486240176705,-0.124999999999993));
#11738=CARTESIAN_POINT('',(4.51345634208139,-0.704486240176705,-0.124999999999993));
#11739=CARTESIAN_POINT('Origin',(4.33145634208139,-1.45448624017671,-0.124999999999993));
#11740=CARTESIAN_POINT('',(4.26345634208139,-1.45448624017671,-0.124999999999993));
#11741=CARTESIAN_POINT('Origin',(4.58145634208139,-1.2044862401767,-0.124999999999993));
#11742=CARTESIAN_POINT('',(4.51345634208139,-1.2044862401767,-0.124999999999993));
#11743=CARTESIAN_POINT('Origin',(4.33145634208138,-1.95448624017671,-0.124999999999993));
#11744=CARTESIAN_POINT('',(4.26345634208138,-1.95448624017671,-0.124999999999993));
#11745=CARTESIAN_POINT('Origin',(4.58145634208139,-1.7044862401767,-0.124999999999993));
#11746=CARTESIAN_POINT('',(4.51345634208138,-1.7044862401767,-0.124999999999993));
#11747=CARTESIAN_POINT('Origin',(4.33145634208138,-2.45448624017671,-0.124999999999993));
#11748=CARTESIAN_POINT('',(4.26345634208138,-2.45448624017671,-0.124999999999993));
#11749=CARTESIAN_POINT('Origin',(4.58145634208139,-2.2044862401767,-0.124999999999993));
#11750=CARTESIAN_POINT('',(4.51345634208138,-2.2044862401767,-0.124999999999993));
#11751=CARTESIAN_POINT('Origin',(4.33145634208138,-2.95448624017671,-0.124999999999993));
#11752=CARTESIAN_POINT('',(4.26345634208138,-2.95448624017671,-0.124999999999993));
#11753=CARTESIAN_POINT('Origin',(4.58145634208139,-2.7044862401767,-0.124999999999993));
#11754=CARTESIAN_POINT('',(4.51345634208138,-2.7044862401767,-0.124999999999993));
#11755=CARTESIAN_POINT('Origin',(4.33145634208138,-3.45448624017671,-0.124999999999993));
#11756=CARTESIAN_POINT('',(4.26345634208138,-3.45448624017671,-0.124999999999993));
#11757=CARTESIAN_POINT('Origin',(4.58145634208139,-3.2044862401767,-0.124999999999993));
#11758=CARTESIAN_POINT('',(4.51345634208138,-3.2044862401767,-0.124999999999993));
#11759=CARTESIAN_POINT('Origin',(4.33145634208138,-3.95448624017671,-0.124999999999993));
#11760=CARTESIAN_POINT('',(4.26345634208138,-3.95448624017671,-0.124999999999993));
#11761=CARTESIAN_POINT('Origin',(4.58145634208139,-3.7044862401767,-0.124999999999993));
#11762=CARTESIAN_POINT('',(4.51345634208138,-3.7044862401767,-0.124999999999993));
#11763=CARTESIAN_POINT('Origin',(4.33145634208138,-4.45448624017671,-0.124999999999993));
#11764=CARTESIAN_POINT('',(4.26345634208138,-4.45448624017671,-0.124999999999993));
#11765=CARTESIAN_POINT('Origin',(4.58145634208139,-4.2044862401767,-0.124999999999993));
#11766=CARTESIAN_POINT('',(4.51345634208138,-4.2044862401767,-0.124999999999993));
#11767=CARTESIAN_POINT('Origin',(4.33145634208138,-4.95448624017671,-0.124999999999993));
#11768=CARTESIAN_POINT('',(4.26345634208138,-4.95448624017671,-0.124999999999993));
#11769=CARTESIAN_POINT('Origin',(4.58145634208139,-4.7044862401767,-0.124999999999993));
#11770=CARTESIAN_POINT('',(4.51345634208138,-4.7044862401767,-0.124999999999993));
#11771=CARTESIAN_POINT('Origin',(4.33145634208138,-5.45448624017671,-0.124999999999993));
#11772=CARTESIAN_POINT('',(4.26345634208138,-5.45448624017671,-0.124999999999993));
#11773=CARTESIAN_POINT('Origin',(4.58145634208139,-5.2044862401767,-0.124999999999993));
#11774=CARTESIAN_POINT('',(4.51345634208138,-5.2044862401767,-0.124999999999993));
#11775=CARTESIAN_POINT('Origin',(4.33145634208138,-5.95448624017671,-0.124999999999993));
#11776=CARTESIAN_POINT('',(4.26345634208138,-5.95448624017671,-0.124999999999993));
#11777=CARTESIAN_POINT('Origin',(4.58145634208139,-5.7044862401767,-0.124999999999993));
#11778=CARTESIAN_POINT('',(4.51345634208138,-5.7044862401767,-0.124999999999993));
#11779=CARTESIAN_POINT('Origin',(4.33145634208138,-6.4544862401767,-0.124999999999993));
#11780=CARTESIAN_POINT('',(4.26345634208138,-6.4544862401767,-0.124999999999993));
#11781=CARTESIAN_POINT('Origin',(4.58145634208139,-6.2044862401767,-0.124999999999993));
#11782=CARTESIAN_POINT('',(4.51345634208138,-6.2044862401767,-0.124999999999993));
#11783=CARTESIAN_POINT('Origin',(4.33145634208138,-6.9544862401767,-0.124999999999993));
#11784=CARTESIAN_POINT('',(4.26345634208138,-6.9544862401767,-0.124999999999993));
#11785=CARTESIAN_POINT('Origin',(4.58145634208139,-6.7044862401767,-0.124999999999993));
#11786=CARTESIAN_POINT('',(4.51345634208138,-6.7044862401767,-0.124999999999993));
#11787=CARTESIAN_POINT('Origin',(4.33145634208138,-7.4544862401767,-0.124999999999993));
#11788=CARTESIAN_POINT('',(4.26345634208138,-7.4544862401767,-0.124999999999993));
#11789=CARTESIAN_POINT('Origin',(4.58145634208139,-7.2044862401767,-0.124999999999993));
#11790=CARTESIAN_POINT('',(4.51345634208138,-7.2044862401767,-0.124999999999993));
#11791=CARTESIAN_POINT('Origin',(4.33145634208138,-7.9544862401767,-0.124999999999993));
#11792=CARTESIAN_POINT('',(4.26345634208138,-7.9544862401767,-0.124999999999993));
#11793=CARTESIAN_POINT('Origin',(4.58145634208139,-7.7044862401767,-0.124999999999993));
#11794=CARTESIAN_POINT('',(4.51345634208138,-7.7044862401767,-0.124999999999993));
#11795=CARTESIAN_POINT('Origin',(4.33145634208138,-8.4544862401767,-0.124999999999993));
#11796=CARTESIAN_POINT('',(4.26345634208138,-8.4544862401767,-0.124999999999993));
#11797=CARTESIAN_POINT('Origin',(4.58145634208138,-8.2044862401767,-0.124999999999993));
#11798=CARTESIAN_POINT('',(4.51345634208138,-8.2044862401767,-0.124999999999993));
#11799=CARTESIAN_POINT('Origin',(4.33145634208138,-8.9544862401767,-0.124999999999993));
#11800=CARTESIAN_POINT('',(4.26345634208138,-8.9544862401767,-0.124999999999993));
#11801=CARTESIAN_POINT('Origin',(4.58145634208138,-8.7044862401767,-0.124999999999993));
#11802=CARTESIAN_POINT('',(4.51345634208138,-8.7044862401767,-0.124999999999993));
#11803=CARTESIAN_POINT('Origin',(4.33145634208138,-9.4544862401767,-0.124999999999993));
#11804=CARTESIAN_POINT('',(4.26345634208138,-9.4544862401767,-0.124999999999993));
#11805=CARTESIAN_POINT('Origin',(4.58145634208138,-9.2044862401767,-0.124999999999993));
#11806=CARTESIAN_POINT('',(4.51345634208138,-9.2044862401767,-0.124999999999993));
#11807=CARTESIAN_POINT('Origin',(4.33145634208138,-9.9544862401767,-0.124999999999993));
#11808=CARTESIAN_POINT('',(4.26345634208138,-9.9544862401767,-0.124999999999993));
#11809=CARTESIAN_POINT('Origin',(4.58145634208138,-9.7044862401767,-0.124999999999993));
#11810=CARTESIAN_POINT('',(4.51345634208138,-9.7044862401767,-0.124999999999993));
#11811=CARTESIAN_POINT('Origin',(4.33145634208138,-10.4544862401767,-0.124999999999993));
#11812=CARTESIAN_POINT('',(4.26345634208138,-10.4544862401767,-0.124999999999993));
#11813=CARTESIAN_POINT('Origin',(4.58145634208138,-10.2044862401767,-0.124999999999993));
#11814=CARTESIAN_POINT('',(4.51345634208138,-10.2044862401767,-0.124999999999993));
#11815=CARTESIAN_POINT('Origin',(4.33145634208138,-10.9544862401767,-0.124999999999993));
#11816=CARTESIAN_POINT('',(4.26345634208138,-10.9544862401767,-0.124999999999993));
#11817=CARTESIAN_POINT('Origin',(4.58145634208138,-10.7044862401767,-0.124999999999993));
#11818=CARTESIAN_POINT('',(4.51345634208138,-10.7044862401767,-0.124999999999993));
#11819=CARTESIAN_POINT('Origin',(4.33145634208138,-11.4544862401767,-0.124999999999993));
#11820=CARTESIAN_POINT('',(4.26345634208138,-11.4544862401767,-0.124999999999993));
#11821=CARTESIAN_POINT('Origin',(4.58145634208138,-11.2044862401767,-0.124999999999993));
#11822=CARTESIAN_POINT('',(4.51345634208138,-11.2044862401767,-0.124999999999993));
#11823=CARTESIAN_POINT('Origin',(4.33145634208138,-11.9544862401767,-0.124999999999993));
#11824=CARTESIAN_POINT('',(4.26345634208138,-11.9544862401767,-0.124999999999993));
#11825=CARTESIAN_POINT('Origin',(4.58145634208138,-11.7044862401767,-0.124999999999993));
#11826=CARTESIAN_POINT('',(4.51345634208138,-11.7044862401767,-0.124999999999993));
#11827=CARTESIAN_POINT('Origin',(4.33145634208138,-12.4544862401767,-0.124999999999993));
#11828=CARTESIAN_POINT('',(4.26345634208138,-12.4544862401767,-0.124999999999993));
#11829=CARTESIAN_POINT('Origin',(4.58145634208138,-12.2044862401767,-0.124999999999993));
#11830=CARTESIAN_POINT('',(4.51345634208138,-12.2044862401767,-0.124999999999993));
#11831=CARTESIAN_POINT('Origin',(4.33145634208138,-12.9544862401767,-0.124999999999993));
#11832=CARTESIAN_POINT('',(4.26345634208138,-12.9544862401767,-0.124999999999993));
#11833=CARTESIAN_POINT('Origin',(4.58145634208138,-12.7044862401767,-0.124999999999993));
#11834=CARTESIAN_POINT('',(4.51345634208138,-12.7044862401767,-0.124999999999993));
#11835=CARTESIAN_POINT('Origin',(4.33145634208138,-13.4544862401767,-0.124999999999993));
#11836=CARTESIAN_POINT('',(4.26345634208138,-13.4544862401767,-0.124999999999993));
#11837=CARTESIAN_POINT('Origin',(4.58145634208138,-13.2044862401767,-0.124999999999993));
#11838=CARTESIAN_POINT('',(4.51345634208138,-13.2044862401767,-0.124999999999993));
#11839=CARTESIAN_POINT('Origin',(4.83145634208139,3.54551375982329,-0.124999999999993));
#11840=CARTESIAN_POINT('',(4.76345634208139,3.54551375982329,-0.124999999999993));
#11841=CARTESIAN_POINT('Origin',(4.83145634208139,3.04551375982329,-0.124999999999993));
#11842=CARTESIAN_POINT('',(4.76345634208139,3.04551375982329,-0.124999999999993));
#11843=CARTESIAN_POINT('Origin',(4.83145634208139,2.54551375982329,-0.124999999999993));
#11844=CARTESIAN_POINT('',(4.76345634208139,2.54551375982329,-0.124999999999993));
#11845=CARTESIAN_POINT('Origin',(4.83145634208139,2.04551375982329,-0.124999999999993));
#11846=CARTESIAN_POINT('',(4.76345634208139,2.04551375982329,-0.124999999999993));
#11847=CARTESIAN_POINT('Origin',(4.83145634208139,1.54551375982329,-0.124999999999993));
#11848=CARTESIAN_POINT('',(4.76345634208139,1.54551375982329,-0.124999999999993));
#11849=CARTESIAN_POINT('Origin',(4.83145634208139,1.04551375982329,-0.124999999999993));
#11850=CARTESIAN_POINT('',(4.76345634208139,1.04551375982329,-0.124999999999993));
#11851=CARTESIAN_POINT('Origin',(4.83145634208139,0.545513759823294,-0.124999999999993));
#11852=CARTESIAN_POINT('',(4.76345634208139,0.545513759823294,-0.124999999999993));
#11853=CARTESIAN_POINT('Origin',(4.83145634208139,0.045513759823293,-0.124999999999993));
#11854=CARTESIAN_POINT('',(4.76345634208139,0.045513759823293,-0.124999999999993));
#11855=CARTESIAN_POINT('Origin',(4.83145634208139,-0.454486240176705,-0.124999999999993));
#11856=CARTESIAN_POINT('',(4.76345634208139,-0.454486240176705,-0.124999999999993));
#11857=CARTESIAN_POINT('Origin',(4.83145634208139,-0.954486240176707,-0.124999999999993));
#11858=CARTESIAN_POINT('',(4.76345634208139,-0.954486240176707,-0.124999999999993));
#11859=CARTESIAN_POINT('Origin',(4.83145634208139,-1.45448624017671,-0.124999999999993));
#11860=CARTESIAN_POINT('',(4.76345634208139,-1.45448624017671,-0.124999999999993));
#11861=CARTESIAN_POINT('Origin',(4.83145634208138,-1.95448624017671,-0.124999999999993));
#11862=CARTESIAN_POINT('',(4.76345634208139,-1.95448624017671,-0.124999999999993));
#11863=CARTESIAN_POINT('Origin',(4.83145634208138,-2.45448624017671,-0.124999999999993));
#11864=CARTESIAN_POINT('',(4.76345634208139,-2.45448624017671,-0.124999999999993));
#11865=CARTESIAN_POINT('Origin',(4.83145634208138,-2.95448624017671,-0.124999999999993));
#11866=CARTESIAN_POINT('',(4.76345634208139,-2.95448624017671,-0.124999999999993));
#11867=CARTESIAN_POINT('Origin',(4.83145634208138,-3.45448624017671,-0.124999999999993));
#11868=CARTESIAN_POINT('',(4.76345634208139,-3.45448624017671,-0.124999999999993));
#11869=CARTESIAN_POINT('Origin',(4.83145634208138,-3.95448624017671,-0.124999999999993));
#11870=CARTESIAN_POINT('',(4.76345634208139,-3.95448624017671,-0.124999999999993));
#11871=CARTESIAN_POINT('Origin',(4.83145634208138,-4.45448624017671,-0.124999999999993));
#11872=CARTESIAN_POINT('',(4.76345634208139,-4.45448624017671,-0.124999999999993));
#11873=CARTESIAN_POINT('Origin',(4.83145634208138,-4.95448624017671,-0.124999999999993));
#11874=CARTESIAN_POINT('',(4.76345634208139,-4.95448624017671,-0.124999999999993));
#11875=CARTESIAN_POINT('Origin',(4.83145634208138,-5.45448624017671,-0.124999999999993));
#11876=CARTESIAN_POINT('',(4.76345634208139,-5.45448624017671,-0.124999999999993));
#11877=CARTESIAN_POINT('Origin',(4.83145634208138,-5.95448624017671,-0.124999999999993));
#11878=CARTESIAN_POINT('',(4.76345634208139,-5.95448624017671,-0.124999999999993));
#11879=CARTESIAN_POINT('Origin',(4.83145634208138,-6.45448624017671,-0.124999999999993));
#11880=CARTESIAN_POINT('',(4.76345634208139,-6.45448624017671,-0.124999999999993));
#11881=CARTESIAN_POINT('Origin',(4.83145634208138,-6.9544862401767,-0.124999999999993));
#11882=CARTESIAN_POINT('',(4.76345634208139,-6.9544862401767,-0.124999999999993));
#11883=CARTESIAN_POINT('Origin',(4.83145634208138,-7.4544862401767,-0.124999999999993));
#11884=CARTESIAN_POINT('',(4.76345634208139,-7.4544862401767,-0.124999999999993));
#11885=CARTESIAN_POINT('Origin',(4.83145634208138,-7.95448624017671,-0.124999999999993));
#11886=CARTESIAN_POINT('',(4.76345634208138,-7.95448624017671,-0.124999999999993));
#11887=CARTESIAN_POINT('Origin',(4.83145634208138,-8.4544862401767,-0.124999999999993));
#11888=CARTESIAN_POINT('',(4.76345634208138,-8.4544862401767,-0.124999999999993));
#11889=CARTESIAN_POINT('Origin',(4.83145634208138,-8.9544862401767,-0.124999999999993));
#11890=CARTESIAN_POINT('',(4.76345634208138,-8.9544862401767,-0.124999999999993));
#11891=CARTESIAN_POINT('Origin',(4.83145634208138,-9.45448624017671,-0.124999999999993));
#11892=CARTESIAN_POINT('',(4.76345634208138,-9.45448624017671,-0.124999999999993));
#11893=CARTESIAN_POINT('Origin',(4.83145634208138,-9.9544862401767,-0.124999999999993));
#11894=CARTESIAN_POINT('',(4.76345634208138,-9.9544862401767,-0.124999999999993));
#11895=CARTESIAN_POINT('Origin',(4.83145634208138,-10.4544862401767,-0.124999999999993));
#11896=CARTESIAN_POINT('',(4.76345634208138,-10.4544862401767,-0.124999999999993));
#11897=CARTESIAN_POINT('Origin',(4.83145634208138,-10.9544862401767,-0.124999999999993));
#11898=CARTESIAN_POINT('',(4.76345634208138,-10.9544862401767,-0.124999999999993));
#11899=CARTESIAN_POINT('Origin',(4.83145634208138,-11.4544862401767,-0.124999999999993));
#11900=CARTESIAN_POINT('',(4.76345634208138,-11.4544862401767,-0.124999999999993));
#11901=CARTESIAN_POINT('Origin',(4.83145634208138,-11.9544862401767,-0.124999999999993));
#11902=CARTESIAN_POINT('',(4.76345634208138,-11.9544862401767,-0.124999999999993));
#11903=CARTESIAN_POINT('Origin',(4.83145634208138,-12.4544862401767,-0.124999999999993));
#11904=CARTESIAN_POINT('',(4.76345634208138,-12.4544862401767,-0.124999999999993));
#11905=CARTESIAN_POINT('Origin',(4.83145634208138,-12.9544862401767,-0.124999999999993));
#11906=CARTESIAN_POINT('',(4.76345634208138,-12.9544862401767,-0.124999999999993));
#11907=CARTESIAN_POINT('Origin',(4.83145634208138,-13.4544862401767,-0.124999999999993));
#11908=CARTESIAN_POINT('',(4.76345634208138,-13.4544862401767,-0.124999999999993));
#11909=CARTESIAN_POINT('Origin',(1.08145634208139,6.2955137598233,-0.249999999999996));
#11910=CARTESIAN_POINT('Origin',(0.0814563420813816,-11.2044862401767,-0.249999999999996));
#11911=UNCERTAINTY_MEASURE_WITH_UNIT(LENGTH_MEASURE(0.000393700787401575),
#11916,'DISTANCE_ACCURACY_VALUE',
'Maximum model space distance between geometric entities at asserted c
onnectivities');
#11912=UNCERTAINTY_MEASURE_WITH_UNIT(LENGTH_MEASURE(0.000393700787401575),
#11916,'DISTANCE_ACCURACY_VALUE',
'Maximum model space distance between geometric entities at asserted c
onnectivities');
#11913=(
GEOMETRIC_REPRESENTATION_CONTEXT(3)
GLOBAL_UNCERTAINTY_ASSIGNED_CONTEXT((#11911))
GLOBAL_UNIT_ASSIGNED_CONTEXT((#11916,#11920,#11921))
REPRESENTATION_CONTEXT('','3D')
);
#11914=(
GEOMETRIC_REPRESENTATION_CONTEXT(3)
GLOBAL_UNCERTAINTY_ASSIGNED_CONTEXT((#11912))
GLOBAL_UNIT_ASSIGNED_CONTEXT((#11916,#11920,#11921))
REPRESENTATION_CONTEXT('','3D')
);
#11915=DIMENSIONAL_EXPONENTS(1.,0.,0.,0.,0.,0.,0.);
#11916=(
CONVERSION_BASED_UNIT('inch',#11919)
LENGTH_UNIT()
NAMED_UNIT(#11915)
);
#11917=(
LENGTH_UNIT()
NAMED_UNIT(*)
SI_UNIT(.MILLI.,.METRE.)
);
#11918=(
LENGTH_UNIT()
NAMED_UNIT(*)
SI_UNIT($,.METRE.)
);
#11919=LENGTH_MEASURE_WITH_UNIT(LENGTH_MEASURE(25.4),#11917);
#11920=(
NAMED_UNIT(*)
PLANE_ANGLE_UNIT()
SI_UNIT($,.RADIAN.)
);
#11921=(
NAMED_UNIT(*)
SI_UNIT($,.STERADIAN.)
SOLID_ANGLE_UNIT()
);
#11922=SHAPE_DEFINITION_REPRESENTATION(#11923,#11924);
#11923=PRODUCT_DEFINITION_SHAPE('',$,#11926);
#11924=SHAPE_REPRESENTATION('',(#6755),#11913);
#11925=PRODUCT_DEFINITION_CONTEXT('part definition',#11930,'design');
#11926=PRODUCT_DEFINITION('f2','f2',#11927,#11925);
#11927=PRODUCT_DEFINITION_FORMATION('',$,#11932);
#11928=PRODUCT_RELATED_PRODUCT_CATEGORY('f2','f2',(#11932));
#11929=APPLICATION_PROTOCOL_DEFINITION('international standard',
'automotive_design',2009,#11930);
#11930=APPLICATION_CONTEXT(
'Core Data for Automotive Mechanical Design Process');
#11931=PRODUCT_CONTEXT('part definition',#11930,'mechanical');
#11932=PRODUCT('f2','f2',$,(#11931));
#11933=PRESENTATION_STYLE_ASSIGNMENT((#11934));
#11934=SURFACE_STYLE_USAGE(.BOTH.,#11935);
#11935=SURFACE_SIDE_STYLE('',(#11936));
#11936=SURFACE_STYLE_FILL_AREA(#11937);
#11937=FILL_AREA_STYLE('Steel - Satin',(#11938));
#11938=FILL_AREA_STYLE_COLOUR('Steel - Satin',#11939);
#11939=COLOUR_RGB('Steel - Satin',0.627450980392157,0.627450980392157,0.627450980392157);
ENDSEC;
END-ISO-10303-21;
