ISO-10303-21;
HEADER;
/* Generated by software containing ST-Developer
 * from STEP Tools, Inc. (www.steptools.com) 
 */

FILE_DESCRIPTION(
/* description */ (''),
/* implementation_level */ '2;1');

FILE_NAME(
/* name */ 'top-case-cover-modified.step',
/* time_stamp */ '2026-07-31T20:04:34-04:00',
/* author */ (''),
/* organization */ (''),
/* preprocessor_version */ 'ST-DEVELOPER v20.1',
/* originating_system */ 'Autodesk Translation Framework v15.8.0.0',
/* authorisation */ '');

FILE_SCHEMA (('AUTOMOTIVE_DESIGN { 1 0 10303 214 3 1 1 }'));
ENDSEC;

DATA;
#10=MECHANICAL_DESIGN_GEOMETRIC_PRESENTATION_REPRESENTATION('',(#13),#3705);
#11=SHAPE_REPRESENTATION_RELATIONSHIP('SRR','None',#3712,#12);
#12=ADVANCED_BREP_SHAPE_REPRESENTATION('',(#14),#3704);
#13=STYLED_ITEM('',(#3721),#14);
#14=MANIFOLD_SOLID_BREP('Body1',#2085);
#15=CONICAL_SURFACE('',#2291,0.972893218813445,0.785398163397448);
#16=CONICAL_SURFACE('',#2294,0.972893218813438,0.785398163397449);
#17=CONICAL_SURFACE('',#2296,0.97289321881345,0.785398163397448);
#18=CONICAL_SURFACE('',#2298,0.97289321881345,0.785398163397449);
#19=CONICAL_SURFACE('',#2305,1.67999999999999,0.785398163397448);
#20=CONICAL_SURFACE('',#2308,1.67999999999998,0.785398163397449);
#21=CONICAL_SURFACE('',#2310,1.68,0.785398163397448);
#22=CONICAL_SURFACE('',#2313,1.68,0.785398163397449);
#23=B_SPLINE_CURVE_WITH_KNOTS('',3,(#3199,#3200,#3201,#3202,#3203,#3204,
#3205,#3206,#3207,#3208,#3209,#3210),.UNSPECIFIED.,.F.,.F.,(4,2,2,2,2,4),
(0.458612855339951,0.515386712851326,0.5721605703627,0.616668794184279,
0.652294038597103,0.687919283009927),.UNSPECIFIED.);
#24=B_SPLINE_CURVE_WITH_KNOTS('',3,(#3217,#3218,#3219,#3220,#3221,#3222,
#3223,#3224,#3225,#3226,#3227,#3228),.UNSPECIFIED.,.F.,.F.,(4,2,2,2,2,4),
(0.229306432804556,0.264931678148815,0.300556923493074,0.345065148347681,
0.401839006978397,0.458612865609113),.UNSPECIFIED.);
#25=B_SPLINE_CURVE_WITH_KNOTS('',3,(#3309,#3310,#3311,#3312,#3313,#3314,
#3315,#3316,#3317,#3318,#3319,#3320),.UNSPECIFIED.,.F.,.F.,(4,2,2,2,2,4),
(0.458612865609113,0.515386724239829,0.572160582870545,0.616668807725153,
0.652294053069411,0.68791929841367),.UNSPECIFIED.);
#26=B_SPLINE_CURVE_WITH_KNOTS('',3,(#3327,#3328,#3329,#3330,#3331,#3332,
#3333,#3334,#3335,#3336,#3337,#3338),.UNSPECIFIED.,.F.,.F.,(4,2,2,2,2,4),
(0.229306427669976,0.2649316720828,0.300556916495624,0.345065140317204,
0.401838997828578,0.458612855339952),.UNSPECIFIED.);
#27=ELLIPSE('',#2152,1.29321305282618,1.);
#28=ELLIPSE('',#2153,1.29321305282618,1.);
#29=ELLIPSE('',#2155,1.29321305282618,1.);
#30=ELLIPSE('',#2156,1.29321305282618,1.);
#31=ELLIPSE('',#2167,1.29321305282619,1.);
#32=ELLIPSE('',#2168,1.29321305282619,1.);
#33=ELLIPSE('',#2170,1.29321305282618,1.);
#34=ELLIPSE('',#2171,1.29321305282618,1.);
#35=ELLIPSE('',#2219,2.12132034355964,1.5);
#36=ELLIPSE('',#2225,2.12132034355964,1.5);
#37=ELLIPSE('',#2230,2.12132034355964,1.5);
#38=ELLIPSE('',#2233,2.12132034355964,1.5);
#39=ELLIPSE('',#2269,3.53553390593274,2.5);
#40=ELLIPSE('',#2270,3.53553390593274,2.5);
#41=ELLIPSE('',#2273,3.53553390593274,2.5);
#42=ELLIPSE('',#2274,3.53553390593274,2.5);
#43=ELLIPSE('',#2282,3.53553390593274,2.5);
#44=ELLIPSE('',#2284,3.53553390593274,2.5);
#45=ELLIPSE('',#2286,3.53553390593274,2.5);
#46=ELLIPSE('',#2288,3.53553390593274,2.5);
#47=B_SPLINE_SURFACE_WITH_KNOTS('',3,3,((#3137,#3138,#3139,#3140,#3141),
(#3142,#3143,#3144,#3145,#3146),(#3147,#3148,#3149,#3150,#3151),(#3152,
#3153,#3154,#3155,#3156),(#3157,#3158,#3159,#3160,#3161)),.UNSPECIFIED.,
 .F.,.F.,.F.,(4,1,4),(4,1,4),(0.,0.571428571428571,1.),(1.69241314729444E-16,
0.673198425769241,1.5707963267949),.UNSPECIFIED.);
#48=B_SPLINE_SURFACE_WITH_KNOTS('',3,3,((#3167,#3168,#3169,#3170,#3171),
(#3172,#3173,#3174,#3175,#3176),(#3177,#3178,#3179,#3180,#3181),(#3182,
#3183,#3184,#3185,#3186),(#3187,#3188,#3189,#3190,#3191)),.UNSPECIFIED.,
 .F.,.F.,.F.,(4,1,4),(4,1,4),(0.,0.571428571428571,1.),(0.,0.673198425769241,
1.5707963267949),.UNSPECIFIED.);
#49=B_SPLINE_SURFACE_WITH_KNOTS('',3,3,((#3247,#3248,#3249,#3250,#3251),
(#3252,#3253,#3254,#3255,#3256),(#3257,#3258,#3259,#3260,#3261),(#3262,
#3263,#3264,#3265,#3266),(#3267,#3268,#3269,#3270,#3271)),.UNSPECIFIED.,
 .F.,.F.,.F.,(4,1,4),(4,1,4),(0.,0.571428571428571,1.),(0.,0.673198425769241,
1.5707963267949),.UNSPECIFIED.);
#50=B_SPLINE_SURFACE_WITH_KNOTS('',3,3,((#3277,#3278,#3279,#3280,#3281),
(#3282,#3283,#3284,#3285,#3286),(#3287,#3288,#3289,#3290,#3291),(#3292,
#3293,#3294,#3295,#3296),(#3297,#3298,#3299,#3300,#3301)),.UNSPECIFIED.,
 .F.,.F.,.F.,(4,1,4),(4,1,4),(0.,0.571428571428571,1.),(-7.38822959451392E-17,
0.897597901025655,1.5707963267949),.UNSPECIFIED.);
#51=FACE_BOUND('',#266,.T.);
#52=FACE_BOUND('',#274,.T.);
#53=FACE_BOUND('',#275,.T.);
#54=FACE_BOUND('',#281,.T.);
#55=FACE_BOUND('',#284,.T.);
#56=FACE_BOUND('',#286,.T.);
#57=FACE_BOUND('',#287,.T.);
#58=FACE_BOUND('',#288,.T.);
#59=FACE_BOUND('',#289,.T.);
#60=FACE_BOUND('',#290,.T.);
#61=FACE_BOUND('',#318,.T.);
#62=FACE_BOUND('',#319,.T.);
#63=FACE_BOUND('',#320,.T.);
#64=FACE_BOUND('',#332,.T.);
#65=FACE_BOUND('',#334,.T.);
#66=FACE_BOUND('',#336,.T.);
#67=FACE_BOUND('',#355,.T.);
#68=FACE_BOUND('',#356,.T.);
#69=FACE_BOUND('',#357,.T.);
#70=FACE_BOUND('',#358,.T.);
#71=FACE_BOUND('',#359,.T.);
#72=FACE_BOUND('',#390,.T.);
#73=FACE_BOUND('',#407,.T.);
#74=PLANE('',#2102);
#75=PLANE('',#2106);
#76=PLANE('',#2110);
#77=PLANE('',#2112);
#78=PLANE('',#2113);
#79=PLANE('',#2114);
#80=PLANE('',#2115);
#81=PLANE('',#2116);
#82=PLANE('',#2117);
#83=PLANE('',#2118);
#84=PLANE('',#2140);
#85=PLANE('',#2144);
#86=PLANE('',#2145);
#87=PLANE('',#2161);
#88=PLANE('',#2164);
#89=PLANE('',#2180);
#90=PLANE('',#2181);
#91=PLANE('',#2182);
#92=PLANE('',#2184);
#93=PLANE('',#2194);
#94=PLANE('',#2195);
#95=PLANE('',#2198);
#96=PLANE('',#2199);
#97=PLANE('',#2202);
#98=PLANE('',#2205);
#99=PLANE('',#2206);
#100=PLANE('',#2209);
#101=PLANE('',#2212);
#102=PLANE('',#2215);
#103=PLANE('',#2239);
#104=PLANE('',#2243);
#105=PLANE('',#2244);
#106=PLANE('',#2248);
#107=PLANE('',#2252);
#108=PLANE('',#2253);
#109=PLANE('',#2264);
#110=PLANE('',#2267);
#111=PLANE('',#2271);
#112=PLANE('',#2275);
#113=PLANE('',#2276);
#114=PLANE('',#2277);
#115=PLANE('',#2278);
#116=PLANE('',#2279);
#117=PLANE('',#2280);
#118=PLANE('',#2281);
#119=PLANE('',#2283);
#120=PLANE('',#2287);
#121=PLANE('',#2289);
#122=PLANE('',#2293);
#123=PLANE('',#2297);
#124=PLANE('',#2300);
#125=PLANE('',#2302);
#126=PLANE('',#2303);
#127=PLANE('',#2304);
#128=PLANE('',#2307);
#129=PLANE('',#2312);
#130=PLANE('',#2317);
#131=PLANE('',#2320);
#132=PLANE('',#2323);
#133=PLANE('',#2326);
#134=PLANE('',#2327);
#135=FACE_OUTER_BOUND('',#260,.T.);
#136=FACE_OUTER_BOUND('',#261,.T.);
#137=FACE_OUTER_BOUND('',#262,.T.);
#138=FACE_OUTER_BOUND('',#263,.T.);
#139=FACE_OUTER_BOUND('',#264,.T.);
#140=FACE_OUTER_BOUND('',#265,.T.);
#141=FACE_OUTER_BOUND('',#267,.T.);
#142=FACE_OUTER_BOUND('',#268,.T.);
#143=FACE_OUTER_BOUND('',#269,.T.);
#144=FACE_OUTER_BOUND('',#270,.T.);
#145=FACE_OUTER_BOUND('',#271,.T.);
#146=FACE_OUTER_BOUND('',#272,.T.);
#147=FACE_OUTER_BOUND('',#273,.T.);
#148=FACE_OUTER_BOUND('',#276,.T.);
#149=FACE_OUTER_BOUND('',#277,.T.);
#150=FACE_OUTER_BOUND('',#278,.T.);
#151=FACE_OUTER_BOUND('',#279,.T.);
#152=FACE_OUTER_BOUND('',#280,.T.);
#153=FACE_OUTER_BOUND('',#282,.T.);
#154=FACE_OUTER_BOUND('',#283,.T.);
#155=FACE_OUTER_BOUND('',#285,.T.);
#156=FACE_OUTER_BOUND('',#291,.T.);
#157=FACE_OUTER_BOUND('',#292,.T.);
#158=FACE_OUTER_BOUND('',#293,.T.);
#159=FACE_OUTER_BOUND('',#294,.T.);
#160=FACE_OUTER_BOUND('',#295,.T.);
#161=FACE_OUTER_BOUND('',#296,.T.);
#162=FACE_OUTER_BOUND('',#297,.T.);
#163=FACE_OUTER_BOUND('',#298,.T.);
#164=FACE_OUTER_BOUND('',#299,.T.);
#165=FACE_OUTER_BOUND('',#300,.T.);
#166=FACE_OUTER_BOUND('',#301,.T.);
#167=FACE_OUTER_BOUND('',#302,.T.);
#168=FACE_OUTER_BOUND('',#303,.T.);
#169=FACE_OUTER_BOUND('',#304,.T.);
#170=FACE_OUTER_BOUND('',#305,.T.);
#171=FACE_OUTER_BOUND('',#306,.T.);
#172=FACE_OUTER_BOUND('',#307,.T.);
#173=FACE_OUTER_BOUND('',#308,.T.);
#174=FACE_OUTER_BOUND('',#309,.T.);
#175=FACE_OUTER_BOUND('',#310,.T.);
#176=FACE_OUTER_BOUND('',#311,.T.);
#177=FACE_OUTER_BOUND('',#312,.T.);
#178=FACE_OUTER_BOUND('',#313,.T.);
#179=FACE_OUTER_BOUND('',#314,.T.);
#180=FACE_OUTER_BOUND('',#315,.T.);
#181=FACE_OUTER_BOUND('',#316,.T.);
#182=FACE_OUTER_BOUND('',#317,.T.);
#183=FACE_OUTER_BOUND('',#321,.T.);
#184=FACE_OUTER_BOUND('',#322,.T.);
#185=FACE_OUTER_BOUND('',#323,.T.);
#186=FACE_OUTER_BOUND('',#324,.T.);
#187=FACE_OUTER_BOUND('',#325,.T.);
#188=FACE_OUTER_BOUND('',#326,.T.);
#189=FACE_OUTER_BOUND('',#327,.T.);
#190=FACE_OUTER_BOUND('',#328,.T.);
#191=FACE_OUTER_BOUND('',#329,.T.);
#192=FACE_OUTER_BOUND('',#330,.T.);
#193=FACE_OUTER_BOUND('',#331,.T.);
#194=FACE_OUTER_BOUND('',#333,.T.);
#195=FACE_OUTER_BOUND('',#335,.T.);
#196=FACE_OUTER_BOUND('',#337,.T.);
#197=FACE_OUTER_BOUND('',#338,.T.);
#198=FACE_OUTER_BOUND('',#339,.T.);
#199=FACE_OUTER_BOUND('',#340,.T.);
#200=FACE_OUTER_BOUND('',#341,.T.);
#201=FACE_OUTER_BOUND('',#342,.T.);
#202=FACE_OUTER_BOUND('',#343,.T.);
#203=FACE_OUTER_BOUND('',#344,.T.);
#204=FACE_OUTER_BOUND('',#345,.T.);
#205=FACE_OUTER_BOUND('',#346,.T.);
#206=FACE_OUTER_BOUND('',#347,.T.);
#207=FACE_OUTER_BOUND('',#348,.T.);
#208=FACE_OUTER_BOUND('',#349,.T.);
#209=FACE_OUTER_BOUND('',#350,.T.);
#210=FACE_OUTER_BOUND('',#351,.T.);
#211=FACE_OUTER_BOUND('',#352,.T.);
#212=FACE_OUTER_BOUND('',#353,.T.);
#213=FACE_OUTER_BOUND('',#354,.T.);
#214=FACE_OUTER_BOUND('',#360,.T.);
#215=FACE_OUTER_BOUND('',#361,.T.);
#216=FACE_OUTER_BOUND('',#362,.T.);
#217=FACE_OUTER_BOUND('',#363,.T.);
#218=FACE_OUTER_BOUND('',#364,.T.);
#219=FACE_OUTER_BOUND('',#365,.T.);
#220=FACE_OUTER_BOUND('',#366,.T.);
#221=FACE_OUTER_BOUND('',#367,.T.);
#222=FACE_OUTER_BOUND('',#368,.T.);
#223=FACE_OUTER_BOUND('',#369,.T.);
#224=FACE_OUTER_BOUND('',#370,.T.);
#225=FACE_OUTER_BOUND('',#371,.T.);
#226=FACE_OUTER_BOUND('',#372,.T.);
#227=FACE_OUTER_BOUND('',#373,.T.);
#228=FACE_OUTER_BOUND('',#374,.T.);
#229=FACE_OUTER_BOUND('',#375,.T.);
#230=FACE_OUTER_BOUND('',#376,.T.);
#231=FACE_OUTER_BOUND('',#377,.T.);
#232=FACE_OUTER_BOUND('',#378,.T.);
#233=FACE_OUTER_BOUND('',#379,.T.);
#234=FACE_OUTER_BOUND('',#380,.T.);
#235=FACE_OUTER_BOUND('',#381,.T.);
#236=FACE_OUTER_BOUND('',#382,.T.);
#237=FACE_OUTER_BOUND('',#383,.T.);
#238=FACE_OUTER_BOUND('',#384,.T.);
#239=FACE_OUTER_BOUND('',#385,.T.);
#240=FACE_OUTER_BOUND('',#386,.T.);
#241=FACE_OUTER_BOUND('',#387,.T.);
#242=FACE_OUTER_BOUND('',#388,.T.);
#243=FACE_OUTER_BOUND('',#389,.T.);
#244=FACE_OUTER_BOUND('',#391,.T.);
#245=FACE_OUTER_BOUND('',#392,.T.);
#246=FACE_OUTER_BOUND('',#393,.T.);
#247=FACE_OUTER_BOUND('',#394,.T.);
#248=FACE_OUTER_BOUND('',#395,.T.);
#249=FACE_OUTER_BOUND('',#396,.T.);
#250=FACE_OUTER_BOUND('',#397,.T.);
#251=FACE_OUTER_BOUND('',#398,.T.);
#252=FACE_OUTER_BOUND('',#399,.T.);
#253=FACE_OUTER_BOUND('',#400,.T.);
#254=FACE_OUTER_BOUND('',#401,.T.);
#255=FACE_OUTER_BOUND('',#402,.T.);
#256=FACE_OUTER_BOUND('',#403,.T.);
#257=FACE_OUTER_BOUND('',#404,.T.);
#258=FACE_OUTER_BOUND('',#405,.T.);
#259=FACE_OUTER_BOUND('',#406,.T.);
#260=EDGE_LOOP('',(#1324,#1325,#1326,#1327));
#261=EDGE_LOOP('',(#1328));
#262=EDGE_LOOP('',(#1329,#1330,#1331,#1332));
#263=EDGE_LOOP('',(#1333));
#264=EDGE_LOOP('',(#1334,#1335,#1336,#1337));
#265=EDGE_LOOP('',(#1338));
#266=EDGE_LOOP('',(#1339));
#267=EDGE_LOOP('',(#1340,#1341,#1342,#1343));
#268=EDGE_LOOP('',(#1344,#1345,#1346,#1347));
#269=EDGE_LOOP('',(#1348,#1349,#1350,#1351));
#270=EDGE_LOOP('',(#1352,#1353,#1354,#1355));
#271=EDGE_LOOP('',(#1356,#1357,#1358,#1359));
#272=EDGE_LOOP('',(#1360,#1361,#1362,#1363));
#273=EDGE_LOOP('',(#1364,#1365,#1366,#1367,#1368,#1369,#1370,#1371,#1372,
#1373,#1374,#1375));
#274=EDGE_LOOP('',(#1376,#1377,#1378,#1379));
#275=EDGE_LOOP('',(#1380,#1381,#1382,#1383,#1384,#1385));
#276=EDGE_LOOP('',(#1386,#1387,#1388,#1389));
#277=EDGE_LOOP('',(#1390,#1391,#1392,#1393));
#278=EDGE_LOOP('',(#1394,#1395,#1396,#1397));
#279=EDGE_LOOP('',(#1398,#1399,#1400,#1401));
#280=EDGE_LOOP('',(#1402));
#281=EDGE_LOOP('',(#1403));
#282=EDGE_LOOP('',(#1404,#1405,#1406,#1407));
#283=EDGE_LOOP('',(#1408,#1409));
#284=EDGE_LOOP('',(#1410));
#285=EDGE_LOOP('',(#1411,#1412,#1413,#1414,#1415,#1416,#1417,#1418,#1419,
#1420,#1421,#1422));
#286=EDGE_LOOP('',(#1423));
#287=EDGE_LOOP('',(#1424));
#288=EDGE_LOOP('',(#1425));
#289=EDGE_LOOP('',(#1426,#1427,#1428,#1429,#1430,#1431,#1432,#1433));
#290=EDGE_LOOP('',(#1434));
#291=EDGE_LOOP('',(#1435,#1436,#1437));
#292=EDGE_LOOP('',(#1438,#1439,#1440));
#293=EDGE_LOOP('',(#1441,#1442,#1443,#1444));
#294=EDGE_LOOP('',(#1445,#1446,#1447,#1448));
#295=EDGE_LOOP('',(#1449,#1450,#1451,#1452));
#296=EDGE_LOOP('',(#1453,#1454,#1455,#1456));
#297=EDGE_LOOP('',(#1457,#1458,#1459,#1460));
#298=EDGE_LOOP('',(#1461,#1462,#1463,#1464));
#299=EDGE_LOOP('',(#1465,#1466,#1467,#1468,#1469,#1470));
#300=EDGE_LOOP('',(#1471,#1472,#1473));
#301=EDGE_LOOP('',(#1474,#1475,#1476));
#302=EDGE_LOOP('',(#1477,#1478,#1479,#1480));
#303=EDGE_LOOP('',(#1481,#1482,#1483,#1484));
#304=EDGE_LOOP('',(#1485,#1486,#1487,#1488));
#305=EDGE_LOOP('',(#1489,#1490,#1491,#1492,#1493,#1494));
#306=EDGE_LOOP('',(#1495,#1496,#1497,#1498,#1499,#1500));
#307=EDGE_LOOP('',(#1501,#1502,#1503,#1504));
#308=EDGE_LOOP('',(#1505,#1506,#1507,#1508));
#309=EDGE_LOOP('',(#1509,#1510,#1511,#1512));
#310=EDGE_LOOP('',(#1513,#1514,#1515,#1516));
#311=EDGE_LOOP('',(#1517,#1518,#1519,#1520,#1521,#1522,#1523,#1524));
#312=EDGE_LOOP('',(#1525,#1526,#1527,#1528));
#313=EDGE_LOOP('',(#1529,#1530,#1531,#1532));
#314=EDGE_LOOP('',(#1533,#1534,#1535,#1536));
#315=EDGE_LOOP('',(#1537,#1538,#1539,#1540));
#316=EDGE_LOOP('',(#1541,#1542,#1543,#1544));
#317=EDGE_LOOP('',(#1545,#1546,#1547,#1548));
#318=EDGE_LOOP('',(#1549));
#319=EDGE_LOOP('',(#1550));
#320=EDGE_LOOP('',(#1551));
#321=EDGE_LOOP('',(#1552,#1553,#1554,#1555));
#322=EDGE_LOOP('',(#1556,#1557,#1558,#1559));
#323=EDGE_LOOP('',(#1560,#1561,#1562,#1563));
#324=EDGE_LOOP('',(#1564,#1565,#1566,#1567));
#325=EDGE_LOOP('',(#1568,#1569,#1570,#1571));
#326=EDGE_LOOP('',(#1572,#1573,#1574,#1575));
#327=EDGE_LOOP('',(#1576,#1577,#1578,#1579));
#328=EDGE_LOOP('',(#1580,#1581,#1582,#1583));
#329=EDGE_LOOP('',(#1584,#1585,#1586,#1587));
#330=EDGE_LOOP('',(#1588,#1589,#1590,#1591,#1592,#1593));
#331=EDGE_LOOP('',(#1594,#1595));
#332=EDGE_LOOP('',(#1596));
#333=EDGE_LOOP('',(#1597,#1598));
#334=EDGE_LOOP('',(#1599));
#335=EDGE_LOOP('',(#1600,#1601));
#336=EDGE_LOOP('',(#1602));
#337=EDGE_LOOP('',(#1603,#1604));
#338=EDGE_LOOP('',(#1605,#1606,#1607,#1608));
#339=EDGE_LOOP('',(#1609,#1610,#1611,#1612));
#340=EDGE_LOOP('',(#1613,#1614));
#341=EDGE_LOOP('',(#1615,#1616,#1617,#1618));
#342=EDGE_LOOP('',(#1619,#1620));
#343=EDGE_LOOP('',(#1621,#1622));
#344=EDGE_LOOP('',(#1623,#1624,#1625,#1626));
#345=EDGE_LOOP('',(#1627,#1628,#1629,#1630));
#346=EDGE_LOOP('',(#1631,#1632,#1633,#1634));
#347=EDGE_LOOP('',(#1635,#1636,#1637,#1638));
#348=EDGE_LOOP('',(#1639,#1640,#1641,#1642));
#349=EDGE_LOOP('',(#1643,#1644,#1645,#1646));
#350=EDGE_LOOP('',(#1647,#1648,#1649,#1650));
#351=EDGE_LOOP('',(#1651,#1652,#1653,#1654));
#352=EDGE_LOOP('',(#1655,#1656,#1657,#1658));
#353=EDGE_LOOP('',(#1659,#1660,#1661,#1662));
#354=EDGE_LOOP('',(#1663,#1664,#1665,#1666,#1667,#1668,#1669,#1670,#1671));
#355=EDGE_LOOP('',(#1672));
#356=EDGE_LOOP('',(#1673));
#357=EDGE_LOOP('',(#1674));
#358=EDGE_LOOP('',(#1675));
#359=EDGE_LOOP('',(#1676,#1677,#1678,#1679,#1680,#1681,#1682,#1683,#1684,
#1685,#1686,#1687,#1688,#1689,#1690,#1691));
#360=EDGE_LOOP('',(#1692,#1693,#1694,#1695));
#361=EDGE_LOOP('',(#1696,#1697,#1698,#1699));
#362=EDGE_LOOP('',(#1700,#1701,#1702,#1703));
#363=EDGE_LOOP('',(#1704,#1705,#1706,#1707));
#364=EDGE_LOOP('',(#1708,#1709,#1710,#1711,#1712,#1713));
#365=EDGE_LOOP('',(#1714,#1715,#1716,#1717));
#366=EDGE_LOOP('',(#1718,#1719,#1720,#1721,#1722,#1723));
#367=EDGE_LOOP('',(#1724,#1725,#1726,#1727));
#368=EDGE_LOOP('',(#1728,#1729,#1730,#1731));
#369=EDGE_LOOP('',(#1732,#1733,#1734,#1735));
#370=EDGE_LOOP('',(#1736,#1737,#1738,#1739));
#371=EDGE_LOOP('',(#1740,#1741,#1742,#1743,#1744));
#372=EDGE_LOOP('',(#1745,#1746,#1747,#1748));
#373=EDGE_LOOP('',(#1749,#1750,#1751,#1752,#1753));
#374=EDGE_LOOP('',(#1754,#1755,#1756,#1757,#1758));
#375=EDGE_LOOP('',(#1759,#1760,#1761,#1762,#1763,#1764));
#376=EDGE_LOOP('',(#1765,#1766,#1767,#1768));
#377=EDGE_LOOP('',(#1769,#1770,#1771,#1772,#1773));
#378=EDGE_LOOP('',(#1774,#1775,#1776,#1777,#1778,#1779));
#379=EDGE_LOOP('',(#1780,#1781,#1782));
#380=EDGE_LOOP('',(#1783,#1784,#1785,#1786,#1787,#1788));
#381=EDGE_LOOP('',(#1789,#1790,#1791));
#382=EDGE_LOOP('',(#1792,#1793,#1794));
#383=EDGE_LOOP('',(#1795,#1796,#1797,#1798,#1799,#1800));
#384=EDGE_LOOP('',(#1801,#1802,#1803));
#385=EDGE_LOOP('',(#1804,#1805,#1806,#1807));
#386=EDGE_LOOP('',(#1808,#1809,#1810,#1811));
#387=EDGE_LOOP('',(#1812,#1813,#1814,#1815));
#388=EDGE_LOOP('',(#1816,#1817,#1818,#1819,#1820,#1821,#1822,#1823));
#389=EDGE_LOOP('',(#1824,#1825));
#390=EDGE_LOOP('',(#1826));
#391=EDGE_LOOP('',(#1827,#1828,#1829,#1830,#1831,#1832,#1833,#1834));
#392=EDGE_LOOP('',(#1835,#1836,#1837,#1838));
#393=EDGE_LOOP('',(#1839,#1840,#1841,#1842));
#394=EDGE_LOOP('',(#1843,#1844,#1845,#1846));
#395=EDGE_LOOP('',(#1847,#1848,#1849,#1850));
#396=EDGE_LOOP('',(#1851,#1852,#1853,#1854));
#397=EDGE_LOOP('',(#1855,#1856,#1857,#1858));
#398=EDGE_LOOP('',(#1859,#1860,#1861,#1862));
#399=EDGE_LOOP('',(#1863,#1864,#1865,#1866));
#400=EDGE_LOOP('',(#1867,#1868,#1869,#1870));
#401=EDGE_LOOP('',(#1871,#1872,#1873,#1874));
#402=EDGE_LOOP('',(#1875,#1876,#1877,#1878));
#403=EDGE_LOOP('',(#1879,#1880,#1881,#1882));
#404=EDGE_LOOP('',(#1883,#1884,#1885,#1886));
#405=EDGE_LOOP('',(#1887,#1888,#1889,#1890));
#406=EDGE_LOOP('',(#1891,#1892,#1893,#1894,#1895,#1896,#1897,#1898));
#407=EDGE_LOOP('',(#1899,#1900,#1901,#1902,#1903,#1904,#1905,#1906,#1907));
#408=LINE('',#2973,#588);
#409=LINE('',#2980,#589);
#410=LINE('',#2987,#590);
#411=LINE('',#2995,#591);
#412=LINE('',#2997,#592);
#413=LINE('',#2999,#593);
#414=LINE('',#3000,#594);
#415=LINE('',#3003,#595);
#416=LINE('',#3005,#596);
#417=LINE('',#3006,#597);
#418=LINE('',#3010,#598);
#419=LINE('',#3012,#599);
#420=LINE('',#3014,#600);
#421=LINE('',#3015,#601);
#422=LINE('',#3018,#602);
#423=LINE('',#3020,#603);
#424=LINE('',#3021,#604);
#425=LINE('',#3024,#605);
#426=LINE('',#3026,#606);
#427=LINE('',#3027,#607);
#428=LINE('',#3030,#608);
#429=LINE('',#3032,#609);
#430=LINE('',#3033,#610);
#431=LINE('',#3038,#611);
#432=LINE('',#3043,#612);
#433=LINE('',#3057,#613);
#434=LINE('',#3059,#614);
#435=LINE('',#3061,#615);
#436=LINE('',#3064,#616);
#437=LINE('',#3069,#617);
#438=LINE('',#3074,#618);
#439=LINE('',#3079,#619);
#440=LINE('',#3085,#620);
#441=LINE('',#3091,#621);
#442=LINE('',#3095,#622);
#443=LINE('',#3098,#623);
#444=LINE('',#3104,#624);
#445=LINE('',#3106,#625);
#446=LINE('',#3108,#626);
#447=LINE('',#3112,#627);
#448=LINE('',#3116,#628);
#449=LINE('',#3118,#629);
#450=LINE('',#3120,#630);
#451=LINE('',#3123,#631);
#452=LINE('',#3125,#632);
#453=LINE('',#3129,#633);
#454=LINE('',#3131,#634);
#455=LINE('',#3133,#635);
#456=LINE('',#3136,#636);
#457=LINE('',#3211,#637);
#458=LINE('',#3213,#638);
#459=LINE('',#3216,#639);
#460=LINE('',#3231,#640);
#461=LINE('',#3233,#641);
#462=LINE('',#3234,#642);
#463=LINE('',#3237,#643);
#464=LINE('',#3241,#644);
#465=LINE('',#3242,#645);
#466=LINE('',#3245,#646);
#467=LINE('',#3321,#647);
#468=LINE('',#3323,#648);
#469=LINE('',#3326,#649);
#470=LINE('',#3341,#650);
#471=LINE('',#3344,#651);
#472=LINE('',#3347,#652);
#473=LINE('',#3350,#653);
#474=LINE('',#3352,#654);
#475=LINE('',#3353,#655);
#476=LINE('',#3355,#656);
#477=LINE('',#3357,#657);
#478=LINE('',#3359,#658);
#479=LINE('',#3361,#659);
#480=LINE('',#3365,#660);
#481=LINE('',#3368,#661);
#482=LINE('',#3371,#662);
#483=LINE('',#3375,#663);
#484=LINE('',#3382,#664);
#485=LINE('',#3384,#665);
#486=LINE('',#3385,#666);
#487=LINE('',#3389,#667);
#488=LINE('',#3392,#668);
#489=LINE('',#3393,#669);
#490=LINE('',#3396,#670);
#491=LINE('',#3400,#671);
#492=LINE('',#3401,#672);
#493=LINE('',#3404,#673);
#494=LINE('',#3407,#674);
#495=LINE('',#3410,#675);
#496=LINE('',#3411,#676);
#497=LINE('',#3430,#677);
#498=LINE('',#3434,#678);
#499=LINE('',#3442,#679);
#500=LINE('',#3451,#680);
#501=LINE('',#3458,#681);
#502=LINE('',#3461,#682);
#503=LINE('',#3464,#683);
#504=LINE('',#3466,#684);
#505=LINE('',#3467,#685);
#506=LINE('',#3472,#686);
#507=LINE('',#3476,#687);
#508=LINE('',#3478,#688);
#509=LINE('',#3479,#689);
#510=LINE('',#3482,#690);
#511=LINE('',#3484,#691);
#512=LINE('',#3485,#692);
#513=LINE('',#3490,#693);
#514=LINE('',#3494,#694);
#515=LINE('',#3496,#695);
#516=LINE('',#3497,#696);
#517=LINE('',#3502,#697);
#518=LINE('',#3505,#698);
#519=LINE('',#3506,#699);
#520=LINE('',#3510,#700);
#521=LINE('',#3514,#701);
#522=LINE('',#3518,#702);
#523=LINE('',#3522,#703);
#524=LINE('',#3526,#704);
#525=LINE('',#3530,#705);
#526=LINE('',#3534,#706);
#527=LINE('',#3538,#707);
#528=LINE('',#3542,#708);
#529=LINE('',#3545,#709);
#530=LINE('',#3548,#710);
#531=LINE('',#3549,#711);
#532=LINE('',#3552,#712);
#533=LINE('',#3556,#713);
#534=LINE('',#3557,#714);
#535=LINE('',#3560,#715);
#536=LINE('',#3565,#716);
#537=LINE('',#3566,#717);
#538=LINE('',#3569,#718);
#539=LINE('',#3574,#719);
#540=LINE('',#3575,#720);
#541=LINE('',#3578,#721);
#542=LINE('',#3580,#722);
#543=LINE('',#3581,#723);
#544=LINE('',#3584,#724);
#545=LINE('',#3586,#725);
#546=LINE('',#3587,#726);
#547=LINE('',#3590,#727);
#548=LINE('',#3591,#728);
#549=LINE('',#3594,#729);
#550=LINE('',#3595,#730);
#551=LINE('',#3599,#731);
#552=LINE('',#3600,#732);
#553=LINE('',#3605,#733);
#554=LINE('',#3606,#734);
#555=LINE('',#3613,#735);
#556=LINE('',#3614,#736);
#557=LINE('',#3619,#737);
#558=LINE('',#3622,#738);
#559=LINE('',#3623,#739);
#560=LINE('',#3627,#740);
#561=LINE('',#3629,#741);
#562=LINE('',#3632,#742);
#563=LINE('',#3634,#743);
#564=LINE('',#3638,#744);
#565=LINE('',#3640,#745);
#566=LINE('',#3641,#746);
#567=LINE('',#3645,#747);
#568=LINE('',#3647,#748);
#569=LINE('',#3648,#749);
#570=LINE('',#3651,#750);
#571=LINE('',#3655,#751);
#572=LINE('',#3656,#752);
#573=LINE('',#3661,#753);
#574=LINE('',#3665,#754);
#575=LINE('',#3666,#755);
#576=LINE('',#3671,#756);
#577=LINE('',#3674,#757);
#578=LINE('',#3677,#758);
#579=LINE('',#3678,#759);
#580=LINE('',#3681,#760);
#581=LINE('',#3685,#761);
#582=LINE('',#3686,#762);
#583=LINE('',#3689,#763);
#584=LINE('',#3693,#764);
#585=LINE('',#3694,#765);
#586=LINE('',#3697,#766);
#587=LINE('',#3700,#767);
#588=VECTOR('',#2334,1.5);
#589=VECTOR('',#2343,1.5);
#590=VECTOR('',#2352,4.);
#591=VECTOR('',#2361,10.);
#592=VECTOR('',#2362,10.);
#593=VECTOR('',#2363,10.);
#594=VECTOR('',#2364,10.);
#595=VECTOR('',#2367,10.);
#596=VECTOR('',#2368,10.);
#597=VECTOR('',#2369,10.);
#598=VECTOR('',#2372,10.);
#599=VECTOR('',#2373,10.);
#600=VECTOR('',#2374,10.);
#601=VECTOR('',#2375,10.);
#602=VECTOR('',#2378,10.);
#603=VECTOR('',#2379,10.);
#604=VECTOR('',#2380,10.);
#605=VECTOR('',#2383,10.);
#606=VECTOR('',#2384,10.);
#607=VECTOR('',#2385,10.);
#608=VECTOR('',#2388,10.);
#609=VECTOR('',#2389,10.);
#610=VECTOR('',#2390,10.);
#611=VECTOR('',#2395,10.);
#612=VECTOR('',#2400,10.);
#613=VECTOR('',#2413,10.);
#614=VECTOR('',#2414,10.);
#615=VECTOR('',#2415,10.);
#616=VECTOR('',#2418,10.);
#617=VECTOR('',#2423,5.);
#618=VECTOR('',#2430,2.);
#619=VECTOR('',#2435,2.);
#620=VECTOR('',#2442,5.5);
#621=VECTOR('',#2449,10.);
#622=VECTOR('',#2452,10.);
#623=VECTOR('',#2457,10.);
#624=VECTOR('',#2462,10.);
#625=VECTOR('',#2463,10.);
#626=VECTOR('',#2464,10.);
#627=VECTOR('',#2467,10.);
#628=VECTOR('',#2470,10.);
#629=VECTOR('',#2471,10.);
#630=VECTOR('',#2472,10.);
#631=VECTOR('',#2475,10.);
#632=VECTOR('',#2476,10.);
#633=VECTOR('',#2479,10.);
#634=VECTOR('',#2480,10.);
#635=VECTOR('',#2481,10.);
#636=VECTOR('',#2484,10.);
#637=VECTOR('',#2499,10.);
#638=VECTOR('',#2502,10.);
#639=VECTOR('',#2505,10.);
#640=VECTOR('',#2508,10.);
#641=VECTOR('',#2509,10.);
#642=VECTOR('',#2510,10.);
#643=VECTOR('',#2513,10.);
#644=VECTOR('',#2518,10.);
#645=VECTOR('',#2519,10.);
#646=VECTOR('',#2522,10.);
#647=VECTOR('',#2539,10.);
#648=VECTOR('',#2542,10.);
#649=VECTOR('',#2545,10.);
#650=VECTOR('',#2548,10.);
#651=VECTOR('',#2551,10.);
#652=VECTOR('',#2554,10.);
#653=VECTOR('',#2557,10.);
#654=VECTOR('',#2560,10.);
#655=VECTOR('',#2561,10.);
#656=VECTOR('',#2564,10.);
#657=VECTOR('',#2567,10.);
#658=VECTOR('',#2570,10.);
#659=VECTOR('',#2573,10.);
#660=VECTOR('',#2578,10.);
#661=VECTOR('',#2581,10.);
#662=VECTOR('',#2584,10.);
#663=VECTOR('',#2589,10.);
#664=VECTOR('',#2600,10.);
#665=VECTOR('',#2601,10.);
#666=VECTOR('',#2602,10.);
#667=VECTOR('',#2609,10.);
#668=VECTOR('',#2612,10.);
#669=VECTOR('',#2613,10.);
#670=VECTOR('',#2616,10.);
#671=VECTOR('',#2621,10.);
#672=VECTOR('',#2622,10.);
#673=VECTOR('',#2625,10.);
#674=VECTOR('',#2630,10.);
#675=VECTOR('',#2633,10.);
#676=VECTOR('',#2634,10.);
#677=VECTOR('',#2663,1.);
#678=VECTOR('',#2668,1.);
#679=VECTOR('',#2679,0.999999999999996);
#680=VECTOR('',#2694,0.999999999999996);
#681=VECTOR('',#2701,10.);
#682=VECTOR('',#2704,10.);
#683=VECTOR('',#2707,10.);
#684=VECTOR('',#2708,10.);
#685=VECTOR('',#2709,10.);
#686=VECTOR('',#2714,10.);
#687=VECTOR('',#2719,10.);
#688=VECTOR('',#2720,10.);
#689=VECTOR('',#2721,10.);
#690=VECTOR('',#2724,10.);
#691=VECTOR('',#2725,10.);
#692=VECTOR('',#2726,10.);
#693=VECTOR('',#2731,10.);
#694=VECTOR('',#2736,10.);
#695=VECTOR('',#2737,10.);
#696=VECTOR('',#2738,10.);
#697=VECTOR('',#2743,10.);
#698=VECTOR('',#2748,10.);
#699=VECTOR('',#2749,10.);
#700=VECTOR('',#2752,10.);
#701=VECTOR('',#2755,10.);
#702=VECTOR('',#2758,10.);
#703=VECTOR('',#2761,10.);
#704=VECTOR('',#2764,10.);
#705=VECTOR('',#2767,10.);
#706=VECTOR('',#2770,10.);
#707=VECTOR('',#2773,10.);
#708=VECTOR('',#2778,10.);
#709=VECTOR('',#2781,10.);
#710=VECTOR('',#2784,10.);
#711=VECTOR('',#2785,10.);
#712=VECTOR('',#2788,10.);
#713=VECTOR('',#2793,10.);
#714=VECTOR('',#2794,10.);
#715=VECTOR('',#2797,10.);
#716=VECTOR('',#2804,10.);
#717=VECTOR('',#2805,10.);
#718=VECTOR('',#2808,10.);
#719=VECTOR('',#2815,10.);
#720=VECTOR('',#2816,10.);
#721=VECTOR('',#2819,10.);
#722=VECTOR('',#2820,10.);
#723=VECTOR('',#2821,10.);
#724=VECTOR('',#2824,10.);
#725=VECTOR('',#2825,10.);
#726=VECTOR('',#2826,10.);
#727=VECTOR('',#2829,10.);
#728=VECTOR('',#2830,10.);
#729=VECTOR('',#2833,10.);
#730=VECTOR('',#2834,10.);
#731=VECTOR('',#2839,10.);
#732=VECTOR('',#2840,10.);
#733=VECTOR('',#2847,10.);
#734=VECTOR('',#2848,10.);
#735=VECTOR('',#2859,10.);
#736=VECTOR('',#2860,10.);
#737=VECTOR('',#2867,10.);
#738=VECTOR('',#2870,10.);
#739=VECTOR('',#2871,10.);
#740=VECTOR('',#2878,10.);
#741=VECTOR('',#2881,10.);
#742=VECTOR('',#2886,10.);
#743=VECTOR('',#2889,10.);
#744=VECTOR('',#2894,10.);
#745=VECTOR('',#2895,10.);
#746=VECTOR('',#2896,10.);
#747=VECTOR('',#2901,10.);
#748=VECTOR('',#2902,10.);
#749=VECTOR('',#2903,10.);
#750=VECTOR('',#2906,10.);
#751=VECTOR('',#2911,10.);
#752=VECTOR('',#2912,10.);
#753=VECTOR('',#2919,10.);
#754=VECTOR('',#2924,10.);
#755=VECTOR('',#2925,10.);
#756=VECTOR('',#2932,10.);
#757=VECTOR('',#2935,10.);
#758=VECTOR('',#2938,10.);
#759=VECTOR('',#2939,10.);
#760=VECTOR('',#2942,10.);
#761=VECTOR('',#2947,10.);
#762=VECTOR('',#2948,10.);
#763=VECTOR('',#2951,10.);
#764=VECTOR('',#2956,10.);
#765=VECTOR('',#2957,10.);
#766=VECTOR('',#2960,10.);
#767=VECTOR('',#2965,10.);
#768=CIRCLE('',#2100,1.5);
#769=CIRCLE('',#2101,1.5);
#770=CIRCLE('',#2104,1.5);
#771=CIRCLE('',#2105,1.5);
#772=CIRCLE('',#2108,4.);
#773=CIRCLE('',#2109,4.);
#774=CIRCLE('',#2111,2.);
#775=CIRCLE('',#2119,1.5);
#776=CIRCLE('',#2120,1.5);
#777=CIRCLE('',#2121,1.5);
#778=CIRCLE('',#2122,1.5);
#779=CIRCLE('',#2123,6.62608179742415);
#780=CIRCLE('',#2124,9.16200322751666);
#781=CIRCLE('',#2125,6.62608179742415);
#782=CIRCLE('',#2126,6.8287797441935);
#783=CIRCLE('',#2127,1.);
#784=CIRCLE('',#2128,1.);
#785=CIRCLE('',#2130,5.);
#786=CIRCLE('',#2131,5.);
#787=CIRCLE('',#2133,2.);
#788=CIRCLE('',#2135,2.);
#789=CIRCLE('',#2136,2.);
#790=CIRCLE('',#2138,5.5);
#791=CIRCLE('',#2139,5.5);
#792=CIRCLE('',#2142,7.5);
#793=CIRCLE('',#2143,7.5);
#794=CIRCLE('',#2146,2.5);
#795=CIRCLE('',#2147,2.5);
#796=CIRCLE('',#2148,2.5);
#797=CIRCLE('',#2149,2.5);
#798=CIRCLE('',#2150,1.);
#799=CIRCLE('',#2151,1.);
#800=CIRCLE('',#2154,0.179999999999996);
#801=CIRCLE('',#2157,0.179999999999998);
#802=CIRCLE('',#2163,0.179999999999998);
#803=CIRCLE('',#2166,1.5);
#804=CIRCLE('',#2169,0.17999999999998);
#805=CIRCLE('',#2172,0.179999999999996);
#806=CIRCLE('',#2177,1.5);
#807=CIRCLE('',#2179,1.5);
#808=CIRCLE('',#2187,6.62608179742415);
#809=CIRCLE('',#2189,6.8287797441935);
#810=CIRCLE('',#2191,6.62608179742415);
#811=CIRCLE('',#2193,9.16200322751666);
#812=CIRCLE('',#2197,0.179999999999996);
#813=CIRCLE('',#2201,0.179999999999982);
#814=CIRCLE('',#2204,0.179999999999995);
#815=CIRCLE('',#2208,1.5);
#816=CIRCLE('',#2210,1.5);
#817=CIRCLE('',#2211,1.);
#818=CIRCLE('',#2213,1.5);
#819=CIRCLE('',#2214,0.999999999999996);
#820=CIRCLE('',#2216,1.5);
#821=CIRCLE('',#2217,1.);
#822=CIRCLE('',#2221,1.);
#823=CIRCLE('',#2223,1.);
#824=CIRCLE('',#2227,0.999999999999996);
#825=CIRCLE('',#2228,0.999999999999996);
#826=CIRCLE('',#2231,1.5);
#827=CIRCLE('',#2235,0.999999999999996);
#828=CIRCLE('',#2237,2.33922012748666);
#829=CIRCLE('',#2238,2.33922012748666);
#830=CIRCLE('',#2241,2.33429864835697);
#831=CIRCLE('',#2242,2.33429864835697);
#832=CIRCLE('',#2246,2.68135887540622);
#833=CIRCLE('',#2247,2.68135887540622);
#834=CIRCLE('',#2250,2.40762586001128);
#835=CIRCLE('',#2251,2.40762586001128);
#836=CIRCLE('',#2254,2.5);
#837=CIRCLE('',#2255,2.5);
#838=CIRCLE('',#2256,2.18);
#839=CIRCLE('',#2257,2.18);
#840=CIRCLE('',#2258,2.5);
#841=CIRCLE('',#2259,2.5);
#842=CIRCLE('',#2260,2.17999999999999);
#843=CIRCLE('',#2261,2.17999999999999);
#844=CIRCLE('',#2263,2.18);
#845=CIRCLE('',#2266,2.18);
#846=CIRCLE('',#2292,2.17999999999999);
#847=CIRCLE('',#2295,2.17999999999999);
#848=CIRCLE('',#2306,3.17999999999999);
#849=CIRCLE('',#2309,3.17999999999999);
#850=CIRCLE('',#2311,3.18);
#851=CIRCLE('',#2314,3.18);
#852=CIRCLE('',#2316,3.17999999999999);
#853=CIRCLE('',#2319,3.17999999999999);
#854=CIRCLE('',#2322,3.18);
#855=CIRCLE('',#2325,3.18);
#856=VERTEX_POINT('',#2970);
#857=VERTEX_POINT('',#2972);
#858=VERTEX_POINT('',#2977);
#859=VERTEX_POINT('',#2979);
#860=VERTEX_POINT('',#2984);
#861=VERTEX_POINT('',#2986);
#862=VERTEX_POINT('',#2990);
#863=VERTEX_POINT('',#2993);
#864=VERTEX_POINT('',#2994);
#865=VERTEX_POINT('',#2996);
#866=VERTEX_POINT('',#2998);
#867=VERTEX_POINT('',#3002);
#868=VERTEX_POINT('',#3004);
#869=VERTEX_POINT('',#3008);
#870=VERTEX_POINT('',#3009);
#871=VERTEX_POINT('',#3011);
#872=VERTEX_POINT('',#3013);
#873=VERTEX_POINT('',#3017);
#874=VERTEX_POINT('',#3019);
#875=VERTEX_POINT('',#3023);
#876=VERTEX_POINT('',#3025);
#877=VERTEX_POINT('',#3029);
#878=VERTEX_POINT('',#3031);
#879=VERTEX_POINT('',#3035);
#880=VERTEX_POINT('',#3037);
#881=VERTEX_POINT('',#3040);
#882=VERTEX_POINT('',#3042);
#883=VERTEX_POINT('',#3045);
#884=VERTEX_POINT('',#3046);
#885=VERTEX_POINT('',#3048);
#886=VERTEX_POINT('',#3050);
#887=VERTEX_POINT('',#3053);
#888=VERTEX_POINT('',#3054);
#889=VERTEX_POINT('',#3056);
#890=VERTEX_POINT('',#3058);
#891=VERTEX_POINT('',#3060);
#892=VERTEX_POINT('',#3062);
#893=VERTEX_POINT('',#3066);
#894=VERTEX_POINT('',#3068);
#895=VERTEX_POINT('',#3072);
#896=VERTEX_POINT('',#3076);
#897=VERTEX_POINT('',#3078);
#898=VERTEX_POINT('',#3082);
#899=VERTEX_POINT('',#3084);
#900=VERTEX_POINT('',#3089);
#901=VERTEX_POINT('',#3090);
#902=VERTEX_POINT('',#3092);
#903=VERTEX_POINT('',#3094);
#904=VERTEX_POINT('',#3100);
#905=VERTEX_POINT('',#3101);
#906=VERTEX_POINT('',#3103);
#907=VERTEX_POINT('',#3105);
#908=VERTEX_POINT('',#3107);
#909=VERTEX_POINT('',#3109);
#910=VERTEX_POINT('',#3111);
#911=VERTEX_POINT('',#3113);
#912=VERTEX_POINT('',#3115);
#913=VERTEX_POINT('',#3117);
#914=VERTEX_POINT('',#3119);
#915=VERTEX_POINT('',#3121);
#916=VERTEX_POINT('',#3124);
#917=VERTEX_POINT('',#3126);
#918=VERTEX_POINT('',#3128);
#919=VERTEX_POINT('',#3130);
#920=VERTEX_POINT('',#3132);
#921=VERTEX_POINT('',#3134);
#922=VERTEX_POINT('',#3162);
#923=VERTEX_POINT('',#3164);
#924=VERTEX_POINT('',#3192);
#925=VERTEX_POINT('',#3194);
#926=VERTEX_POINT('',#3198);
#927=VERTEX_POINT('',#3215);
#928=VERTEX_POINT('',#3230);
#929=VERTEX_POINT('',#3232);
#930=VERTEX_POINT('',#3236);
#931=VERTEX_POINT('',#3240);
#932=VERTEX_POINT('',#3244);
#933=VERTEX_POINT('',#3272);
#934=VERTEX_POINT('',#3274);
#935=VERTEX_POINT('',#3302);
#936=VERTEX_POINT('',#3304);
#937=VERTEX_POINT('',#3308);
#938=VERTEX_POINT('',#3325);
#939=VERTEX_POINT('',#3340);
#940=VERTEX_POINT('',#3342);
#941=VERTEX_POINT('',#3346);
#942=VERTEX_POINT('',#3348);
#943=VERTEX_POINT('',#3364);
#944=VERTEX_POINT('',#3366);
#945=VERTEX_POINT('',#3370);
#946=VERTEX_POINT('',#3374);
#947=VERTEX_POINT('',#3381);
#948=VERTEX_POINT('',#3383);
#949=VERTEX_POINT('',#3391);
#950=VERTEX_POINT('',#3395);
#951=VERTEX_POINT('',#3399);
#952=VERTEX_POINT('',#3403);
#953=VERTEX_POINT('',#3409);
#954=VERTEX_POINT('',#3416);
#955=VERTEX_POINT('',#3420);
#956=VERTEX_POINT('',#3424);
#957=VERTEX_POINT('',#3429);
#958=VERTEX_POINT('',#3433);
#959=VERTEX_POINT('',#3439);
#960=VERTEX_POINT('',#3441);
#961=VERTEX_POINT('',#3450);
#962=VERTEX_POINT('',#3454);
#963=VERTEX_POINT('',#3455);
#964=VERTEX_POINT('',#3457);
#965=VERTEX_POINT('',#3459);
#966=VERTEX_POINT('',#3463);
#967=VERTEX_POINT('',#3465);
#968=VERTEX_POINT('',#3469);
#969=VERTEX_POINT('',#3471);
#970=VERTEX_POINT('',#3475);
#971=VERTEX_POINT('',#3477);
#972=VERTEX_POINT('',#3481);
#973=VERTEX_POINT('',#3483);
#974=VERTEX_POINT('',#3487);
#975=VERTEX_POINT('',#3489);
#976=VERTEX_POINT('',#3493);
#977=VERTEX_POINT('',#3495);
#978=VERTEX_POINT('',#3499);
#979=VERTEX_POINT('',#3501);
#980=VERTEX_POINT('',#3508);
#981=VERTEX_POINT('',#3509);
#982=VERTEX_POINT('',#3511);
#983=VERTEX_POINT('',#3513);
#984=VERTEX_POINT('',#3515);
#985=VERTEX_POINT('',#3517);
#986=VERTEX_POINT('',#3519);
#987=VERTEX_POINT('',#3521);
#988=VERTEX_POINT('',#3523);
#989=VERTEX_POINT('',#3525);
#990=VERTEX_POINT('',#3527);
#991=VERTEX_POINT('',#3529);
#992=VERTEX_POINT('',#3531);
#993=VERTEX_POINT('',#3533);
#994=VERTEX_POINT('',#3535);
#995=VERTEX_POINT('',#3537);
#996=VERTEX_POINT('',#3541);
#997=VERTEX_POINT('',#3543);
#998=VERTEX_POINT('',#3547);
#999=VERTEX_POINT('',#3551);
#1000=VERTEX_POINT('',#3555);
#1001=VERTEX_POINT('',#3559);
#1002=VERTEX_POINT('',#3564);
#1003=VERTEX_POINT('',#3568);
#1004=VERTEX_POINT('',#3573);
#1005=VERTEX_POINT('',#3577);
#1006=VERTEX_POINT('',#3579);
#1007=VERTEX_POINT('',#3583);
#1008=VERTEX_POINT('',#3585);
#1009=VERTEX_POINT('',#3589);
#1010=VERTEX_POINT('',#3593);
#1011=VERTEX_POINT('',#3598);
#1012=VERTEX_POINT('',#3604);
#1013=VERTEX_POINT('',#3612);
#1014=VERTEX_POINT('',#3617);
#1015=VERTEX_POINT('',#3621);
#1016=VERTEX_POINT('',#3637);
#1017=VERTEX_POINT('',#3639);
#1018=VERTEX_POINT('',#3644);
#1019=VERTEX_POINT('',#3646);
#1020=VERTEX_POINT('',#3650);
#1021=VERTEX_POINT('',#3654);
#1022=VERTEX_POINT('',#3660);
#1023=VERTEX_POINT('',#3664);
#1024=VERTEX_POINT('',#3670);
#1025=VERTEX_POINT('',#3672);
#1026=VERTEX_POINT('',#3676);
#1027=VERTEX_POINT('',#3680);
#1028=VERTEX_POINT('',#3684);
#1029=VERTEX_POINT('',#3688);
#1030=VERTEX_POINT('',#3692);
#1031=VERTEX_POINT('',#3696);
#1032=EDGE_CURVE('',#856,#856,#768,.T.);
#1033=EDGE_CURVE('',#856,#857,#408,.T.);
#1034=EDGE_CURVE('',#857,#857,#769,.T.);
#1035=EDGE_CURVE('',#858,#858,#770,.T.);
#1036=EDGE_CURVE('',#858,#859,#409,.T.);
#1037=EDGE_CURVE('',#859,#859,#771,.T.);
#1038=EDGE_CURVE('',#860,#860,#772,.T.);
#1039=EDGE_CURVE('',#860,#861,#410,.T.);
#1040=EDGE_CURVE('',#861,#861,#773,.T.);
#1041=EDGE_CURVE('',#862,#862,#774,.T.);
#1042=EDGE_CURVE('',#863,#864,#411,.T.);
#1043=EDGE_CURVE('',#863,#865,#412,.T.);
#1044=EDGE_CURVE('',#866,#865,#413,.T.);
#1045=EDGE_CURVE('',#864,#866,#414,.T.);
#1046=EDGE_CURVE('',#864,#867,#415,.T.);
#1047=EDGE_CURVE('',#868,#866,#416,.T.);
#1048=EDGE_CURVE('',#867,#868,#417,.T.);
#1049=EDGE_CURVE('',#869,#870,#418,.T.);
#1050=EDGE_CURVE('',#869,#871,#419,.T.);
#1051=EDGE_CURVE('',#872,#871,#420,.T.);
#1052=EDGE_CURVE('',#870,#872,#421,.T.);
#1053=EDGE_CURVE('',#870,#873,#422,.T.);
#1054=EDGE_CURVE('',#874,#872,#423,.T.);
#1055=EDGE_CURVE('',#873,#874,#424,.T.);
#1056=EDGE_CURVE('',#873,#875,#425,.T.);
#1057=EDGE_CURVE('',#876,#874,#426,.T.);
#1058=EDGE_CURVE('',#875,#876,#427,.T.);
#1059=EDGE_CURVE('',#877,#863,#428,.T.);
#1060=EDGE_CURVE('',#877,#878,#429,.T.);
#1061=EDGE_CURVE('',#865,#878,#430,.T.);
#1062=EDGE_CURVE('',#878,#879,#775,.T.);
#1063=EDGE_CURVE('',#879,#880,#431,.T.);
#1064=EDGE_CURVE('',#880,#876,#776,.T.);
#1065=EDGE_CURVE('',#871,#881,#777,.T.);
#1066=EDGE_CURVE('',#881,#882,#432,.T.);
#1067=EDGE_CURVE('',#882,#868,#778,.T.);
#1068=EDGE_CURVE('',#883,#884,#779,.T.);
#1069=EDGE_CURVE('',#884,#885,#780,.T.);
#1070=EDGE_CURVE('',#885,#886,#781,.T.);
#1071=EDGE_CURVE('',#886,#883,#782,.T.);
#1072=EDGE_CURVE('',#887,#888,#783,.T.);
#1073=EDGE_CURVE('',#888,#889,#433,.T.);
#1074=EDGE_CURVE('',#889,#890,#434,.T.);
#1075=EDGE_CURVE('',#890,#891,#435,.T.);
#1076=EDGE_CURVE('',#891,#892,#784,.T.);
#1077=EDGE_CURVE('',#892,#887,#436,.T.);
#1078=EDGE_CURVE('',#893,#893,#785,.T.);
#1079=EDGE_CURVE('',#893,#894,#437,.T.);
#1080=EDGE_CURVE('',#894,#894,#786,.T.);
#1081=EDGE_CURVE('',#895,#895,#787,.T.);
#1082=EDGE_CURVE('',#895,#862,#438,.T.);
#1083=EDGE_CURVE('',#896,#896,#788,.T.);
#1084=EDGE_CURVE('',#896,#897,#439,.T.);
#1085=EDGE_CURVE('',#897,#897,#789,.T.);
#1086=EDGE_CURVE('',#898,#898,#790,.T.);
#1087=EDGE_CURVE('',#898,#899,#440,.T.);
#1088=EDGE_CURVE('',#899,#899,#791,.T.);
#1089=EDGE_CURVE('',#900,#901,#441,.T.);
#1090=EDGE_CURVE('',#900,#902,#792,.T.);
#1091=EDGE_CURVE('',#903,#902,#442,.T.);
#1092=EDGE_CURVE('',#901,#903,#793,.T.);
#1093=EDGE_CURVE('',#902,#900,#443,.T.);
#1094=EDGE_CURVE('',#904,#905,#794,.T.);
#1095=EDGE_CURVE('',#904,#906,#444,.T.);
#1096=EDGE_CURVE('',#906,#907,#445,.F.);
#1097=EDGE_CURVE('',#907,#908,#446,.F.);
#1098=EDGE_CURVE('',#909,#908,#795,.T.);
#1099=EDGE_CURVE('',#909,#910,#447,.F.);
#1100=EDGE_CURVE('',#911,#910,#796,.F.);
#1101=EDGE_CURVE('',#911,#912,#448,.F.);
#1102=EDGE_CURVE('',#912,#913,#449,.F.);
#1103=EDGE_CURVE('',#913,#914,#450,.T.);
#1104=EDGE_CURVE('',#915,#914,#797,.F.);
#1105=EDGE_CURVE('',#915,#905,#451,.T.);
#1106=EDGE_CURVE('',#903,#916,#452,.T.);
#1107=EDGE_CURVE('',#916,#917,#798,.T.);
#1108=EDGE_CURVE('',#917,#918,#453,.T.);
#1109=EDGE_CURVE('',#918,#919,#454,.T.);
#1110=EDGE_CURVE('',#919,#920,#455,.T.);
#1111=EDGE_CURVE('',#920,#921,#799,.T.);
#1112=EDGE_CURVE('',#921,#901,#456,.T.);
#1113=EDGE_CURVE('',#922,#863,#27,.T.);
#1114=EDGE_CURVE('',#863,#923,#28,.T.);
#1115=EDGE_CURVE('',#923,#922,#800,.T.);
#1116=EDGE_CURVE('',#924,#864,#29,.T.);
#1117=EDGE_CURVE('',#864,#925,#30,.T.);
#1118=EDGE_CURVE('',#925,#924,#801,.T.);
#1119=EDGE_CURVE('',#867,#926,#23,.T.);
#1120=EDGE_CURVE('',#926,#925,#457,.T.);
#1121=EDGE_CURVE('',#924,#923,#458,.T.);
#1122=EDGE_CURVE('',#922,#927,#459,.T.);
#1123=EDGE_CURVE('',#927,#877,#24,.T.);
#1124=EDGE_CURVE('',#928,#924,#460,.T.);
#1125=EDGE_CURVE('',#929,#928,#461,.T.);
#1126=EDGE_CURVE('',#929,#923,#462,.T.);
#1127=EDGE_CURVE('',#930,#925,#463,.T.);
#1128=EDGE_CURVE('',#928,#930,#802,.T.);
#1129=EDGE_CURVE('',#931,#926,#464,.T.);
#1130=EDGE_CURVE('',#930,#931,#465,.T.);
#1131=EDGE_CURVE('',#932,#882,#466,.T.);
#1132=EDGE_CURVE('',#931,#932,#803,.T.);
#1133=EDGE_CURVE('',#933,#870,#31,.T.);
#1134=EDGE_CURVE('',#870,#934,#32,.T.);
#1135=EDGE_CURVE('',#934,#933,#804,.T.);
#1136=EDGE_CURVE('',#935,#873,#33,.T.);
#1137=EDGE_CURVE('',#873,#936,#34,.T.);
#1138=EDGE_CURVE('',#936,#935,#805,.T.);
#1139=EDGE_CURVE('',#875,#937,#25,.T.);
#1140=EDGE_CURVE('',#937,#936,#467,.T.);
#1141=EDGE_CURVE('',#935,#934,#468,.T.);
#1142=EDGE_CURVE('',#933,#938,#469,.T.);
#1143=EDGE_CURVE('',#938,#869,#26,.T.);
#1144=EDGE_CURVE('',#939,#880,#470,.T.);
#1145=EDGE_CURVE('',#940,#939,#806,.T.);
#1146=EDGE_CURVE('',#940,#937,#471,.T.);
#1147=EDGE_CURVE('',#941,#938,#472,.T.);
#1148=EDGE_CURVE('',#942,#941,#807,.T.);
#1149=EDGE_CURVE('',#942,#881,#473,.T.);
#1150=EDGE_CURVE('',#891,#917,#474,.T.);
#1151=EDGE_CURVE('',#890,#918,#475,.T.);
#1152=EDGE_CURVE('',#889,#919,#476,.T.);
#1153=EDGE_CURVE('',#920,#888,#477,.T.);
#1154=EDGE_CURVE('',#887,#921,#478,.T.);
#1155=EDGE_CURVE('',#892,#916,#479,.T.);
#1156=EDGE_CURVE('',#883,#943,#480,.T.);
#1157=EDGE_CURVE('',#943,#944,#808,.T.);
#1158=EDGE_CURVE('',#944,#884,#481,.T.);
#1159=EDGE_CURVE('',#886,#945,#482,.T.);
#1160=EDGE_CURVE('',#945,#943,#809,.T.);
#1161=EDGE_CURVE('',#885,#946,#483,.T.);
#1162=EDGE_CURVE('',#946,#945,#810,.T.);
#1163=EDGE_CURVE('',#944,#946,#811,.T.);
#1164=EDGE_CURVE('',#947,#922,#484,.T.);
#1165=EDGE_CURVE('',#948,#947,#485,.T.);
#1166=EDGE_CURVE('',#948,#927,#486,.T.);
#1167=EDGE_CURVE('',#947,#929,#812,.T.);
#1168=EDGE_CURVE('',#932,#942,#487,.T.);
#1169=EDGE_CURVE('',#949,#933,#488,.T.);
#1170=EDGE_CURVE('',#941,#949,#489,.T.);
#1171=EDGE_CURVE('',#950,#934,#490,.T.);
#1172=EDGE_CURVE('',#949,#950,#813,.T.);
#1173=EDGE_CURVE('',#951,#935,#491,.T.);
#1174=EDGE_CURVE('',#950,#951,#492,.T.);
#1175=EDGE_CURVE('',#952,#936,#493,.T.);
#1176=EDGE_CURVE('',#951,#952,#814,.T.);
#1177=EDGE_CURVE('',#952,#940,#494,.T.);
#1178=EDGE_CURVE('',#939,#953,#495,.T.);
#1179=EDGE_CURVE('',#953,#879,#496,.T.);
#1180=EDGE_CURVE('',#953,#948,#815,.T.);
#1181=EDGE_CURVE('',#948,#953,#816,.T.);
#1182=EDGE_CURVE('',#954,#954,#817,.T.);
#1183=EDGE_CURVE('',#939,#940,#818,.T.);
#1184=EDGE_CURVE('',#955,#955,#819,.T.);
#1185=EDGE_CURVE('',#932,#931,#820,.T.);
#1186=EDGE_CURVE('',#956,#956,#821,.T.);
#1187=EDGE_CURVE('',#953,#948,#35,.T.);
#1188=EDGE_CURVE('',#954,#957,#497,.T.);
#1189=EDGE_CURVE('',#957,#957,#822,.T.);
#1190=EDGE_CURVE('',#956,#958,#498,.T.);
#1191=EDGE_CURVE('',#958,#958,#823,.T.);
#1192=EDGE_CURVE('',#931,#932,#36,.T.);
#1193=EDGE_CURVE('',#959,#959,#824,.T.);
#1194=EDGE_CURVE('',#959,#960,#499,.T.);
#1195=EDGE_CURVE('',#960,#960,#825,.T.);
#1196=EDGE_CURVE('',#942,#941,#37,.T.);
#1197=EDGE_CURVE('',#941,#942,#826,.T.);
#1198=EDGE_CURVE('',#940,#939,#38,.T.);
#1199=EDGE_CURVE('',#955,#961,#500,.T.);
#1200=EDGE_CURVE('',#961,#961,#827,.T.);
#1201=EDGE_CURVE('',#962,#963,#828,.T.);
#1202=EDGE_CURVE('',#962,#964,#501,.T.);
#1203=EDGE_CURVE('',#964,#965,#829,.T.);
#1204=EDGE_CURVE('',#963,#965,#502,.T.);
#1205=EDGE_CURVE('',#966,#962,#503,.T.);
#1206=EDGE_CURVE('',#966,#967,#504,.T.);
#1207=EDGE_CURVE('',#967,#964,#505,.T.);
#1208=EDGE_CURVE('',#968,#966,#830,.T.);
#1209=EDGE_CURVE('',#968,#969,#506,.T.);
#1210=EDGE_CURVE('',#969,#967,#831,.T.);
#1211=EDGE_CURVE('',#970,#968,#507,.T.);
#1212=EDGE_CURVE('',#970,#971,#508,.T.);
#1213=EDGE_CURVE('',#971,#969,#509,.T.);
#1214=EDGE_CURVE('',#972,#970,#510,.T.);
#1215=EDGE_CURVE('',#972,#973,#511,.T.);
#1216=EDGE_CURVE('',#973,#971,#512,.T.);
#1217=EDGE_CURVE('',#974,#972,#832,.T.);
#1218=EDGE_CURVE('',#974,#975,#513,.T.);
#1219=EDGE_CURVE('',#975,#973,#833,.T.);
#1220=EDGE_CURVE('',#976,#974,#514,.T.);
#1221=EDGE_CURVE('',#976,#977,#515,.T.);
#1222=EDGE_CURVE('',#977,#975,#516,.T.);
#1223=EDGE_CURVE('',#978,#976,#834,.T.);
#1224=EDGE_CURVE('',#978,#979,#517,.T.);
#1225=EDGE_CURVE('',#979,#977,#835,.T.);
#1226=EDGE_CURVE('',#963,#978,#518,.T.);
#1227=EDGE_CURVE('',#965,#979,#519,.T.);
#1228=EDGE_CURVE('',#980,#981,#520,.T.);
#1229=EDGE_CURVE('',#982,#980,#836,.T.);
#1230=EDGE_CURVE('',#983,#982,#521,.T.);
#1231=EDGE_CURVE('',#984,#983,#837,.T.);
#1232=EDGE_CURVE('',#985,#984,#522,.T.);
#1233=EDGE_CURVE('',#986,#985,#838,.T.);
#1234=EDGE_CURVE('',#987,#986,#523,.T.);
#1235=EDGE_CURVE('',#988,#987,#839,.T.);
#1236=EDGE_CURVE('',#989,#988,#524,.T.);
#1237=EDGE_CURVE('',#990,#989,#840,.T.);
#1238=EDGE_CURVE('',#991,#990,#525,.T.);
#1239=EDGE_CURVE('',#992,#991,#841,.T.);
#1240=EDGE_CURVE('',#993,#992,#526,.T.);
#1241=EDGE_CURVE('',#994,#993,#842,.T.);
#1242=EDGE_CURVE('',#995,#994,#527,.T.);
#1243=EDGE_CURVE('',#981,#995,#843,.T.);
#1244=EDGE_CURVE('',#987,#996,#528,.T.);
#1245=EDGE_CURVE('',#996,#997,#844,.T.);
#1246=EDGE_CURVE('',#988,#997,#529,.T.);
#1247=EDGE_CURVE('',#986,#998,#530,.T.);
#1248=EDGE_CURVE('',#998,#996,#531,.T.);
#1249=EDGE_CURVE('',#985,#999,#532,.T.);
#1250=EDGE_CURVE('',#999,#998,#845,.T.);
#1251=EDGE_CURVE('',#984,#1000,#533,.T.);
#1252=EDGE_CURVE('',#1000,#999,#534,.T.);
#1253=EDGE_CURVE('',#1001,#983,#535,.T.);
#1254=EDGE_CURVE('',#1001,#909,#39,.T.);
#1255=EDGE_CURVE('',#908,#1000,#40,.T.);
#1256=EDGE_CURVE('',#982,#1002,#536,.T.);
#1257=EDGE_CURVE('',#1002,#1001,#537,.T.);
#1258=EDGE_CURVE('',#1003,#980,#538,.T.);
#1259=EDGE_CURVE('',#1003,#911,#41,.T.);
#1260=EDGE_CURVE('',#910,#1002,#42,.T.);
#1261=EDGE_CURVE('',#981,#1004,#539,.T.);
#1262=EDGE_CURVE('',#1004,#1003,#540,.T.);
#1263=EDGE_CURVE('',#992,#1005,#541,.T.);
#1264=EDGE_CURVE('',#1005,#1006,#542,.T.);
#1265=EDGE_CURVE('',#993,#1006,#543,.T.);
#1266=EDGE_CURVE('',#990,#1007,#544,.T.);
#1267=EDGE_CURVE('',#1007,#1008,#545,.T.);
#1268=EDGE_CURVE('',#1008,#991,#546,.T.);
#1269=EDGE_CURVE('',#997,#1009,#547,.T.);
#1270=EDGE_CURVE('',#1009,#989,#548,.T.);
#1271=EDGE_CURVE('',#1010,#907,#549,.T.);
#1272=EDGE_CURVE('',#999,#1010,#550,.T.);
#1273=EDGE_CURVE('',#1011,#997,#551,.T.);
#1274=EDGE_CURVE('',#906,#1011,#552,.T.);
#1275=EDGE_CURVE('',#1009,#904,#43,.T.);
#1276=EDGE_CURVE('',#914,#1005,#44,.F.);
#1277=EDGE_CURVE('',#1012,#913,#553,.T.);
#1278=EDGE_CURVE('',#1006,#1012,#554,.T.);
#1279=EDGE_CURVE('',#905,#1007,#45,.T.);
#1280=EDGE_CURVE('',#1008,#915,#46,.F.);
#1281=EDGE_CURVE('',#1004,#1013,#555,.T.);
#1282=EDGE_CURVE('',#912,#1013,#556,.T.);
#1283=EDGE_CURVE('',#1006,#1014,#846,.T.);
#1284=EDGE_CURVE('',#1014,#1012,#557,.T.);
#1285=EDGE_CURVE('',#1015,#1013,#558,.T.);
#1286=EDGE_CURVE('',#1014,#1015,#559,.T.);
#1287=EDGE_CURVE('',#1015,#1004,#847,.T.);
#1288=EDGE_CURVE('',#998,#1010,#560,.T.);
#1289=EDGE_CURVE('',#996,#1011,#561,.T.);
#1290=EDGE_CURVE('',#995,#1015,#562,.T.);
#1291=EDGE_CURVE('',#994,#1014,#563,.T.);
#1292=EDGE_CURVE('',#947,#1016,#564,.T.);
#1293=EDGE_CURVE('',#1016,#1017,#565,.T.);
#1294=EDGE_CURVE('',#1017,#952,#566,.T.);
#1295=EDGE_CURVE('',#1018,#949,#567,.T.);
#1296=EDGE_CURVE('',#1018,#1019,#568,.T.);
#1297=EDGE_CURVE('',#1019,#930,#569,.T.);
#1298=EDGE_CURVE('',#1020,#951,#570,.T.);
#1299=EDGE_CURVE('',#1017,#1020,#848,.T.);
#1300=EDGE_CURVE('',#1021,#950,#571,.T.);
#1301=EDGE_CURVE('',#1020,#1021,#572,.T.);
#1302=EDGE_CURVE('',#1021,#1018,#849,.T.);
#1303=EDGE_CURVE('',#1022,#928,#573,.T.);
#1304=EDGE_CURVE('',#1019,#1022,#850,.T.);
#1305=EDGE_CURVE('',#1023,#929,#574,.T.);
#1306=EDGE_CURVE('',#1022,#1023,#575,.T.);
#1307=EDGE_CURVE('',#1023,#1016,#851,.T.);
#1308=EDGE_CURVE('',#1024,#1021,#576,.T.);
#1309=EDGE_CURVE('',#1024,#1025,#852,.T.);
#1310=EDGE_CURVE('',#1025,#1018,#577,.T.);
#1311=EDGE_CURVE('',#1026,#1020,#578,.T.);
#1312=EDGE_CURVE('',#1024,#1026,#579,.T.);
#1313=EDGE_CURVE('',#1027,#1017,#580,.T.);
#1314=EDGE_CURVE('',#1027,#1026,#853,.T.);
#1315=EDGE_CURVE('',#1028,#1016,#581,.T.);
#1316=EDGE_CURVE('',#1027,#1028,#582,.T.);
#1317=EDGE_CURVE('',#1029,#1023,#583,.T.);
#1318=EDGE_CURVE('',#1029,#1028,#854,.T.);
#1319=EDGE_CURVE('',#1030,#1022,#584,.T.);
#1320=EDGE_CURVE('',#1029,#1030,#585,.T.);
#1321=EDGE_CURVE('',#1031,#1019,#586,.T.);
#1322=EDGE_CURVE('',#1031,#1030,#855,.T.);
#1323=EDGE_CURVE('',#1031,#1025,#587,.T.);
#1324=ORIENTED_EDGE('',*,*,#1032,.F.);
#1325=ORIENTED_EDGE('',*,*,#1033,.T.);
#1326=ORIENTED_EDGE('',*,*,#1034,.T.);
#1327=ORIENTED_EDGE('',*,*,#1033,.F.);
#1328=ORIENTED_EDGE('',*,*,#1034,.F.);
#1329=ORIENTED_EDGE('',*,*,#1035,.F.);
#1330=ORIENTED_EDGE('',*,*,#1036,.T.);
#1331=ORIENTED_EDGE('',*,*,#1037,.T.);
#1332=ORIENTED_EDGE('',*,*,#1036,.F.);
#1333=ORIENTED_EDGE('',*,*,#1037,.F.);
#1334=ORIENTED_EDGE('',*,*,#1038,.F.);
#1335=ORIENTED_EDGE('',*,*,#1039,.T.);
#1336=ORIENTED_EDGE('',*,*,#1040,.T.);
#1337=ORIENTED_EDGE('',*,*,#1039,.F.);
#1338=ORIENTED_EDGE('',*,*,#1040,.F.);
#1339=ORIENTED_EDGE('',*,*,#1041,.F.);
#1340=ORIENTED_EDGE('',*,*,#1042,.F.);
#1341=ORIENTED_EDGE('',*,*,#1043,.T.);
#1342=ORIENTED_EDGE('',*,*,#1044,.F.);
#1343=ORIENTED_EDGE('',*,*,#1045,.F.);
#1344=ORIENTED_EDGE('',*,*,#1046,.F.);
#1345=ORIENTED_EDGE('',*,*,#1045,.T.);
#1346=ORIENTED_EDGE('',*,*,#1047,.F.);
#1347=ORIENTED_EDGE('',*,*,#1048,.F.);
#1348=ORIENTED_EDGE('',*,*,#1049,.F.);
#1349=ORIENTED_EDGE('',*,*,#1050,.T.);
#1350=ORIENTED_EDGE('',*,*,#1051,.F.);
#1351=ORIENTED_EDGE('',*,*,#1052,.F.);
#1352=ORIENTED_EDGE('',*,*,#1053,.F.);
#1353=ORIENTED_EDGE('',*,*,#1052,.T.);
#1354=ORIENTED_EDGE('',*,*,#1054,.F.);
#1355=ORIENTED_EDGE('',*,*,#1055,.F.);
#1356=ORIENTED_EDGE('',*,*,#1056,.F.);
#1357=ORIENTED_EDGE('',*,*,#1055,.T.);
#1358=ORIENTED_EDGE('',*,*,#1057,.F.);
#1359=ORIENTED_EDGE('',*,*,#1058,.F.);
#1360=ORIENTED_EDGE('',*,*,#1059,.F.);
#1361=ORIENTED_EDGE('',*,*,#1060,.T.);
#1362=ORIENTED_EDGE('',*,*,#1061,.F.);
#1363=ORIENTED_EDGE('',*,*,#1043,.F.);
#1364=ORIENTED_EDGE('',*,*,#1061,.T.);
#1365=ORIENTED_EDGE('',*,*,#1062,.T.);
#1366=ORIENTED_EDGE('',*,*,#1063,.T.);
#1367=ORIENTED_EDGE('',*,*,#1064,.T.);
#1368=ORIENTED_EDGE('',*,*,#1057,.T.);
#1369=ORIENTED_EDGE('',*,*,#1054,.T.);
#1370=ORIENTED_EDGE('',*,*,#1051,.T.);
#1371=ORIENTED_EDGE('',*,*,#1065,.T.);
#1372=ORIENTED_EDGE('',*,*,#1066,.T.);
#1373=ORIENTED_EDGE('',*,*,#1067,.T.);
#1374=ORIENTED_EDGE('',*,*,#1047,.T.);
#1375=ORIENTED_EDGE('',*,*,#1044,.T.);
#1376=ORIENTED_EDGE('',*,*,#1068,.T.);
#1377=ORIENTED_EDGE('',*,*,#1069,.T.);
#1378=ORIENTED_EDGE('',*,*,#1070,.T.);
#1379=ORIENTED_EDGE('',*,*,#1071,.T.);
#1380=ORIENTED_EDGE('',*,*,#1072,.T.);
#1381=ORIENTED_EDGE('',*,*,#1073,.T.);
#1382=ORIENTED_EDGE('',*,*,#1074,.T.);
#1383=ORIENTED_EDGE('',*,*,#1075,.T.);
#1384=ORIENTED_EDGE('',*,*,#1076,.T.);
#1385=ORIENTED_EDGE('',*,*,#1077,.T.);
#1386=ORIENTED_EDGE('',*,*,#1078,.F.);
#1387=ORIENTED_EDGE('',*,*,#1079,.T.);
#1388=ORIENTED_EDGE('',*,*,#1080,.F.);
#1389=ORIENTED_EDGE('',*,*,#1079,.F.);
#1390=ORIENTED_EDGE('',*,*,#1081,.F.);
#1391=ORIENTED_EDGE('',*,*,#1082,.T.);
#1392=ORIENTED_EDGE('',*,*,#1041,.T.);
#1393=ORIENTED_EDGE('',*,*,#1082,.F.);
#1394=ORIENTED_EDGE('',*,*,#1083,.F.);
#1395=ORIENTED_EDGE('',*,*,#1084,.T.);
#1396=ORIENTED_EDGE('',*,*,#1085,.F.);
#1397=ORIENTED_EDGE('',*,*,#1084,.F.);
#1398=ORIENTED_EDGE('',*,*,#1086,.F.);
#1399=ORIENTED_EDGE('',*,*,#1087,.T.);
#1400=ORIENTED_EDGE('',*,*,#1088,.T.);
#1401=ORIENTED_EDGE('',*,*,#1087,.F.);
#1402=ORIENTED_EDGE('',*,*,#1088,.F.);
#1403=ORIENTED_EDGE('',*,*,#1085,.T.);
#1404=ORIENTED_EDGE('',*,*,#1089,.F.);
#1405=ORIENTED_EDGE('',*,*,#1090,.T.);
#1406=ORIENTED_EDGE('',*,*,#1091,.F.);
#1407=ORIENTED_EDGE('',*,*,#1092,.F.);
#1408=ORIENTED_EDGE('',*,*,#1093,.F.);
#1409=ORIENTED_EDGE('',*,*,#1090,.F.);
#1410=ORIENTED_EDGE('',*,*,#1080,.T.);
#1411=ORIENTED_EDGE('',*,*,#1094,.F.);
#1412=ORIENTED_EDGE('',*,*,#1095,.T.);
#1413=ORIENTED_EDGE('',*,*,#1096,.T.);
#1414=ORIENTED_EDGE('',*,*,#1097,.T.);
#1415=ORIENTED_EDGE('',*,*,#1098,.F.);
#1416=ORIENTED_EDGE('',*,*,#1099,.T.);
#1417=ORIENTED_EDGE('',*,*,#1100,.F.);
#1418=ORIENTED_EDGE('',*,*,#1101,.T.);
#1419=ORIENTED_EDGE('',*,*,#1102,.T.);
#1420=ORIENTED_EDGE('',*,*,#1103,.T.);
#1421=ORIENTED_EDGE('',*,*,#1104,.F.);
#1422=ORIENTED_EDGE('',*,*,#1105,.T.);
#1423=ORIENTED_EDGE('',*,*,#1032,.T.);
#1424=ORIENTED_EDGE('',*,*,#1035,.T.);
#1425=ORIENTED_EDGE('',*,*,#1038,.T.);
#1426=ORIENTED_EDGE('',*,*,#1092,.T.);
#1427=ORIENTED_EDGE('',*,*,#1106,.T.);
#1428=ORIENTED_EDGE('',*,*,#1107,.T.);
#1429=ORIENTED_EDGE('',*,*,#1108,.T.);
#1430=ORIENTED_EDGE('',*,*,#1109,.T.);
#1431=ORIENTED_EDGE('',*,*,#1110,.T.);
#1432=ORIENTED_EDGE('',*,*,#1111,.T.);
#1433=ORIENTED_EDGE('',*,*,#1112,.T.);
#1434=ORIENTED_EDGE('',*,*,#1086,.T.);
#1435=ORIENTED_EDGE('',*,*,#1113,.T.);
#1436=ORIENTED_EDGE('',*,*,#1114,.T.);
#1437=ORIENTED_EDGE('',*,*,#1115,.T.);
#1438=ORIENTED_EDGE('',*,*,#1116,.T.);
#1439=ORIENTED_EDGE('',*,*,#1117,.T.);
#1440=ORIENTED_EDGE('',*,*,#1118,.T.);
#1441=ORIENTED_EDGE('',*,*,#1117,.F.);
#1442=ORIENTED_EDGE('',*,*,#1046,.T.);
#1443=ORIENTED_EDGE('',*,*,#1119,.T.);
#1444=ORIENTED_EDGE('',*,*,#1120,.T.);
#1445=ORIENTED_EDGE('',*,*,#1114,.F.);
#1446=ORIENTED_EDGE('',*,*,#1042,.T.);
#1447=ORIENTED_EDGE('',*,*,#1116,.F.);
#1448=ORIENTED_EDGE('',*,*,#1121,.T.);
#1449=ORIENTED_EDGE('',*,*,#1113,.F.);
#1450=ORIENTED_EDGE('',*,*,#1122,.T.);
#1451=ORIENTED_EDGE('',*,*,#1123,.T.);
#1452=ORIENTED_EDGE('',*,*,#1059,.T.);
#1453=ORIENTED_EDGE('',*,*,#1121,.F.);
#1454=ORIENTED_EDGE('',*,*,#1124,.F.);
#1455=ORIENTED_EDGE('',*,*,#1125,.F.);
#1456=ORIENTED_EDGE('',*,*,#1126,.T.);
#1457=ORIENTED_EDGE('',*,*,#1118,.F.);
#1458=ORIENTED_EDGE('',*,*,#1127,.F.);
#1459=ORIENTED_EDGE('',*,*,#1128,.F.);
#1460=ORIENTED_EDGE('',*,*,#1124,.T.);
#1461=ORIENTED_EDGE('',*,*,#1120,.F.);
#1462=ORIENTED_EDGE('',*,*,#1129,.F.);
#1463=ORIENTED_EDGE('',*,*,#1130,.F.);
#1464=ORIENTED_EDGE('',*,*,#1127,.T.);
#1465=ORIENTED_EDGE('',*,*,#1119,.F.);
#1466=ORIENTED_EDGE('',*,*,#1048,.T.);
#1467=ORIENTED_EDGE('',*,*,#1067,.F.);
#1468=ORIENTED_EDGE('',*,*,#1131,.F.);
#1469=ORIENTED_EDGE('',*,*,#1132,.F.);
#1470=ORIENTED_EDGE('',*,*,#1129,.T.);
#1471=ORIENTED_EDGE('',*,*,#1133,.T.);
#1472=ORIENTED_EDGE('',*,*,#1134,.T.);
#1473=ORIENTED_EDGE('',*,*,#1135,.T.);
#1474=ORIENTED_EDGE('',*,*,#1136,.T.);
#1475=ORIENTED_EDGE('',*,*,#1137,.T.);
#1476=ORIENTED_EDGE('',*,*,#1138,.T.);
#1477=ORIENTED_EDGE('',*,*,#1137,.F.);
#1478=ORIENTED_EDGE('',*,*,#1056,.T.);
#1479=ORIENTED_EDGE('',*,*,#1139,.T.);
#1480=ORIENTED_EDGE('',*,*,#1140,.T.);
#1481=ORIENTED_EDGE('',*,*,#1134,.F.);
#1482=ORIENTED_EDGE('',*,*,#1053,.T.);
#1483=ORIENTED_EDGE('',*,*,#1136,.F.);
#1484=ORIENTED_EDGE('',*,*,#1141,.T.);
#1485=ORIENTED_EDGE('',*,*,#1133,.F.);
#1486=ORIENTED_EDGE('',*,*,#1142,.T.);
#1487=ORIENTED_EDGE('',*,*,#1143,.T.);
#1488=ORIENTED_EDGE('',*,*,#1049,.T.);
#1489=ORIENTED_EDGE('',*,*,#1139,.F.);
#1490=ORIENTED_EDGE('',*,*,#1058,.T.);
#1491=ORIENTED_EDGE('',*,*,#1064,.F.);
#1492=ORIENTED_EDGE('',*,*,#1144,.F.);
#1493=ORIENTED_EDGE('',*,*,#1145,.F.);
#1494=ORIENTED_EDGE('',*,*,#1146,.T.);
#1495=ORIENTED_EDGE('',*,*,#1143,.F.);
#1496=ORIENTED_EDGE('',*,*,#1147,.F.);
#1497=ORIENTED_EDGE('',*,*,#1148,.F.);
#1498=ORIENTED_EDGE('',*,*,#1149,.T.);
#1499=ORIENTED_EDGE('',*,*,#1065,.F.);
#1500=ORIENTED_EDGE('',*,*,#1050,.F.);
#1501=ORIENTED_EDGE('',*,*,#1108,.F.);
#1502=ORIENTED_EDGE('',*,*,#1150,.F.);
#1503=ORIENTED_EDGE('',*,*,#1075,.F.);
#1504=ORIENTED_EDGE('',*,*,#1151,.T.);
#1505=ORIENTED_EDGE('',*,*,#1109,.F.);
#1506=ORIENTED_EDGE('',*,*,#1151,.F.);
#1507=ORIENTED_EDGE('',*,*,#1074,.F.);
#1508=ORIENTED_EDGE('',*,*,#1152,.T.);
#1509=ORIENTED_EDGE('',*,*,#1110,.F.);
#1510=ORIENTED_EDGE('',*,*,#1152,.F.);
#1511=ORIENTED_EDGE('',*,*,#1073,.F.);
#1512=ORIENTED_EDGE('',*,*,#1153,.F.);
#1513=ORIENTED_EDGE('',*,*,#1111,.F.);
#1514=ORIENTED_EDGE('',*,*,#1153,.T.);
#1515=ORIENTED_EDGE('',*,*,#1072,.F.);
#1516=ORIENTED_EDGE('',*,*,#1154,.T.);
#1517=ORIENTED_EDGE('',*,*,#1089,.T.);
#1518=ORIENTED_EDGE('',*,*,#1112,.F.);
#1519=ORIENTED_EDGE('',*,*,#1154,.F.);
#1520=ORIENTED_EDGE('',*,*,#1077,.F.);
#1521=ORIENTED_EDGE('',*,*,#1155,.T.);
#1522=ORIENTED_EDGE('',*,*,#1106,.F.);
#1523=ORIENTED_EDGE('',*,*,#1091,.T.);
#1524=ORIENTED_EDGE('',*,*,#1093,.T.);
#1525=ORIENTED_EDGE('',*,*,#1107,.F.);
#1526=ORIENTED_EDGE('',*,*,#1155,.F.);
#1527=ORIENTED_EDGE('',*,*,#1076,.F.);
#1528=ORIENTED_EDGE('',*,*,#1150,.T.);
#1529=ORIENTED_EDGE('',*,*,#1156,.T.);
#1530=ORIENTED_EDGE('',*,*,#1157,.T.);
#1531=ORIENTED_EDGE('',*,*,#1158,.T.);
#1532=ORIENTED_EDGE('',*,*,#1068,.F.);
#1533=ORIENTED_EDGE('',*,*,#1159,.T.);
#1534=ORIENTED_EDGE('',*,*,#1160,.T.);
#1535=ORIENTED_EDGE('',*,*,#1156,.F.);
#1536=ORIENTED_EDGE('',*,*,#1071,.F.);
#1537=ORIENTED_EDGE('',*,*,#1161,.T.);
#1538=ORIENTED_EDGE('',*,*,#1162,.T.);
#1539=ORIENTED_EDGE('',*,*,#1159,.F.);
#1540=ORIENTED_EDGE('',*,*,#1070,.F.);
#1541=ORIENTED_EDGE('',*,*,#1158,.F.);
#1542=ORIENTED_EDGE('',*,*,#1163,.T.);
#1543=ORIENTED_EDGE('',*,*,#1161,.F.);
#1544=ORIENTED_EDGE('',*,*,#1069,.F.);
#1545=ORIENTED_EDGE('',*,*,#1163,.F.);
#1546=ORIENTED_EDGE('',*,*,#1157,.F.);
#1547=ORIENTED_EDGE('',*,*,#1160,.F.);
#1548=ORIENTED_EDGE('',*,*,#1162,.F.);
#1549=ORIENTED_EDGE('',*,*,#1078,.T.);
#1550=ORIENTED_EDGE('',*,*,#1081,.T.);
#1551=ORIENTED_EDGE('',*,*,#1083,.T.);
#1552=ORIENTED_EDGE('',*,*,#1122,.F.);
#1553=ORIENTED_EDGE('',*,*,#1164,.F.);
#1554=ORIENTED_EDGE('',*,*,#1165,.F.);
#1555=ORIENTED_EDGE('',*,*,#1166,.T.);
#1556=ORIENTED_EDGE('',*,*,#1115,.F.);
#1557=ORIENTED_EDGE('',*,*,#1126,.F.);
#1558=ORIENTED_EDGE('',*,*,#1167,.F.);
#1559=ORIENTED_EDGE('',*,*,#1164,.T.);
#1560=ORIENTED_EDGE('',*,*,#1168,.F.);
#1561=ORIENTED_EDGE('',*,*,#1131,.T.);
#1562=ORIENTED_EDGE('',*,*,#1066,.F.);
#1563=ORIENTED_EDGE('',*,*,#1149,.F.);
#1564=ORIENTED_EDGE('',*,*,#1142,.F.);
#1565=ORIENTED_EDGE('',*,*,#1169,.F.);
#1566=ORIENTED_EDGE('',*,*,#1170,.F.);
#1567=ORIENTED_EDGE('',*,*,#1147,.T.);
#1568=ORIENTED_EDGE('',*,*,#1135,.F.);
#1569=ORIENTED_EDGE('',*,*,#1171,.F.);
#1570=ORIENTED_EDGE('',*,*,#1172,.F.);
#1571=ORIENTED_EDGE('',*,*,#1169,.T.);
#1572=ORIENTED_EDGE('',*,*,#1141,.F.);
#1573=ORIENTED_EDGE('',*,*,#1173,.F.);
#1574=ORIENTED_EDGE('',*,*,#1174,.F.);
#1575=ORIENTED_EDGE('',*,*,#1171,.T.);
#1576=ORIENTED_EDGE('',*,*,#1138,.F.);
#1577=ORIENTED_EDGE('',*,*,#1175,.F.);
#1578=ORIENTED_EDGE('',*,*,#1176,.F.);
#1579=ORIENTED_EDGE('',*,*,#1173,.T.);
#1580=ORIENTED_EDGE('',*,*,#1140,.F.);
#1581=ORIENTED_EDGE('',*,*,#1146,.F.);
#1582=ORIENTED_EDGE('',*,*,#1177,.F.);
#1583=ORIENTED_EDGE('',*,*,#1175,.T.);
#1584=ORIENTED_EDGE('',*,*,#1178,.F.);
#1585=ORIENTED_EDGE('',*,*,#1144,.T.);
#1586=ORIENTED_EDGE('',*,*,#1063,.F.);
#1587=ORIENTED_EDGE('',*,*,#1179,.F.);
#1588=ORIENTED_EDGE('',*,*,#1123,.F.);
#1589=ORIENTED_EDGE('',*,*,#1166,.F.);
#1590=ORIENTED_EDGE('',*,*,#1180,.F.);
#1591=ORIENTED_EDGE('',*,*,#1179,.T.);
#1592=ORIENTED_EDGE('',*,*,#1062,.F.);
#1593=ORIENTED_EDGE('',*,*,#1060,.F.);
#1594=ORIENTED_EDGE('',*,*,#1180,.T.);
#1595=ORIENTED_EDGE('',*,*,#1181,.T.);
#1596=ORIENTED_EDGE('',*,*,#1182,.T.);
#1597=ORIENTED_EDGE('',*,*,#1145,.T.);
#1598=ORIENTED_EDGE('',*,*,#1183,.T.);
#1599=ORIENTED_EDGE('',*,*,#1184,.T.);
#1600=ORIENTED_EDGE('',*,*,#1132,.T.);
#1601=ORIENTED_EDGE('',*,*,#1185,.T.);
#1602=ORIENTED_EDGE('',*,*,#1186,.T.);
#1603=ORIENTED_EDGE('',*,*,#1187,.F.);
#1604=ORIENTED_EDGE('',*,*,#1181,.F.);
#1605=ORIENTED_EDGE('',*,*,#1182,.F.);
#1606=ORIENTED_EDGE('',*,*,#1188,.T.);
#1607=ORIENTED_EDGE('',*,*,#1189,.T.);
#1608=ORIENTED_EDGE('',*,*,#1188,.F.);
#1609=ORIENTED_EDGE('',*,*,#1186,.F.);
#1610=ORIENTED_EDGE('',*,*,#1190,.T.);
#1611=ORIENTED_EDGE('',*,*,#1191,.T.);
#1612=ORIENTED_EDGE('',*,*,#1190,.F.);
#1613=ORIENTED_EDGE('',*,*,#1192,.F.);
#1614=ORIENTED_EDGE('',*,*,#1185,.F.);
#1615=ORIENTED_EDGE('',*,*,#1193,.F.);
#1616=ORIENTED_EDGE('',*,*,#1194,.T.);
#1617=ORIENTED_EDGE('',*,*,#1195,.T.);
#1618=ORIENTED_EDGE('',*,*,#1194,.F.);
#1619=ORIENTED_EDGE('',*,*,#1196,.F.);
#1620=ORIENTED_EDGE('',*,*,#1197,.F.);
#1621=ORIENTED_EDGE('',*,*,#1198,.F.);
#1622=ORIENTED_EDGE('',*,*,#1183,.F.);
#1623=ORIENTED_EDGE('',*,*,#1184,.F.);
#1624=ORIENTED_EDGE('',*,*,#1199,.T.);
#1625=ORIENTED_EDGE('',*,*,#1200,.T.);
#1626=ORIENTED_EDGE('',*,*,#1199,.F.);
#1627=ORIENTED_EDGE('',*,*,#1201,.F.);
#1628=ORIENTED_EDGE('',*,*,#1202,.T.);
#1629=ORIENTED_EDGE('',*,*,#1203,.T.);
#1630=ORIENTED_EDGE('',*,*,#1204,.F.);
#1631=ORIENTED_EDGE('',*,*,#1205,.F.);
#1632=ORIENTED_EDGE('',*,*,#1206,.T.);
#1633=ORIENTED_EDGE('',*,*,#1207,.T.);
#1634=ORIENTED_EDGE('',*,*,#1202,.F.);
#1635=ORIENTED_EDGE('',*,*,#1208,.F.);
#1636=ORIENTED_EDGE('',*,*,#1209,.T.);
#1637=ORIENTED_EDGE('',*,*,#1210,.T.);
#1638=ORIENTED_EDGE('',*,*,#1206,.F.);
#1639=ORIENTED_EDGE('',*,*,#1211,.F.);
#1640=ORIENTED_EDGE('',*,*,#1212,.T.);
#1641=ORIENTED_EDGE('',*,*,#1213,.T.);
#1642=ORIENTED_EDGE('',*,*,#1209,.F.);
#1643=ORIENTED_EDGE('',*,*,#1214,.F.);
#1644=ORIENTED_EDGE('',*,*,#1215,.T.);
#1645=ORIENTED_EDGE('',*,*,#1216,.T.);
#1646=ORIENTED_EDGE('',*,*,#1212,.F.);
#1647=ORIENTED_EDGE('',*,*,#1217,.F.);
#1648=ORIENTED_EDGE('',*,*,#1218,.T.);
#1649=ORIENTED_EDGE('',*,*,#1219,.T.);
#1650=ORIENTED_EDGE('',*,*,#1215,.F.);
#1651=ORIENTED_EDGE('',*,*,#1220,.F.);
#1652=ORIENTED_EDGE('',*,*,#1221,.T.);
#1653=ORIENTED_EDGE('',*,*,#1222,.T.);
#1654=ORIENTED_EDGE('',*,*,#1218,.F.);
#1655=ORIENTED_EDGE('',*,*,#1223,.F.);
#1656=ORIENTED_EDGE('',*,*,#1224,.T.);
#1657=ORIENTED_EDGE('',*,*,#1225,.T.);
#1658=ORIENTED_EDGE('',*,*,#1221,.F.);
#1659=ORIENTED_EDGE('',*,*,#1226,.F.);
#1660=ORIENTED_EDGE('',*,*,#1204,.T.);
#1661=ORIENTED_EDGE('',*,*,#1227,.T.);
#1662=ORIENTED_EDGE('',*,*,#1224,.F.);
#1663=ORIENTED_EDGE('',*,*,#1227,.F.);
#1664=ORIENTED_EDGE('',*,*,#1203,.F.);
#1665=ORIENTED_EDGE('',*,*,#1207,.F.);
#1666=ORIENTED_EDGE('',*,*,#1210,.F.);
#1667=ORIENTED_EDGE('',*,*,#1213,.F.);
#1668=ORIENTED_EDGE('',*,*,#1216,.F.);
#1669=ORIENTED_EDGE('',*,*,#1219,.F.);
#1670=ORIENTED_EDGE('',*,*,#1222,.F.);
#1671=ORIENTED_EDGE('',*,*,#1225,.F.);
#1672=ORIENTED_EDGE('',*,*,#1189,.F.);
#1673=ORIENTED_EDGE('',*,*,#1191,.F.);
#1674=ORIENTED_EDGE('',*,*,#1195,.F.);
#1675=ORIENTED_EDGE('',*,*,#1200,.F.);
#1676=ORIENTED_EDGE('',*,*,#1228,.F.);
#1677=ORIENTED_EDGE('',*,*,#1229,.F.);
#1678=ORIENTED_EDGE('',*,*,#1230,.F.);
#1679=ORIENTED_EDGE('',*,*,#1231,.F.);
#1680=ORIENTED_EDGE('',*,*,#1232,.F.);
#1681=ORIENTED_EDGE('',*,*,#1233,.F.);
#1682=ORIENTED_EDGE('',*,*,#1234,.F.);
#1683=ORIENTED_EDGE('',*,*,#1235,.F.);
#1684=ORIENTED_EDGE('',*,*,#1236,.F.);
#1685=ORIENTED_EDGE('',*,*,#1237,.F.);
#1686=ORIENTED_EDGE('',*,*,#1238,.F.);
#1687=ORIENTED_EDGE('',*,*,#1239,.F.);
#1688=ORIENTED_EDGE('',*,*,#1240,.F.);
#1689=ORIENTED_EDGE('',*,*,#1241,.F.);
#1690=ORIENTED_EDGE('',*,*,#1242,.F.);
#1691=ORIENTED_EDGE('',*,*,#1243,.F.);
#1692=ORIENTED_EDGE('',*,*,#1235,.T.);
#1693=ORIENTED_EDGE('',*,*,#1244,.T.);
#1694=ORIENTED_EDGE('',*,*,#1245,.T.);
#1695=ORIENTED_EDGE('',*,*,#1246,.F.);
#1696=ORIENTED_EDGE('',*,*,#1234,.T.);
#1697=ORIENTED_EDGE('',*,*,#1247,.T.);
#1698=ORIENTED_EDGE('',*,*,#1248,.T.);
#1699=ORIENTED_EDGE('',*,*,#1244,.F.);
#1700=ORIENTED_EDGE('',*,*,#1233,.T.);
#1701=ORIENTED_EDGE('',*,*,#1249,.T.);
#1702=ORIENTED_EDGE('',*,*,#1250,.T.);
#1703=ORIENTED_EDGE('',*,*,#1247,.F.);
#1704=ORIENTED_EDGE('',*,*,#1232,.T.);
#1705=ORIENTED_EDGE('',*,*,#1251,.T.);
#1706=ORIENTED_EDGE('',*,*,#1252,.T.);
#1707=ORIENTED_EDGE('',*,*,#1249,.F.);
#1708=ORIENTED_EDGE('',*,*,#1231,.T.);
#1709=ORIENTED_EDGE('',*,*,#1253,.F.);
#1710=ORIENTED_EDGE('',*,*,#1254,.T.);
#1711=ORIENTED_EDGE('',*,*,#1098,.T.);
#1712=ORIENTED_EDGE('',*,*,#1255,.T.);
#1713=ORIENTED_EDGE('',*,*,#1251,.F.);
#1714=ORIENTED_EDGE('',*,*,#1230,.T.);
#1715=ORIENTED_EDGE('',*,*,#1256,.T.);
#1716=ORIENTED_EDGE('',*,*,#1257,.T.);
#1717=ORIENTED_EDGE('',*,*,#1253,.T.);
#1718=ORIENTED_EDGE('',*,*,#1229,.T.);
#1719=ORIENTED_EDGE('',*,*,#1258,.F.);
#1720=ORIENTED_EDGE('',*,*,#1259,.T.);
#1721=ORIENTED_EDGE('',*,*,#1100,.T.);
#1722=ORIENTED_EDGE('',*,*,#1260,.T.);
#1723=ORIENTED_EDGE('',*,*,#1256,.F.);
#1724=ORIENTED_EDGE('',*,*,#1228,.T.);
#1725=ORIENTED_EDGE('',*,*,#1261,.T.);
#1726=ORIENTED_EDGE('',*,*,#1262,.T.);
#1727=ORIENTED_EDGE('',*,*,#1258,.T.);
#1728=ORIENTED_EDGE('',*,*,#1240,.T.);
#1729=ORIENTED_EDGE('',*,*,#1263,.T.);
#1730=ORIENTED_EDGE('',*,*,#1264,.T.);
#1731=ORIENTED_EDGE('',*,*,#1265,.F.);
#1732=ORIENTED_EDGE('',*,*,#1238,.T.);
#1733=ORIENTED_EDGE('',*,*,#1266,.T.);
#1734=ORIENTED_EDGE('',*,*,#1267,.T.);
#1735=ORIENTED_EDGE('',*,*,#1268,.T.);
#1736=ORIENTED_EDGE('',*,*,#1236,.T.);
#1737=ORIENTED_EDGE('',*,*,#1246,.T.);
#1738=ORIENTED_EDGE('',*,*,#1269,.T.);
#1739=ORIENTED_EDGE('',*,*,#1270,.T.);
#1740=ORIENTED_EDGE('',*,*,#1255,.F.);
#1741=ORIENTED_EDGE('',*,*,#1097,.F.);
#1742=ORIENTED_EDGE('',*,*,#1271,.F.);
#1743=ORIENTED_EDGE('',*,*,#1272,.F.);
#1744=ORIENTED_EDGE('',*,*,#1252,.F.);
#1745=ORIENTED_EDGE('',*,*,#1260,.F.);
#1746=ORIENTED_EDGE('',*,*,#1099,.F.);
#1747=ORIENTED_EDGE('',*,*,#1254,.F.);
#1748=ORIENTED_EDGE('',*,*,#1257,.F.);
#1749=ORIENTED_EDGE('',*,*,#1269,.F.);
#1750=ORIENTED_EDGE('',*,*,#1273,.F.);
#1751=ORIENTED_EDGE('',*,*,#1274,.F.);
#1752=ORIENTED_EDGE('',*,*,#1095,.F.);
#1753=ORIENTED_EDGE('',*,*,#1275,.F.);
#1754=ORIENTED_EDGE('',*,*,#1276,.F.);
#1755=ORIENTED_EDGE('',*,*,#1103,.F.);
#1756=ORIENTED_EDGE('',*,*,#1277,.F.);
#1757=ORIENTED_EDGE('',*,*,#1278,.F.);
#1758=ORIENTED_EDGE('',*,*,#1264,.F.);
#1759=ORIENTED_EDGE('',*,*,#1237,.T.);
#1760=ORIENTED_EDGE('',*,*,#1270,.F.);
#1761=ORIENTED_EDGE('',*,*,#1275,.T.);
#1762=ORIENTED_EDGE('',*,*,#1094,.T.);
#1763=ORIENTED_EDGE('',*,*,#1279,.T.);
#1764=ORIENTED_EDGE('',*,*,#1266,.F.);
#1765=ORIENTED_EDGE('',*,*,#1267,.F.);
#1766=ORIENTED_EDGE('',*,*,#1279,.F.);
#1767=ORIENTED_EDGE('',*,*,#1105,.F.);
#1768=ORIENTED_EDGE('',*,*,#1280,.F.);
#1769=ORIENTED_EDGE('',*,*,#1262,.F.);
#1770=ORIENTED_EDGE('',*,*,#1281,.T.);
#1771=ORIENTED_EDGE('',*,*,#1282,.F.);
#1772=ORIENTED_EDGE('',*,*,#1101,.F.);
#1773=ORIENTED_EDGE('',*,*,#1259,.F.);
#1774=ORIENTED_EDGE('',*,*,#1239,.T.);
#1775=ORIENTED_EDGE('',*,*,#1268,.F.);
#1776=ORIENTED_EDGE('',*,*,#1280,.T.);
#1777=ORIENTED_EDGE('',*,*,#1104,.T.);
#1778=ORIENTED_EDGE('',*,*,#1276,.T.);
#1779=ORIENTED_EDGE('',*,*,#1263,.F.);
#1780=ORIENTED_EDGE('',*,*,#1283,.F.);
#1781=ORIENTED_EDGE('',*,*,#1278,.T.);
#1782=ORIENTED_EDGE('',*,*,#1284,.F.);
#1783=ORIENTED_EDGE('',*,*,#1285,.F.);
#1784=ORIENTED_EDGE('',*,*,#1286,.F.);
#1785=ORIENTED_EDGE('',*,*,#1284,.T.);
#1786=ORIENTED_EDGE('',*,*,#1277,.T.);
#1787=ORIENTED_EDGE('',*,*,#1102,.F.);
#1788=ORIENTED_EDGE('',*,*,#1282,.T.);
#1789=ORIENTED_EDGE('',*,*,#1287,.F.);
#1790=ORIENTED_EDGE('',*,*,#1285,.T.);
#1791=ORIENTED_EDGE('',*,*,#1281,.F.);
#1792=ORIENTED_EDGE('',*,*,#1250,.F.);
#1793=ORIENTED_EDGE('',*,*,#1272,.T.);
#1794=ORIENTED_EDGE('',*,*,#1288,.F.);
#1795=ORIENTED_EDGE('',*,*,#1289,.F.);
#1796=ORIENTED_EDGE('',*,*,#1248,.F.);
#1797=ORIENTED_EDGE('',*,*,#1288,.T.);
#1798=ORIENTED_EDGE('',*,*,#1271,.T.);
#1799=ORIENTED_EDGE('',*,*,#1096,.F.);
#1800=ORIENTED_EDGE('',*,*,#1274,.T.);
#1801=ORIENTED_EDGE('',*,*,#1245,.F.);
#1802=ORIENTED_EDGE('',*,*,#1289,.T.);
#1803=ORIENTED_EDGE('',*,*,#1273,.T.);
#1804=ORIENTED_EDGE('',*,*,#1243,.T.);
#1805=ORIENTED_EDGE('',*,*,#1290,.T.);
#1806=ORIENTED_EDGE('',*,*,#1287,.T.);
#1807=ORIENTED_EDGE('',*,*,#1261,.F.);
#1808=ORIENTED_EDGE('',*,*,#1242,.T.);
#1809=ORIENTED_EDGE('',*,*,#1291,.T.);
#1810=ORIENTED_EDGE('',*,*,#1286,.T.);
#1811=ORIENTED_EDGE('',*,*,#1290,.F.);
#1812=ORIENTED_EDGE('',*,*,#1241,.T.);
#1813=ORIENTED_EDGE('',*,*,#1265,.T.);
#1814=ORIENTED_EDGE('',*,*,#1283,.T.);
#1815=ORIENTED_EDGE('',*,*,#1291,.F.);
#1816=ORIENTED_EDGE('',*,*,#1187,.T.);
#1817=ORIENTED_EDGE('',*,*,#1165,.T.);
#1818=ORIENTED_EDGE('',*,*,#1292,.T.);
#1819=ORIENTED_EDGE('',*,*,#1293,.T.);
#1820=ORIENTED_EDGE('',*,*,#1294,.T.);
#1821=ORIENTED_EDGE('',*,*,#1177,.T.);
#1822=ORIENTED_EDGE('',*,*,#1198,.T.);
#1823=ORIENTED_EDGE('',*,*,#1178,.T.);
#1824=ORIENTED_EDGE('',*,*,#1148,.T.);
#1825=ORIENTED_EDGE('',*,*,#1197,.T.);
#1826=ORIENTED_EDGE('',*,*,#1193,.T.);
#1827=ORIENTED_EDGE('',*,*,#1192,.T.);
#1828=ORIENTED_EDGE('',*,*,#1168,.T.);
#1829=ORIENTED_EDGE('',*,*,#1196,.T.);
#1830=ORIENTED_EDGE('',*,*,#1170,.T.);
#1831=ORIENTED_EDGE('',*,*,#1295,.F.);
#1832=ORIENTED_EDGE('',*,*,#1296,.T.);
#1833=ORIENTED_EDGE('',*,*,#1297,.T.);
#1834=ORIENTED_EDGE('',*,*,#1130,.T.);
#1835=ORIENTED_EDGE('',*,*,#1298,.T.);
#1836=ORIENTED_EDGE('',*,*,#1176,.T.);
#1837=ORIENTED_EDGE('',*,*,#1294,.F.);
#1838=ORIENTED_EDGE('',*,*,#1299,.T.);
#1839=ORIENTED_EDGE('',*,*,#1300,.T.);
#1840=ORIENTED_EDGE('',*,*,#1174,.T.);
#1841=ORIENTED_EDGE('',*,*,#1298,.F.);
#1842=ORIENTED_EDGE('',*,*,#1301,.T.);
#1843=ORIENTED_EDGE('',*,*,#1295,.T.);
#1844=ORIENTED_EDGE('',*,*,#1172,.T.);
#1845=ORIENTED_EDGE('',*,*,#1300,.F.);
#1846=ORIENTED_EDGE('',*,*,#1302,.T.);
#1847=ORIENTED_EDGE('',*,*,#1303,.T.);
#1848=ORIENTED_EDGE('',*,*,#1128,.T.);
#1849=ORIENTED_EDGE('',*,*,#1297,.F.);
#1850=ORIENTED_EDGE('',*,*,#1304,.T.);
#1851=ORIENTED_EDGE('',*,*,#1305,.T.);
#1852=ORIENTED_EDGE('',*,*,#1125,.T.);
#1853=ORIENTED_EDGE('',*,*,#1303,.F.);
#1854=ORIENTED_EDGE('',*,*,#1306,.T.);
#1855=ORIENTED_EDGE('',*,*,#1292,.F.);
#1856=ORIENTED_EDGE('',*,*,#1167,.T.);
#1857=ORIENTED_EDGE('',*,*,#1305,.F.);
#1858=ORIENTED_EDGE('',*,*,#1307,.T.);
#1859=ORIENTED_EDGE('',*,*,#1302,.F.);
#1860=ORIENTED_EDGE('',*,*,#1308,.F.);
#1861=ORIENTED_EDGE('',*,*,#1309,.T.);
#1862=ORIENTED_EDGE('',*,*,#1310,.T.);
#1863=ORIENTED_EDGE('',*,*,#1301,.F.);
#1864=ORIENTED_EDGE('',*,*,#1311,.F.);
#1865=ORIENTED_EDGE('',*,*,#1312,.F.);
#1866=ORIENTED_EDGE('',*,*,#1308,.T.);
#1867=ORIENTED_EDGE('',*,*,#1299,.F.);
#1868=ORIENTED_EDGE('',*,*,#1313,.F.);
#1869=ORIENTED_EDGE('',*,*,#1314,.T.);
#1870=ORIENTED_EDGE('',*,*,#1311,.T.);
#1871=ORIENTED_EDGE('',*,*,#1293,.F.);
#1872=ORIENTED_EDGE('',*,*,#1315,.F.);
#1873=ORIENTED_EDGE('',*,*,#1316,.F.);
#1874=ORIENTED_EDGE('',*,*,#1313,.T.);
#1875=ORIENTED_EDGE('',*,*,#1307,.F.);
#1876=ORIENTED_EDGE('',*,*,#1317,.F.);
#1877=ORIENTED_EDGE('',*,*,#1318,.T.);
#1878=ORIENTED_EDGE('',*,*,#1315,.T.);
#1879=ORIENTED_EDGE('',*,*,#1306,.F.);
#1880=ORIENTED_EDGE('',*,*,#1319,.F.);
#1881=ORIENTED_EDGE('',*,*,#1320,.F.);
#1882=ORIENTED_EDGE('',*,*,#1317,.T.);
#1883=ORIENTED_EDGE('',*,*,#1304,.F.);
#1884=ORIENTED_EDGE('',*,*,#1321,.F.);
#1885=ORIENTED_EDGE('',*,*,#1322,.T.);
#1886=ORIENTED_EDGE('',*,*,#1319,.T.);
#1887=ORIENTED_EDGE('',*,*,#1296,.F.);
#1888=ORIENTED_EDGE('',*,*,#1310,.F.);
#1889=ORIENTED_EDGE('',*,*,#1323,.F.);
#1890=ORIENTED_EDGE('',*,*,#1321,.T.);
#1891=ORIENTED_EDGE('',*,*,#1314,.F.);
#1892=ORIENTED_EDGE('',*,*,#1316,.T.);
#1893=ORIENTED_EDGE('',*,*,#1318,.F.);
#1894=ORIENTED_EDGE('',*,*,#1320,.T.);
#1895=ORIENTED_EDGE('',*,*,#1322,.F.);
#1896=ORIENTED_EDGE('',*,*,#1323,.T.);
#1897=ORIENTED_EDGE('',*,*,#1309,.F.);
#1898=ORIENTED_EDGE('',*,*,#1312,.T.);
#1899=ORIENTED_EDGE('',*,*,#1201,.T.);
#1900=ORIENTED_EDGE('',*,*,#1226,.T.);
#1901=ORIENTED_EDGE('',*,*,#1223,.T.);
#1902=ORIENTED_EDGE('',*,*,#1220,.T.);
#1903=ORIENTED_EDGE('',*,*,#1217,.T.);
#1904=ORIENTED_EDGE('',*,*,#1214,.T.);
#1905=ORIENTED_EDGE('',*,*,#1211,.T.);
#1906=ORIENTED_EDGE('',*,*,#1208,.T.);
#1907=ORIENTED_EDGE('',*,*,#1205,.T.);
#1908=CYLINDRICAL_SURFACE('',#2099,1.5);
#1909=CYLINDRICAL_SURFACE('',#2103,1.5);
#1910=CYLINDRICAL_SURFACE('',#2107,4.);
#1911=CYLINDRICAL_SURFACE('',#2129,5.);
#1912=CYLINDRICAL_SURFACE('',#2132,2.);
#1913=CYLINDRICAL_SURFACE('',#2134,2.);
#1914=CYLINDRICAL_SURFACE('',#2137,5.5);
#1915=CYLINDRICAL_SURFACE('',#2141,7.5);
#1916=CYLINDRICAL_SURFACE('',#2158,1.);
#1917=CYLINDRICAL_SURFACE('',#2159,1.);
#1918=CYLINDRICAL_SURFACE('',#2160,1.);
#1919=CYLINDRICAL_SURFACE('',#2162,0.179999999999998);
#1920=CYLINDRICAL_SURFACE('',#2165,1.5);
#1921=CYLINDRICAL_SURFACE('',#2173,1.);
#1922=CYLINDRICAL_SURFACE('',#2174,1.);
#1923=CYLINDRICAL_SURFACE('',#2175,1.);
#1924=CYLINDRICAL_SURFACE('',#2176,1.5);
#1925=CYLINDRICAL_SURFACE('',#2178,1.5);
#1926=CYLINDRICAL_SURFACE('',#2183,1.);
#1927=CYLINDRICAL_SURFACE('',#2185,1.);
#1928=CYLINDRICAL_SURFACE('',#2186,6.62608179742415);
#1929=CYLINDRICAL_SURFACE('',#2188,6.8287797441935);
#1930=CYLINDRICAL_SURFACE('',#2190,6.62608179742415);
#1931=CYLINDRICAL_SURFACE('',#2192,9.16200322751666);
#1932=CYLINDRICAL_SURFACE('',#2196,0.179999999999996);
#1933=CYLINDRICAL_SURFACE('',#2200,0.179999999999982);
#1934=CYLINDRICAL_SURFACE('',#2203,0.179999999999995);
#1935=CYLINDRICAL_SURFACE('',#2207,1.5);
#1936=CYLINDRICAL_SURFACE('',#2218,1.5);
#1937=CYLINDRICAL_SURFACE('',#2220,1.);
#1938=CYLINDRICAL_SURFACE('',#2222,1.);
#1939=CYLINDRICAL_SURFACE('',#2224,1.5);
#1940=CYLINDRICAL_SURFACE('',#2226,0.999999999999996);
#1941=CYLINDRICAL_SURFACE('',#2229,1.5);
#1942=CYLINDRICAL_SURFACE('',#2232,1.5);
#1943=CYLINDRICAL_SURFACE('',#2234,0.999999999999996);
#1944=CYLINDRICAL_SURFACE('',#2236,2.33922012748666);
#1945=CYLINDRICAL_SURFACE('',#2240,2.33429864835697);
#1946=CYLINDRICAL_SURFACE('',#2245,2.68135887540622);
#1947=CYLINDRICAL_SURFACE('',#2249,2.40762586001128);
#1948=CYLINDRICAL_SURFACE('',#2262,2.18);
#1949=CYLINDRICAL_SURFACE('',#2265,2.18);
#1950=CYLINDRICAL_SURFACE('',#2268,2.5);
#1951=CYLINDRICAL_SURFACE('',#2272,2.5);
#1952=CYLINDRICAL_SURFACE('',#2285,2.5);
#1953=CYLINDRICAL_SURFACE('',#2290,2.5);
#1954=CYLINDRICAL_SURFACE('',#2299,2.17999999999999);
#1955=CYLINDRICAL_SURFACE('',#2301,2.17999999999999);
#1956=CYLINDRICAL_SURFACE('',#2315,3.17999999999999);
#1957=CYLINDRICAL_SURFACE('',#2318,3.17999999999999);
#1958=CYLINDRICAL_SURFACE('',#2321,3.18);
#1959=CYLINDRICAL_SURFACE('',#2324,3.18);
#1960=ADVANCED_FACE('',(#135),#1908,.F.);
#1961=ADVANCED_FACE('',(#136),#74,.T.);
#1962=ADVANCED_FACE('',(#137),#1909,.F.);
#1963=ADVANCED_FACE('',(#138),#75,.T.);
#1964=ADVANCED_FACE('',(#139),#1910,.F.);
#1965=ADVANCED_FACE('',(#140,#51),#76,.T.);
#1966=ADVANCED_FACE('',(#141),#77,.T.);
#1967=ADVANCED_FACE('',(#142),#78,.T.);
#1968=ADVANCED_FACE('',(#143),#79,.T.);
#1969=ADVANCED_FACE('',(#144),#80,.T.);
#1970=ADVANCED_FACE('',(#145),#81,.T.);
#1971=ADVANCED_FACE('',(#146),#82,.T.);
#1972=ADVANCED_FACE('',(#147,#52,#53),#83,.T.);
#1973=ADVANCED_FACE('',(#148),#1911,.F.);
#1974=ADVANCED_FACE('',(#149),#1912,.F.);
#1975=ADVANCED_FACE('',(#150),#1913,.F.);
#1976=ADVANCED_FACE('',(#151),#1914,.F.);
#1977=ADVANCED_FACE('',(#152,#54),#84,.T.);
#1978=ADVANCED_FACE('',(#153),#1915,.F.);
#1979=ADVANCED_FACE('',(#154,#55),#85,.T.);
#1980=ADVANCED_FACE('',(#155,#56,#57,#58,#59,#60),#86,.F.);
#1981=ADVANCED_FACE('',(#156),#47,.F.);
#1982=ADVANCED_FACE('',(#157),#48,.F.);
#1983=ADVANCED_FACE('',(#158),#1916,.T.);
#1984=ADVANCED_FACE('',(#159),#1917,.T.);
#1985=ADVANCED_FACE('',(#160),#1918,.T.);
#1986=ADVANCED_FACE('',(#161),#87,.T.);
#1987=ADVANCED_FACE('',(#162),#1919,.T.);
#1988=ADVANCED_FACE('',(#163),#88,.T.);
#1989=ADVANCED_FACE('',(#164),#1920,.F.);
#1990=ADVANCED_FACE('',(#165),#49,.F.);
#1991=ADVANCED_FACE('',(#166),#50,.F.);
#1992=ADVANCED_FACE('',(#167),#1921,.T.);
#1993=ADVANCED_FACE('',(#168),#1922,.T.);
#1994=ADVANCED_FACE('',(#169),#1923,.T.);
#1995=ADVANCED_FACE('',(#170),#1924,.F.);
#1996=ADVANCED_FACE('',(#171),#1925,.F.);
#1997=ADVANCED_FACE('',(#172),#89,.F.);
#1998=ADVANCED_FACE('',(#173),#90,.F.);
#1999=ADVANCED_FACE('',(#174),#91,.F.);
#2000=ADVANCED_FACE('',(#175),#1926,.F.);
#2001=ADVANCED_FACE('',(#176),#92,.F.);
#2002=ADVANCED_FACE('',(#177),#1927,.F.);
#2003=ADVANCED_FACE('',(#178),#1928,.F.);
#2004=ADVANCED_FACE('',(#179),#1929,.F.);
#2005=ADVANCED_FACE('',(#180),#1930,.F.);
#2006=ADVANCED_FACE('',(#181),#1931,.F.);
#2007=ADVANCED_FACE('',(#182,#61,#62,#63),#93,.T.);
#2008=ADVANCED_FACE('',(#183),#94,.T.);
#2009=ADVANCED_FACE('',(#184),#1932,.T.);
#2010=ADVANCED_FACE('',(#185),#95,.T.);
#2011=ADVANCED_FACE('',(#186),#96,.T.);
#2012=ADVANCED_FACE('',(#187),#1933,.T.);
#2013=ADVANCED_FACE('',(#188),#97,.T.);
#2014=ADVANCED_FACE('',(#189),#1934,.T.);
#2015=ADVANCED_FACE('',(#190),#98,.T.);
#2016=ADVANCED_FACE('',(#191),#99,.T.);
#2017=ADVANCED_FACE('',(#192),#1935,.F.);
#2018=ADVANCED_FACE('',(#193,#64),#100,.T.);
#2019=ADVANCED_FACE('',(#194,#65),#101,.T.);
#2020=ADVANCED_FACE('',(#195,#66),#102,.T.);
#2021=ADVANCED_FACE('',(#196),#1936,.T.);
#2022=ADVANCED_FACE('',(#197),#1937,.F.);
#2023=ADVANCED_FACE('',(#198),#1938,.F.);
#2024=ADVANCED_FACE('',(#199),#1939,.T.);
#2025=ADVANCED_FACE('',(#200),#1940,.F.);
#2026=ADVANCED_FACE('',(#201),#1941,.T.);
#2027=ADVANCED_FACE('',(#202),#1942,.T.);
#2028=ADVANCED_FACE('',(#203),#1943,.F.);
#2029=ADVANCED_FACE('',(#204),#1944,.F.);
#2030=ADVANCED_FACE('',(#205),#103,.F.);
#2031=ADVANCED_FACE('',(#206),#1945,.F.);
#2032=ADVANCED_FACE('',(#207),#104,.F.);
#2033=ADVANCED_FACE('',(#208),#105,.F.);
#2034=ADVANCED_FACE('',(#209),#1946,.F.);
#2035=ADVANCED_FACE('',(#210),#106,.F.);
#2036=ADVANCED_FACE('',(#211),#1947,.F.);
#2037=ADVANCED_FACE('',(#212),#107,.F.);
#2038=ADVANCED_FACE('',(#213,#67,#68,#69,#70,#71),#108,.T.);
#2039=ADVANCED_FACE('',(#214),#1948,.F.);
#2040=ADVANCED_FACE('',(#215),#109,.F.);
#2041=ADVANCED_FACE('',(#216),#1949,.F.);
#2042=ADVANCED_FACE('',(#217),#110,.F.);
#2043=ADVANCED_FACE('',(#218),#1950,.T.);
#2044=ADVANCED_FACE('',(#219),#111,.F.);
#2045=ADVANCED_FACE('',(#220),#1951,.T.);
#2046=ADVANCED_FACE('',(#221),#112,.F.);
#2047=ADVANCED_FACE('',(#222),#113,.F.);
#2048=ADVANCED_FACE('',(#223),#114,.F.);
#2049=ADVANCED_FACE('',(#224),#115,.F.);
#2050=ADVANCED_FACE('',(#225),#116,.F.);
#2051=ADVANCED_FACE('',(#226),#117,.F.);
#2052=ADVANCED_FACE('',(#227),#118,.F.);
#2053=ADVANCED_FACE('',(#228),#119,.F.);
#2054=ADVANCED_FACE('',(#229),#1952,.T.);
#2055=ADVANCED_FACE('',(#230),#120,.F.);
#2056=ADVANCED_FACE('',(#231),#121,.F.);
#2057=ADVANCED_FACE('',(#232),#1953,.T.);
#2058=ADVANCED_FACE('',(#233),#15,.F.);
#2059=ADVANCED_FACE('',(#234),#122,.F.);
#2060=ADVANCED_FACE('',(#235),#16,.F.);
#2061=ADVANCED_FACE('',(#236),#17,.F.);
#2062=ADVANCED_FACE('',(#237),#123,.F.);
#2063=ADVANCED_FACE('',(#238),#18,.F.);
#2064=ADVANCED_FACE('',(#239),#1954,.F.);
#2065=ADVANCED_FACE('',(#240),#124,.F.);
#2066=ADVANCED_FACE('',(#241),#1955,.F.);
#2067=ADVANCED_FACE('',(#242),#125,.T.);
#2068=ADVANCED_FACE('',(#243,#72),#126,.T.);
#2069=ADVANCED_FACE('',(#244),#127,.T.);
#2070=ADVANCED_FACE('',(#245),#19,.T.);
#2071=ADVANCED_FACE('',(#246),#128,.T.);
#2072=ADVANCED_FACE('',(#247),#20,.T.);
#2073=ADVANCED_FACE('',(#248),#21,.T.);
#2074=ADVANCED_FACE('',(#249),#129,.T.);
#2075=ADVANCED_FACE('',(#250),#22,.T.);
#2076=ADVANCED_FACE('',(#251),#1956,.T.);
#2077=ADVANCED_FACE('',(#252),#130,.T.);
#2078=ADVANCED_FACE('',(#253),#1957,.T.);
#2079=ADVANCED_FACE('',(#254),#131,.T.);
#2080=ADVANCED_FACE('',(#255),#1958,.T.);
#2081=ADVANCED_FACE('',(#256),#132,.T.);
#2082=ADVANCED_FACE('',(#257),#1959,.T.);
#2083=ADVANCED_FACE('',(#258),#133,.T.);
#2084=ADVANCED_FACE('',(#259,#73),#134,.F.);
#2085=CLOSED_SHELL('',(#1960,#1961,#1962,#1963,#1964,#1965,#1966,#1967,
#1968,#1969,#1970,#1971,#1972,#1973,#1974,#1975,#1976,#1977,#1978,#1979,
#1980,#1981,#1982,#1983,#1984,#1985,#1986,#1987,#1988,#1989,#1990,#1991,
#1992,#1993,#1994,#1995,#1996,#1997,#1998,#1999,#2000,#2001,#2002,#2003,
#2004,#2005,#2006,#2007,#2008,#2009,#2010,#2011,#2012,#2013,#2014,#2015,
#2016,#2017,#2018,#2019,#2020,#2021,#2022,#2023,#2024,#2025,#2026,#2027,
#2028,#2029,#2030,#2031,#2032,#2033,#2034,#2035,#2036,#2037,#2038,#2039,
#2040,#2041,#2042,#2043,#2044,#2045,#2046,#2047,#2048,#2049,#2050,#2051,
#2052,#2053,#2054,#2055,#2056,#2057,#2058,#2059,#2060,#2061,#2062,#2063,
#2064,#2065,#2066,#2067,#2068,#2069,#2070,#2071,#2072,#2073,#2074,#2075,
#2076,#2077,#2078,#2079,#2080,#2081,#2082,#2083,#2084));
#2086=DERIVED_UNIT_ELEMENT(#2088,1.);
#2087=DERIVED_UNIT_ELEMENT(#3707,-3.);
#2088=(
MASS_UNIT()
NAMED_UNIT(*)
SI_UNIT(.KILO.,.GRAM.)
);
#2089=DERIVED_UNIT((#2086,#2087));
#2090=MEASURE_REPRESENTATION_ITEM('density measure',
POSITIVE_RATIO_MEASURE(7850.),#2089);
#2091=PROPERTY_DEFINITION_REPRESENTATION(#2096,#2093);
#2092=PROPERTY_DEFINITION_REPRESENTATION(#2097,#2094);
#2093=REPRESENTATION('material name',(#2095),#3704);
#2094=REPRESENTATION('density',(#2090),#3704);
#2095=DESCRIPTIVE_REPRESENTATION_ITEM('Steel','Steel');
#2096=PROPERTY_DEFINITION('material property','material name',#3714);
#2097=PROPERTY_DEFINITION('material property','density of part',#3714);
#2098=AXIS2_PLACEMENT_3D('',#2968,#2328,#2329);
#2099=AXIS2_PLACEMENT_3D('',#2969,#2330,#2331);
#2100=AXIS2_PLACEMENT_3D('',#2971,#2332,#2333);
#2101=AXIS2_PLACEMENT_3D('',#2974,#2335,#2336);
#2102=AXIS2_PLACEMENT_3D('',#2975,#2337,#2338);
#2103=AXIS2_PLACEMENT_3D('',#2976,#2339,#2340);
#2104=AXIS2_PLACEMENT_3D('',#2978,#2341,#2342);
#2105=AXIS2_PLACEMENT_3D('',#2981,#2344,#2345);
#2106=AXIS2_PLACEMENT_3D('',#2982,#2346,#2347);
#2107=AXIS2_PLACEMENT_3D('',#2983,#2348,#2349);
#2108=AXIS2_PLACEMENT_3D('',#2985,#2350,#2351);
#2109=AXIS2_PLACEMENT_3D('',#2988,#2353,#2354);
#2110=AXIS2_PLACEMENT_3D('',#2989,#2355,#2356);
#2111=AXIS2_PLACEMENT_3D('',#2991,#2357,#2358);
#2112=AXIS2_PLACEMENT_3D('',#2992,#2359,#2360);
#2113=AXIS2_PLACEMENT_3D('',#3001,#2365,#2366);
#2114=AXIS2_PLACEMENT_3D('',#3007,#2370,#2371);
#2115=AXIS2_PLACEMENT_3D('',#3016,#2376,#2377);
#2116=AXIS2_PLACEMENT_3D('',#3022,#2381,#2382);
#2117=AXIS2_PLACEMENT_3D('',#3028,#2386,#2387);
#2118=AXIS2_PLACEMENT_3D('',#3034,#2391,#2392);
#2119=AXIS2_PLACEMENT_3D('',#3036,#2393,#2394);
#2120=AXIS2_PLACEMENT_3D('',#3039,#2396,#2397);
#2121=AXIS2_PLACEMENT_3D('',#3041,#2398,#2399);
#2122=AXIS2_PLACEMENT_3D('',#3044,#2401,#2402);
#2123=AXIS2_PLACEMENT_3D('',#3047,#2403,#2404);
#2124=AXIS2_PLACEMENT_3D('',#3049,#2405,#2406);
#2125=AXIS2_PLACEMENT_3D('',#3051,#2407,#2408);
#2126=AXIS2_PLACEMENT_3D('',#3052,#2409,#2410);
#2127=AXIS2_PLACEMENT_3D('',#3055,#2411,#2412);
#2128=AXIS2_PLACEMENT_3D('',#3063,#2416,#2417);
#2129=AXIS2_PLACEMENT_3D('',#3065,#2419,#2420);
#2130=AXIS2_PLACEMENT_3D('',#3067,#2421,#2422);
#2131=AXIS2_PLACEMENT_3D('',#3070,#2424,#2425);
#2132=AXIS2_PLACEMENT_3D('',#3071,#2426,#2427);
#2133=AXIS2_PLACEMENT_3D('',#3073,#2428,#2429);
#2134=AXIS2_PLACEMENT_3D('',#3075,#2431,#2432);
#2135=AXIS2_PLACEMENT_3D('',#3077,#2433,#2434);
#2136=AXIS2_PLACEMENT_3D('',#3080,#2436,#2437);
#2137=AXIS2_PLACEMENT_3D('',#3081,#2438,#2439);
#2138=AXIS2_PLACEMENT_3D('',#3083,#2440,#2441);
#2139=AXIS2_PLACEMENT_3D('',#3086,#2443,#2444);
#2140=AXIS2_PLACEMENT_3D('',#3087,#2445,#2446);
#2141=AXIS2_PLACEMENT_3D('',#3088,#2447,#2448);
#2142=AXIS2_PLACEMENT_3D('',#3093,#2450,#2451);
#2143=AXIS2_PLACEMENT_3D('',#3096,#2453,#2454);
#2144=AXIS2_PLACEMENT_3D('',#3097,#2455,#2456);
#2145=AXIS2_PLACEMENT_3D('',#3099,#2458,#2459);
#2146=AXIS2_PLACEMENT_3D('',#3102,#2460,#2461);
#2147=AXIS2_PLACEMENT_3D('',#3110,#2465,#2466);
#2148=AXIS2_PLACEMENT_3D('',#3114,#2468,#2469);
#2149=AXIS2_PLACEMENT_3D('',#3122,#2473,#2474);
#2150=AXIS2_PLACEMENT_3D('',#3127,#2477,#2478);
#2151=AXIS2_PLACEMENT_3D('',#3135,#2482,#2483);
#2152=AXIS2_PLACEMENT_3D('',#3163,#2485,#2486);
#2153=AXIS2_PLACEMENT_3D('',#3165,#2487,#2488);
#2154=AXIS2_PLACEMENT_3D('',#3166,#2489,#2490);
#2155=AXIS2_PLACEMENT_3D('',#3193,#2491,#2492);
#2156=AXIS2_PLACEMENT_3D('',#3195,#2493,#2494);
#2157=AXIS2_PLACEMENT_3D('',#3196,#2495,#2496);
#2158=AXIS2_PLACEMENT_3D('',#3197,#2497,#2498);
#2159=AXIS2_PLACEMENT_3D('',#3212,#2500,#2501);
#2160=AXIS2_PLACEMENT_3D('',#3214,#2503,#2504);
#2161=AXIS2_PLACEMENT_3D('',#3229,#2506,#2507);
#2162=AXIS2_PLACEMENT_3D('',#3235,#2511,#2512);
#2163=AXIS2_PLACEMENT_3D('',#3238,#2514,#2515);
#2164=AXIS2_PLACEMENT_3D('',#3239,#2516,#2517);
#2165=AXIS2_PLACEMENT_3D('',#3243,#2520,#2521);
#2166=AXIS2_PLACEMENT_3D('',#3246,#2523,#2524);
#2167=AXIS2_PLACEMENT_3D('',#3273,#2525,#2526);
#2168=AXIS2_PLACEMENT_3D('',#3275,#2527,#2528);
#2169=AXIS2_PLACEMENT_3D('',#3276,#2529,#2530);
#2170=AXIS2_PLACEMENT_3D('',#3303,#2531,#2532);
#2171=AXIS2_PLACEMENT_3D('',#3305,#2533,#2534);
#2172=AXIS2_PLACEMENT_3D('',#3306,#2535,#2536);
#2173=AXIS2_PLACEMENT_3D('',#3307,#2537,#2538);
#2174=AXIS2_PLACEMENT_3D('',#3322,#2540,#2541);
#2175=AXIS2_PLACEMENT_3D('',#3324,#2543,#2544);
#2176=AXIS2_PLACEMENT_3D('',#3339,#2546,#2547);
#2177=AXIS2_PLACEMENT_3D('',#3343,#2549,#2550);
#2178=AXIS2_PLACEMENT_3D('',#3345,#2552,#2553);
#2179=AXIS2_PLACEMENT_3D('',#3349,#2555,#2556);
#2180=AXIS2_PLACEMENT_3D('',#3351,#2558,#2559);
#2181=AXIS2_PLACEMENT_3D('',#3354,#2562,#2563);
#2182=AXIS2_PLACEMENT_3D('',#3356,#2565,#2566);
#2183=AXIS2_PLACEMENT_3D('',#3358,#2568,#2569);
#2184=AXIS2_PLACEMENT_3D('',#3360,#2571,#2572);
#2185=AXIS2_PLACEMENT_3D('',#3362,#2574,#2575);
#2186=AXIS2_PLACEMENT_3D('',#3363,#2576,#2577);
#2187=AXIS2_PLACEMENT_3D('',#3367,#2579,#2580);
#2188=AXIS2_PLACEMENT_3D('',#3369,#2582,#2583);
#2189=AXIS2_PLACEMENT_3D('',#3372,#2585,#2586);
#2190=AXIS2_PLACEMENT_3D('',#3373,#2587,#2588);
#2191=AXIS2_PLACEMENT_3D('',#3376,#2590,#2591);
#2192=AXIS2_PLACEMENT_3D('',#3377,#2592,#2593);
#2193=AXIS2_PLACEMENT_3D('',#3378,#2594,#2595);
#2194=AXIS2_PLACEMENT_3D('',#3379,#2596,#2597);
#2195=AXIS2_PLACEMENT_3D('',#3380,#2598,#2599);
#2196=AXIS2_PLACEMENT_3D('',#3386,#2603,#2604);
#2197=AXIS2_PLACEMENT_3D('',#3387,#2605,#2606);
#2198=AXIS2_PLACEMENT_3D('',#3388,#2607,#2608);
#2199=AXIS2_PLACEMENT_3D('',#3390,#2610,#2611);
#2200=AXIS2_PLACEMENT_3D('',#3394,#2614,#2615);
#2201=AXIS2_PLACEMENT_3D('',#3397,#2617,#2618);
#2202=AXIS2_PLACEMENT_3D('',#3398,#2619,#2620);
#2203=AXIS2_PLACEMENT_3D('',#3402,#2623,#2624);
#2204=AXIS2_PLACEMENT_3D('',#3405,#2626,#2627);
#2205=AXIS2_PLACEMENT_3D('',#3406,#2628,#2629);
#2206=AXIS2_PLACEMENT_3D('',#3408,#2631,#2632);
#2207=AXIS2_PLACEMENT_3D('',#3412,#2635,#2636);
#2208=AXIS2_PLACEMENT_3D('',#3413,#2637,#2638);
#2209=AXIS2_PLACEMENT_3D('',#3414,#2639,#2640);
#2210=AXIS2_PLACEMENT_3D('',#3415,#2641,#2642);
#2211=AXIS2_PLACEMENT_3D('',#3417,#2643,#2644);
#2212=AXIS2_PLACEMENT_3D('',#3418,#2645,#2646);
#2213=AXIS2_PLACEMENT_3D('',#3419,#2647,#2648);
#2214=AXIS2_PLACEMENT_3D('',#3421,#2649,#2650);
#2215=AXIS2_PLACEMENT_3D('',#3422,#2651,#2652);
#2216=AXIS2_PLACEMENT_3D('',#3423,#2653,#2654);
#2217=AXIS2_PLACEMENT_3D('',#3425,#2655,#2656);
#2218=AXIS2_PLACEMENT_3D('',#3426,#2657,#2658);
#2219=AXIS2_PLACEMENT_3D('',#3427,#2659,#2660);
#2220=AXIS2_PLACEMENT_3D('',#3428,#2661,#2662);
#2221=AXIS2_PLACEMENT_3D('',#3431,#2664,#2665);
#2222=AXIS2_PLACEMENT_3D('',#3432,#2666,#2667);
#2223=AXIS2_PLACEMENT_3D('',#3435,#2669,#2670);
#2224=AXIS2_PLACEMENT_3D('',#3436,#2671,#2672);
#2225=AXIS2_PLACEMENT_3D('',#3437,#2673,#2674);
#2226=AXIS2_PLACEMENT_3D('',#3438,#2675,#2676);
#2227=AXIS2_PLACEMENT_3D('',#3440,#2677,#2678);
#2228=AXIS2_PLACEMENT_3D('',#3443,#2680,#2681);
#2229=AXIS2_PLACEMENT_3D('',#3444,#2682,#2683);
#2230=AXIS2_PLACEMENT_3D('',#3445,#2684,#2685);
#2231=AXIS2_PLACEMENT_3D('',#3446,#2686,#2687);
#2232=AXIS2_PLACEMENT_3D('',#3447,#2688,#2689);
#2233=AXIS2_PLACEMENT_3D('',#3448,#2690,#2691);
#2234=AXIS2_PLACEMENT_3D('',#3449,#2692,#2693);
#2235=AXIS2_PLACEMENT_3D('',#3452,#2695,#2696);
#2236=AXIS2_PLACEMENT_3D('',#3453,#2697,#2698);
#2237=AXIS2_PLACEMENT_3D('',#3456,#2699,#2700);
#2238=AXIS2_PLACEMENT_3D('',#3460,#2702,#2703);
#2239=AXIS2_PLACEMENT_3D('',#3462,#2705,#2706);
#2240=AXIS2_PLACEMENT_3D('',#3468,#2710,#2711);
#2241=AXIS2_PLACEMENT_3D('',#3470,#2712,#2713);
#2242=AXIS2_PLACEMENT_3D('',#3473,#2715,#2716);
#2243=AXIS2_PLACEMENT_3D('',#3474,#2717,#2718);
#2244=AXIS2_PLACEMENT_3D('',#3480,#2722,#2723);
#2245=AXIS2_PLACEMENT_3D('',#3486,#2727,#2728);
#2246=AXIS2_PLACEMENT_3D('',#3488,#2729,#2730);
#2247=AXIS2_PLACEMENT_3D('',#3491,#2732,#2733);
#2248=AXIS2_PLACEMENT_3D('',#3492,#2734,#2735);
#2249=AXIS2_PLACEMENT_3D('',#3498,#2739,#2740);
#2250=AXIS2_PLACEMENT_3D('',#3500,#2741,#2742);
#2251=AXIS2_PLACEMENT_3D('',#3503,#2744,#2745);
#2252=AXIS2_PLACEMENT_3D('',#3504,#2746,#2747);
#2253=AXIS2_PLACEMENT_3D('',#3507,#2750,#2751);
#2254=AXIS2_PLACEMENT_3D('',#3512,#2753,#2754);
#2255=AXIS2_PLACEMENT_3D('',#3516,#2756,#2757);
#2256=AXIS2_PLACEMENT_3D('',#3520,#2759,#2760);
#2257=AXIS2_PLACEMENT_3D('',#3524,#2762,#2763);
#2258=AXIS2_PLACEMENT_3D('',#3528,#2765,#2766);
#2259=AXIS2_PLACEMENT_3D('',#3532,#2768,#2769);
#2260=AXIS2_PLACEMENT_3D('',#3536,#2771,#2772);
#2261=AXIS2_PLACEMENT_3D('',#3539,#2774,#2775);
#2262=AXIS2_PLACEMENT_3D('',#3540,#2776,#2777);
#2263=AXIS2_PLACEMENT_3D('',#3544,#2779,#2780);
#2264=AXIS2_PLACEMENT_3D('',#3546,#2782,#2783);
#2265=AXIS2_PLACEMENT_3D('',#3550,#2786,#2787);
#2266=AXIS2_PLACEMENT_3D('',#3553,#2789,#2790);
#2267=AXIS2_PLACEMENT_3D('',#3554,#2791,#2792);
#2268=AXIS2_PLACEMENT_3D('',#3558,#2795,#2796);
#2269=AXIS2_PLACEMENT_3D('',#3561,#2798,#2799);
#2270=AXIS2_PLACEMENT_3D('',#3562,#2800,#2801);
#2271=AXIS2_PLACEMENT_3D('',#3563,#2802,#2803);
#2272=AXIS2_PLACEMENT_3D('',#3567,#2806,#2807);
#2273=AXIS2_PLACEMENT_3D('',#3570,#2809,#2810);
#2274=AXIS2_PLACEMENT_3D('',#3571,#2811,#2812);
#2275=AXIS2_PLACEMENT_3D('',#3572,#2813,#2814);
#2276=AXIS2_PLACEMENT_3D('',#3576,#2817,#2818);
#2277=AXIS2_PLACEMENT_3D('',#3582,#2822,#2823);
#2278=AXIS2_PLACEMENT_3D('',#3588,#2827,#2828);
#2279=AXIS2_PLACEMENT_3D('',#3592,#2831,#2832);
#2280=AXIS2_PLACEMENT_3D('',#3596,#2835,#2836);
#2281=AXIS2_PLACEMENT_3D('',#3597,#2837,#2838);
#2282=AXIS2_PLACEMENT_3D('',#3601,#2841,#2842);
#2283=AXIS2_PLACEMENT_3D('',#3602,#2843,#2844);
#2284=AXIS2_PLACEMENT_3D('',#3603,#2845,#2846);
#2285=AXIS2_PLACEMENT_3D('',#3607,#2849,#2850);
#2286=AXIS2_PLACEMENT_3D('',#3608,#2851,#2852);
#2287=AXIS2_PLACEMENT_3D('',#3609,#2853,#2854);
#2288=AXIS2_PLACEMENT_3D('',#3610,#2855,#2856);
#2289=AXIS2_PLACEMENT_3D('',#3611,#2857,#2858);
#2290=AXIS2_PLACEMENT_3D('',#3615,#2861,#2862);
#2291=AXIS2_PLACEMENT_3D('',#3616,#2863,#2864);
#2292=AXIS2_PLACEMENT_3D('',#3618,#2865,#2866);
#2293=AXIS2_PLACEMENT_3D('',#3620,#2868,#2869);
#2294=AXIS2_PLACEMENT_3D('',#3624,#2872,#2873);
#2295=AXIS2_PLACEMENT_3D('',#3625,#2874,#2875);
#2296=AXIS2_PLACEMENT_3D('',#3626,#2876,#2877);
#2297=AXIS2_PLACEMENT_3D('',#3628,#2879,#2880);
#2298=AXIS2_PLACEMENT_3D('',#3630,#2882,#2883);
#2299=AXIS2_PLACEMENT_3D('',#3631,#2884,#2885);
#2300=AXIS2_PLACEMENT_3D('',#3633,#2887,#2888);
#2301=AXIS2_PLACEMENT_3D('',#3635,#2890,#2891);
#2302=AXIS2_PLACEMENT_3D('',#3636,#2892,#2893);
#2303=AXIS2_PLACEMENT_3D('',#3642,#2897,#2898);
#2304=AXIS2_PLACEMENT_3D('',#3643,#2899,#2900);
#2305=AXIS2_PLACEMENT_3D('',#3649,#2904,#2905);
#2306=AXIS2_PLACEMENT_3D('',#3652,#2907,#2908);
#2307=AXIS2_PLACEMENT_3D('',#3653,#2909,#2910);
#2308=AXIS2_PLACEMENT_3D('',#3657,#2913,#2914);
#2309=AXIS2_PLACEMENT_3D('',#3658,#2915,#2916);
#2310=AXIS2_PLACEMENT_3D('',#3659,#2917,#2918);
#2311=AXIS2_PLACEMENT_3D('',#3662,#2920,#2921);
#2312=AXIS2_PLACEMENT_3D('',#3663,#2922,#2923);
#2313=AXIS2_PLACEMENT_3D('',#3667,#2926,#2927);
#2314=AXIS2_PLACEMENT_3D('',#3668,#2928,#2929);
#2315=AXIS2_PLACEMENT_3D('',#3669,#2930,#2931);
#2316=AXIS2_PLACEMENT_3D('',#3673,#2933,#2934);
#2317=AXIS2_PLACEMENT_3D('',#3675,#2936,#2937);
#2318=AXIS2_PLACEMENT_3D('',#3679,#2940,#2941);
#2319=AXIS2_PLACEMENT_3D('',#3682,#2943,#2944);
#2320=AXIS2_PLACEMENT_3D('',#3683,#2945,#2946);
#2321=AXIS2_PLACEMENT_3D('',#3687,#2949,#2950);
#2322=AXIS2_PLACEMENT_3D('',#3690,#2952,#2953);
#2323=AXIS2_PLACEMENT_3D('',#3691,#2954,#2955);
#2324=AXIS2_PLACEMENT_3D('',#3695,#2958,#2959);
#2325=AXIS2_PLACEMENT_3D('',#3698,#2961,#2962);
#2326=AXIS2_PLACEMENT_3D('',#3699,#2963,#2964);
#2327=AXIS2_PLACEMENT_3D('',#3701,#2966,#2967);
#2328=DIRECTION('axis',(0.,0.,1.));
#2329=DIRECTION('refdir',(1.,0.,0.));
#2330=DIRECTION('center_axis',(0.,0.,1.));
#2331=DIRECTION('ref_axis',(1.,0.,0.));
#2332=DIRECTION('center_axis',(0.,0.,1.));
#2333=DIRECTION('ref_axis',(1.,0.,0.));
#2334=DIRECTION('',(0.,0.,1.));
#2335=DIRECTION('center_axis',(0.,0.,1.));
#2336=DIRECTION('ref_axis',(1.,0.,0.));
#2337=DIRECTION('center_axis',(0.,0.,-1.));
#2338=DIRECTION('ref_axis',(1.,0.,0.));
#2339=DIRECTION('center_axis',(0.,0.,1.));
#2340=DIRECTION('ref_axis',(1.,0.,0.));
#2341=DIRECTION('center_axis',(0.,0.,1.));
#2342=DIRECTION('ref_axis',(1.,0.,0.));
#2343=DIRECTION('',(0.,0.,1.));
#2344=DIRECTION('center_axis',(0.,0.,1.));
#2345=DIRECTION('ref_axis',(1.,0.,0.));
#2346=DIRECTION('center_axis',(0.,0.,-1.));
#2347=DIRECTION('ref_axis',(1.,0.,0.));
#2348=DIRECTION('center_axis',(0.,0.,1.));
#2349=DIRECTION('ref_axis',(1.,0.,0.));
#2350=DIRECTION('center_axis',(0.,0.,1.));
#2351=DIRECTION('ref_axis',(1.,0.,0.));
#2352=DIRECTION('',(0.,0.,1.));
#2353=DIRECTION('center_axis',(0.,0.,1.));
#2354=DIRECTION('ref_axis',(1.,0.,0.));
#2355=DIRECTION('center_axis',(0.,0.,-1.));
#2356=DIRECTION('ref_axis',(1.,0.,0.));
#2357=DIRECTION('center_axis',(0.,0.,-1.));
#2358=DIRECTION('ref_axis',(1.,0.,0.));
#2359=DIRECTION('center_axis',(4.16750384619053E-17,-1.,0.));
#2360=DIRECTION('ref_axis',(1.,4.16750384619053E-17,0.));
#2361=DIRECTION('',(-1.,-4.16750384619053E-17,0.));
#2362=DIRECTION('',(0.,0.,1.));
#2363=DIRECTION('',(1.,4.16750384619053E-17,0.));
#2364=DIRECTION('',(0.,0.,1.));
#2365=DIRECTION('center_axis',(-1.,0.,0.));
#2366=DIRECTION('ref_axis',(0.,-1.,0.));
#2367=DIRECTION('',(0.,1.,0.));
#2368=DIRECTION('',(0.,-1.,0.));
#2369=DIRECTION('',(0.,0.,1.));
#2370=DIRECTION('center_axis',(-1.,0.,0.));
#2371=DIRECTION('ref_axis',(0.,-1.,0.));
#2372=DIRECTION('',(0.,1.,0.));
#2373=DIRECTION('',(0.,0.,1.));
#2374=DIRECTION('',(0.,-1.,0.));
#2375=DIRECTION('',(0.,0.,1.));
#2376=DIRECTION('center_axis',(0.,1.,0.));
#2377=DIRECTION('ref_axis',(-1.,0.,0.));
#2378=DIRECTION('',(1.,0.,0.));
#2379=DIRECTION('',(-1.,0.,0.));
#2380=DIRECTION('',(0.,0.,1.));
#2381=DIRECTION('center_axis',(1.,0.,0.));
#2382=DIRECTION('ref_axis',(0.,1.,0.));
#2383=DIRECTION('',(0.,-1.,0.));
#2384=DIRECTION('',(0.,1.,0.));
#2385=DIRECTION('',(0.,0.,1.));
#2386=DIRECTION('center_axis',(1.,0.,0.));
#2387=DIRECTION('ref_axis',(0.,1.,0.));
#2388=DIRECTION('',(0.,-1.,0.));
#2389=DIRECTION('',(0.,0.,1.));
#2390=DIRECTION('',(0.,1.,0.));
#2391=DIRECTION('center_axis',(0.,0.,1.));
#2392=DIRECTION('ref_axis',(1.,0.,0.));
#2393=DIRECTION('center_axis',(0.,0.,-1.));
#2394=DIRECTION('ref_axis',(1.,0.,0.));
#2395=DIRECTION('',(0.,1.,0.));
#2396=DIRECTION('center_axis',(0.,0.,-1.));
#2397=DIRECTION('ref_axis',(1.,0.,0.));
#2398=DIRECTION('center_axis',(0.,0.,-1.));
#2399=DIRECTION('ref_axis',(1.,0.,0.));
#2400=DIRECTION('',(0.,-1.,0.));
#2401=DIRECTION('center_axis',(0.,0.,-1.));
#2402=DIRECTION('ref_axis',(1.,0.,0.));
#2403=DIRECTION('center_axis',(0.,0.,-1.));
#2404=DIRECTION('ref_axis',(-0.679134397164335,0.734013944409938,0.));
#2405=DIRECTION('center_axis',(0.,0.,-1.));
#2406=DIRECTION('ref_axis',(-1.,0.,0.));
#2407=DIRECTION('center_axis',(0.,0.,-1.));
#2408=DIRECTION('ref_axis',(-0.679134397164335,0.734013944409938,0.));
#2409=DIRECTION('center_axis',(0.,0.,-1.));
#2410=DIRECTION('ref_axis',(0.658975722695049,-0.752164208732733,0.));
#2411=DIRECTION('center_axis',(0.,0.,-1.));
#2412=DIRECTION('ref_axis',(1.,0.,0.));
#2413=DIRECTION('',(0.,-1.,0.));
#2414=DIRECTION('',(-1.,0.,0.));
#2415=DIRECTION('',(0.,1.,0.));
#2416=DIRECTION('center_axis',(0.,0.,-1.));
#2417=DIRECTION('ref_axis',(0.,1.,0.));
#2418=DIRECTION('',(1.,0.,0.));
#2419=DIRECTION('center_axis',(0.,0.,-1.));
#2420=DIRECTION('ref_axis',(1.,0.,0.));
#2421=DIRECTION('center_axis',(0.,0.,-1.));
#2422=DIRECTION('ref_axis',(1.,0.,0.));
#2423=DIRECTION('',(0.,0.,-1.));
#2424=DIRECTION('center_axis',(0.,0.,1.));
#2425=DIRECTION('ref_axis',(1.,0.,0.));
#2426=DIRECTION('center_axis',(0.,0.,-1.));
#2427=DIRECTION('ref_axis',(1.,0.,0.));
#2428=DIRECTION('center_axis',(0.,0.,-1.));
#2429=DIRECTION('ref_axis',(1.,0.,0.));
#2430=DIRECTION('',(0.,0.,-1.));
#2431=DIRECTION('center_axis',(0.,0.,-1.));
#2432=DIRECTION('ref_axis',(1.,0.,0.));
#2433=DIRECTION('center_axis',(0.,0.,-1.));
#2434=DIRECTION('ref_axis',(1.,0.,0.));
#2435=DIRECTION('',(0.,0.,-1.));
#2436=DIRECTION('center_axis',(0.,0.,1.));
#2437=DIRECTION('ref_axis',(1.,0.,0.));
#2438=DIRECTION('center_axis',(0.,0.,1.));
#2439=DIRECTION('ref_axis',(1.,0.,0.));
#2440=DIRECTION('center_axis',(0.,0.,1.));
#2441=DIRECTION('ref_axis',(1.,0.,0.));
#2442=DIRECTION('',(0.,0.,1.));
#2443=DIRECTION('center_axis',(0.,0.,1.));
#2444=DIRECTION('ref_axis',(1.,0.,0.));
#2445=DIRECTION('center_axis',(0.,0.,-1.));
#2446=DIRECTION('ref_axis',(1.,0.,0.));
#2447=DIRECTION('center_axis',(0.,0.,1.));
#2448=DIRECTION('ref_axis',(6.12323399573676E-17,1.,0.));
#2449=DIRECTION('',(0.,0.,-1.));
#2450=DIRECTION('center_axis',(0.,0.,1.));
#2451=DIRECTION('ref_axis',(1.,0.,0.));
#2452=DIRECTION('',(0.,0.,1.));
#2453=DIRECTION('center_axis',(0.,0.,1.));
#2454=DIRECTION('ref_axis',(1.,0.,0.));
#2455=DIRECTION('center_axis',(0.,0.,-1.));
#2456=DIRECTION('ref_axis',(1.,0.,0.));
#2457=DIRECTION('',(1.,0.,0.));
#2458=DIRECTION('center_axis',(0.,0.,1.));
#2459=DIRECTION('ref_axis',(1.,0.,0.));
#2460=DIRECTION('center_axis',(0.,0.,-1.));
#2461=DIRECTION('ref_axis',(1.,0.,0.));
#2462=DIRECTION('',(0.,-1.,0.));
#2463=DIRECTION('',(1.,4.16750384619053E-17,0.));
#2464=DIRECTION('',(0.,-1.,0.));
#2465=DIRECTION('center_axis',(0.,0.,-1.));
#2466=DIRECTION('ref_axis',(1.,0.,0.));
#2467=DIRECTION('',(0.,-1.,0.));
#2468=DIRECTION('center_axis',(0.,0.,1.));
#2469=DIRECTION('ref_axis',(1.,0.,0.));
#2470=DIRECTION('',(0.,-1.,0.));
#2471=DIRECTION('',(-1.,0.,0.));
#2472=DIRECTION('',(0.,-1.,0.));
#2473=DIRECTION('center_axis',(0.,0.,1.));
#2474=DIRECTION('ref_axis',(1.,0.,0.));
#2475=DIRECTION('',(0.,-1.,0.));
#2476=DIRECTION('',(-1.,0.,0.));
#2477=DIRECTION('center_axis',(0.,0.,1.));
#2478=DIRECTION('ref_axis',(0.,1.,0.));
#2479=DIRECTION('',(0.,-1.,0.));
#2480=DIRECTION('',(1.,0.,0.));
#2481=DIRECTION('',(0.,1.,0.));
#2482=DIRECTION('center_axis',(0.,0.,1.));
#2483=DIRECTION('ref_axis',(1.,0.,0.));
#2484=DIRECTION('',(-1.,0.,0.));
#2485=DIRECTION('center_axis',(-0.634079588207048,-0.773267790496397,-8.58499705210121E-16));
#2486=DIRECTION('ref_axis',(0.773267790496397,-0.634079588207048,0.));
#2487=DIRECTION('center_axis',(0.773267790496396,0.634079588207049,3.51984879136152E-16));
#2488=DIRECTION('ref_axis',(0.634079588207049,-0.773267790496396,0.));
#2489=DIRECTION('center_axis',(0.,0.,1.));
#2490=DIRECTION('ref_axis',(0.,-1.,0.));
#2491=DIRECTION('center_axis',(-0.773267790496397,0.634079588207048,-3.51984879136151E-16));
#2492=DIRECTION('ref_axis',(-0.634079588207048,-0.773267790496397,0.));
#2493=DIRECTION('center_axis',(0.634079588207047,-0.773267790496398,0.));
#2494=DIRECTION('ref_axis',(-0.773267790496398,-0.634079588207047,0.));
#2495=DIRECTION('center_axis',(0.,0.,1.));
#2496=DIRECTION('ref_axis',(-1.,0.,0.));
#2497=DIRECTION('center_axis',(0.,-1.,0.));
#2498=DIRECTION('ref_axis',(-0.707106781186546,0.,0.707106781186549));
#2499=DIRECTION('',(0.,-1.,0.));
#2500=DIRECTION('center_axis',(1.,4.16750384619053E-17,0.));
#2501=DIRECTION('ref_axis',(0.,-0.707106781186546,0.707106781186549));
#2502=DIRECTION('',(1.,4.16750384619053E-17,0.));
#2503=DIRECTION('center_axis',(0.,1.,0.));
#2504=DIRECTION('ref_axis',(0.707106781186546,0.,0.707106781186549));
#2505=DIRECTION('',(0.,1.,0.));
#2506=DIRECTION('center_axis',(4.16750384619053E-17,-1.,0.));
#2507=DIRECTION('ref_axis',(1.,4.16750384619053E-17,0.));
#2508=DIRECTION('',(0.,0.,1.));
#2509=DIRECTION('',(-1.,-4.16750384619053E-17,0.));
#2510=DIRECTION('',(0.,0.,1.));
#2511=DIRECTION('center_axis',(0.,0.,1.));
#2512=DIRECTION('ref_axis',(-1.,1.74563368651754E-16,0.));
#2513=DIRECTION('',(0.,0.,1.));
#2514=DIRECTION('center_axis',(0.,0.,-1.));
#2515=DIRECTION('ref_axis',(-1.,1.74563368651754E-16,0.));
#2516=DIRECTION('center_axis',(-1.,0.,0.));
#2517=DIRECTION('ref_axis',(0.,-1.,0.));
#2518=DIRECTION('',(0.,0.,1.));
#2519=DIRECTION('',(0.,1.,0.));
#2520=DIRECTION('center_axis',(0.,0.,1.));
#2521=DIRECTION('ref_axis',(1.,0.,0.));
#2522=DIRECTION('',(0.,0.,1.));
#2523=DIRECTION('center_axis',(0.,0.,1.));
#2524=DIRECTION('ref_axis',(1.,0.,0.));
#2525=DIRECTION('center_axis',(0.634079588207054,0.773267790496393,-1.40793951654462E-15));
#2526=DIRECTION('ref_axis',(-0.773267790496393,0.634079588207054,0.));
#2527=DIRECTION('center_axis',(-0.77326779049639,-0.634079588207057,-1.71699941042023E-15));
#2528=DIRECTION('ref_axis',(-0.634079588207057,0.77326779049639,0.));
#2529=DIRECTION('center_axis',(0.,0.,1.));
#2530=DIRECTION('ref_axis',(1.23358113847253E-14,1.,0.));
#2531=DIRECTION('center_axis',(0.773267790496395,-0.63407958820705,0.));
#2532=DIRECTION('ref_axis',(0.63407958820705,0.773267790496395,0.));
#2533=DIRECTION('center_axis',(-0.63407958820705,0.773267790496396,0.));
#2534=DIRECTION('ref_axis',(0.773267790496396,0.63407958820705,0.));
#2535=DIRECTION('center_axis',(0.,0.,1.));
#2536=DIRECTION('ref_axis',(1.,0.,0.));
#2537=DIRECTION('center_axis',(0.,1.,0.));
#2538=DIRECTION('ref_axis',(0.707106781186546,0.,0.707106781186549));
#2539=DIRECTION('',(0.,1.,0.));
#2540=DIRECTION('center_axis',(-1.,0.,0.));
#2541=DIRECTION('ref_axis',(0.,0.707106781186544,0.707106781186551));
#2542=DIRECTION('',(-1.,0.,0.));
#2543=DIRECTION('center_axis',(0.,-1.,0.));
#2544=DIRECTION('ref_axis',(-0.707106781186546,0.,0.707106781186549));
#2545=DIRECTION('',(0.,-1.,0.));
#2546=DIRECTION('center_axis',(0.,0.,1.));
#2547=DIRECTION('ref_axis',(-1.,1.22464679914735E-16,0.));
#2548=DIRECTION('',(0.,0.,1.));
#2549=DIRECTION('center_axis',(0.,0.,1.));
#2550=DIRECTION('ref_axis',(1.,0.,0.));
#2551=DIRECTION('',(0.,0.,1.));
#2552=DIRECTION('center_axis',(0.,0.,1.));
#2553=DIRECTION('ref_axis',(1.,0.,0.));
#2554=DIRECTION('',(0.,0.,1.));
#2555=DIRECTION('center_axis',(0.,0.,1.));
#2556=DIRECTION('ref_axis',(1.,0.,0.));
#2557=DIRECTION('',(0.,0.,1.));
#2558=DIRECTION('center_axis',(-1.,0.,0.));
#2559=DIRECTION('ref_axis',(0.,1.,0.));
#2560=DIRECTION('',(0.,0.,-1.));
#2561=DIRECTION('',(0.,0.,-1.));
#2562=DIRECTION('center_axis',(0.,-1.,0.));
#2563=DIRECTION('ref_axis',(-1.,0.,0.));
#2564=DIRECTION('',(0.,0.,-1.));
#2565=DIRECTION('center_axis',(1.,0.,0.));
#2566=DIRECTION('ref_axis',(0.,-1.,0.));
#2567=DIRECTION('',(0.,0.,1.));
#2568=DIRECTION('center_axis',(0.,0.,-1.));
#2569=DIRECTION('ref_axis',(1.,0.,0.));
#2570=DIRECTION('',(0.,0.,-1.));
#2571=DIRECTION('center_axis',(0.,1.,0.));
#2572=DIRECTION('ref_axis',(1.,0.,0.));
#2573=DIRECTION('',(0.,0.,-1.));
#2574=DIRECTION('center_axis',(0.,0.,-1.));
#2575=DIRECTION('ref_axis',(0.,1.,0.));
#2576=DIRECTION('center_axis',(0.,0.,-1.));
#2577=DIRECTION('ref_axis',(-0.679134397164335,0.734013944409938,0.));
#2578=DIRECTION('',(0.,0.,-1.));
#2579=DIRECTION('center_axis',(0.,0.,-1.));
#2580=DIRECTION('ref_axis',(-0.679134397164335,0.734013944409938,0.));
#2581=DIRECTION('',(0.,0.,1.));
#2582=DIRECTION('center_axis',(0.,0.,-1.));
#2583=DIRECTION('ref_axis',(0.,1.,0.));
#2584=DIRECTION('',(0.,0.,-1.));
#2585=DIRECTION('center_axis',(0.,0.,-1.));
#2586=DIRECTION('ref_axis',(0.658975722695049,-0.752164208732733,0.));
#2587=DIRECTION('center_axis',(0.,0.,-1.));
#2588=DIRECTION('ref_axis',(-0.679134397164335,0.734013944409938,0.));
#2589=DIRECTION('',(0.,0.,-1.));
#2590=DIRECTION('center_axis',(0.,0.,-1.));
#2591=DIRECTION('ref_axis',(-0.679134397164335,0.734013944409938,0.));
#2592=DIRECTION('center_axis',(0.,0.,-1.));
#2593=DIRECTION('ref_axis',(1.84171629664616E-9,-1.,0.));
#2594=DIRECTION('center_axis',(0.,0.,-1.));
#2595=DIRECTION('ref_axis',(-1.,0.,0.));
#2596=DIRECTION('center_axis',(0.,0.,1.));
#2597=DIRECTION('ref_axis',(-1.,0.,0.));
#2598=DIRECTION('center_axis',(1.,0.,0.));
#2599=DIRECTION('ref_axis',(0.,1.,0.));
#2600=DIRECTION('',(0.,0.,1.));
#2601=DIRECTION('',(0.,-1.,0.));
#2602=DIRECTION('',(0.,0.,1.));
#2603=DIRECTION('center_axis',(0.,0.,1.));
#2604=DIRECTION('ref_axis',(-6.98253474607017E-16,-1.,0.));
#2605=DIRECTION('center_axis',(0.,0.,-1.));
#2606=DIRECTION('ref_axis',(-6.98253474607017E-16,-1.,0.));
#2607=DIRECTION('center_axis',(-1.,0.,0.));
#2608=DIRECTION('ref_axis',(0.,-1.,0.));
#2609=DIRECTION('',(0.,1.,0.));
#2610=DIRECTION('center_axis',(-1.,0.,0.));
#2611=DIRECTION('ref_axis',(0.,-1.,0.));
#2612=DIRECTION('',(0.,0.,1.));
#2613=DIRECTION('',(0.,1.,0.));
#2614=DIRECTION('center_axis',(0.,0.,1.));
#2615=DIRECTION('ref_axis',(2.79301389842808E-15,1.,0.));
#2616=DIRECTION('',(0.,0.,1.));
#2617=DIRECTION('center_axis',(0.,0.,-1.));
#2618=DIRECTION('ref_axis',(2.79301389842808E-15,1.,0.));
#2619=DIRECTION('center_axis',(0.,1.,0.));
#2620=DIRECTION('ref_axis',(-1.,0.,0.));
#2621=DIRECTION('',(0.,0.,1.));
#2622=DIRECTION('',(1.,0.,0.));
#2623=DIRECTION('center_axis',(0.,0.,1.));
#2624=DIRECTION('ref_axis',(1.,-2.79301389842807E-15,0.));
#2625=DIRECTION('',(0.,0.,1.));
#2626=DIRECTION('center_axis',(0.,0.,-1.));
#2627=DIRECTION('ref_axis',(1.,-2.79301389842807E-15,0.));
#2628=DIRECTION('center_axis',(1.,0.,0.));
#2629=DIRECTION('ref_axis',(0.,1.,0.));
#2630=DIRECTION('',(0.,-1.,0.));
#2631=DIRECTION('center_axis',(1.,0.,0.));
#2632=DIRECTION('ref_axis',(0.,1.,0.));
#2633=DIRECTION('',(0.,-1.,0.));
#2634=DIRECTION('',(0.,0.,1.));
#2635=DIRECTION('center_axis',(0.,0.,1.));
#2636=DIRECTION('ref_axis',(-1.,-1.22464679914735E-16,0.));
#2637=DIRECTION('center_axis',(0.,0.,1.));
#2638=DIRECTION('ref_axis',(1.,0.,0.));
#2639=DIRECTION('center_axis',(0.,0.,1.));
#2640=DIRECTION('ref_axis',(1.,0.,0.));
#2641=DIRECTION('center_axis',(0.,0.,1.));
#2642=DIRECTION('ref_axis',(1.,0.,0.));
#2643=DIRECTION('center_axis',(0.,0.,-1.));
#2644=DIRECTION('ref_axis',(1.,0.,0.));
#2645=DIRECTION('center_axis',(0.,0.,1.));
#2646=DIRECTION('ref_axis',(1.,0.,0.));
#2647=DIRECTION('center_axis',(0.,0.,1.));
#2648=DIRECTION('ref_axis',(1.,0.,0.));
#2649=DIRECTION('center_axis',(0.,0.,-1.));
#2650=DIRECTION('ref_axis',(1.,0.,0.));
#2651=DIRECTION('center_axis',(0.,0.,1.));
#2652=DIRECTION('ref_axis',(1.,0.,0.));
#2653=DIRECTION('center_axis',(0.,0.,1.));
#2654=DIRECTION('ref_axis',(1.,0.,0.));
#2655=DIRECTION('center_axis',(0.,0.,-1.));
#2656=DIRECTION('ref_axis',(1.,0.,0.));
#2657=DIRECTION('center_axis',(0.,0.,1.));
#2658=DIRECTION('ref_axis',(1.,0.,0.));
#2659=DIRECTION('center_axis',(-0.707106781186548,0.,-0.707106781186548));
#2660=DIRECTION('ref_axis',(0.707106781186548,0.,-0.707106781186548));
#2661=DIRECTION('center_axis',(0.,0.,1.));
#2662=DIRECTION('ref_axis',(1.,0.,0.));
#2663=DIRECTION('',(0.,0.,-1.));
#2664=DIRECTION('center_axis',(0.,0.,-1.));
#2665=DIRECTION('ref_axis',(1.,0.,0.));
#2666=DIRECTION('center_axis',(0.,0.,1.));
#2667=DIRECTION('ref_axis',(1.,0.,0.));
#2668=DIRECTION('',(0.,0.,-1.));
#2669=DIRECTION('center_axis',(0.,0.,-1.));
#2670=DIRECTION('ref_axis',(1.,0.,0.));
#2671=DIRECTION('center_axis',(0.,0.,1.));
#2672=DIRECTION('ref_axis',(-1.,1.22464679914735E-16,0.));
#2673=DIRECTION('center_axis',(0.707106781186548,0.,-0.707106781186548));
#2674=DIRECTION('ref_axis',(0.707106781186548,0.,0.707106781186548));
#2675=DIRECTION('center_axis',(0.,0.,1.));
#2676=DIRECTION('ref_axis',(1.,0.,0.));
#2677=DIRECTION('center_axis',(0.,0.,-1.));
#2678=DIRECTION('ref_axis',(1.,0.,0.));
#2679=DIRECTION('',(0.,0.,-1.));
#2680=DIRECTION('center_axis',(0.,0.,-1.));
#2681=DIRECTION('ref_axis',(1.,0.,0.));
#2682=DIRECTION('center_axis',(0.,0.,1.));
#2683=DIRECTION('ref_axis',(-1.,1.22464679914735E-16,0.));
#2684=DIRECTION('center_axis',(0.707106781186548,0.,-0.707106781186548));
#2685=DIRECTION('ref_axis',(0.707106781186548,0.,0.707106781186548));
#2686=DIRECTION('center_axis',(0.,0.,1.));
#2687=DIRECTION('ref_axis',(1.,0.,0.));
#2688=DIRECTION('center_axis',(0.,0.,1.));
#2689=DIRECTION('ref_axis',(1.,0.,0.));
#2690=DIRECTION('center_axis',(-0.707106781186548,0.,-0.707106781186548));
#2691=DIRECTION('ref_axis',(0.707106781186548,0.,-0.707106781186548));
#2692=DIRECTION('center_axis',(0.,0.,1.));
#2693=DIRECTION('ref_axis',(1.,0.,0.));
#2694=DIRECTION('',(0.,0.,-1.));
#2695=DIRECTION('center_axis',(0.,0.,-1.));
#2696=DIRECTION('ref_axis',(1.,0.,0.));
#2697=DIRECTION('center_axis',(0.,0.,1.));
#2698=DIRECTION('ref_axis',(-0.998542584570497,0.0539694987865576,0.));
#2699=DIRECTION('center_axis',(0.,0.,1.));
#2700=DIRECTION('ref_axis',(-0.998542584570497,0.0539694987865576,0.));
#2701=DIRECTION('',(0.,0.,1.));
#2702=DIRECTION('center_axis',(0.,0.,1.));
#2703=DIRECTION('ref_axis',(-0.998542584570497,0.0539694987865576,0.));
#2704=DIRECTION('',(0.,0.,1.));
#2705=DIRECTION('center_axis',(0.,1.,0.));
#2706=DIRECTION('ref_axis',(-1.,0.,0.));
#2707=DIRECTION('',(-1.,0.,0.));
#2708=DIRECTION('',(0.,0.,1.));
#2709=DIRECTION('',(-1.,0.,0.));
#2710=DIRECTION('center_axis',(0.,0.,1.));
#2711=DIRECTION('ref_axis',(-0.156695538222295,0.987646955293857,0.));
#2712=DIRECTION('center_axis',(0.,0.,1.));
#2713=DIRECTION('ref_axis',(-0.156695538222295,0.987646955293857,0.));
#2714=DIRECTION('',(0.,0.,1.));
#2715=DIRECTION('center_axis',(0.,0.,1.));
#2716=DIRECTION('ref_axis',(-0.156695538222295,0.987646955293857,0.));
#2717=DIRECTION('center_axis',(0.999999999999999,-3.60111384296253E-8,0.));
#2718=DIRECTION('ref_axis',(3.60111384296253E-8,0.999999999999999,0.));
#2719=DIRECTION('',(3.60111384296253E-8,0.999999999999999,0.));
#2720=DIRECTION('',(0.,0.,1.));
#2721=DIRECTION('',(3.60111384296253E-8,0.999999999999999,0.));
#2722=DIRECTION('center_axis',(1.,0.,0.));
#2723=DIRECTION('ref_axis',(0.,1.,0.));
#2724=DIRECTION('',(0.,1.,0.));
#2725=DIRECTION('',(0.,0.,1.));
#2726=DIRECTION('',(0.,1.,0.));
#2727=DIRECTION('center_axis',(0.,0.,1.));
#2728=DIRECTION('ref_axis',(1.,-2.07026190117308E-16,0.));
#2729=DIRECTION('center_axis',(0.,0.,1.));
#2730=DIRECTION('ref_axis',(1.,-2.07026190117308E-16,0.));
#2731=DIRECTION('',(0.,0.,1.));
#2732=DIRECTION('center_axis',(0.,0.,1.));
#2733=DIRECTION('ref_axis',(1.,-2.07026190117308E-16,0.));
#2734=DIRECTION('center_axis',(0.,-1.,0.));
#2735=DIRECTION('ref_axis',(1.,0.,0.));
#2736=DIRECTION('',(1.,0.,0.));
#2737=DIRECTION('',(0.,0.,1.));
#2738=DIRECTION('',(1.,0.,0.));
#2739=DIRECTION('center_axis',(0.,0.,1.));
#2740=DIRECTION('ref_axis',(0.116980881613306,-0.993134166835969,0.));
#2741=DIRECTION('center_axis',(0.,0.,1.));
#2742=DIRECTION('ref_axis',(0.116980881613306,-0.993134166835969,0.));
#2743=DIRECTION('',(0.,0.,1.));
#2744=DIRECTION('center_axis',(0.,0.,1.));
#2745=DIRECTION('ref_axis',(0.116980881613306,-0.993134166835969,0.));
#2746=DIRECTION('center_axis',(-1.,0.,0.));
#2747=DIRECTION('ref_axis',(0.,-1.,0.));
#2748=DIRECTION('',(0.,-1.,0.));
#2749=DIRECTION('',(0.,-1.,0.));
#2750=DIRECTION('center_axis',(0.,0.,-1.));
#2751=DIRECTION('ref_axis',(1.,0.,0.));
#2752=DIRECTION('',(0.,1.,0.));
#2753=DIRECTION('center_axis',(0.,0.,1.));
#2754=DIRECTION('ref_axis',(1.,0.,0.));
#2755=DIRECTION('',(0.,1.,0.));
#2756=DIRECTION('center_axis',(0.,0.,1.));
#2757=DIRECTION('ref_axis',(1.,0.,0.));
#2758=DIRECTION('',(0.,1.,0.));
#2759=DIRECTION('center_axis',(0.,0.,-1.));
#2760=DIRECTION('ref_axis',(-1.,1.74563368651754E-16,0.));
#2761=DIRECTION('',(-1.,-4.16750384619053E-17,0.));
#2762=DIRECTION('center_axis',(0.,0.,-1.));
#2763=DIRECTION('ref_axis',(-6.98253474607017E-16,-1.,0.));
#2764=DIRECTION('',(0.,-1.,0.));
#2765=DIRECTION('center_axis',(0.,0.,1.));
#2766=DIRECTION('ref_axis',(1.,0.,0.));
#2767=DIRECTION('',(0.,-1.,0.));
#2768=DIRECTION('center_axis',(0.,0.,1.));
#2769=DIRECTION('ref_axis',(1.,0.,0.));
#2770=DIRECTION('',(0.,-1.,0.));
#2771=DIRECTION('center_axis',(0.,0.,-1.));
#2772=DIRECTION('ref_axis',(1.,-2.79301389842807E-15,0.));
#2773=DIRECTION('',(1.,0.,0.));
#2774=DIRECTION('center_axis',(0.,0.,-1.));
#2775=DIRECTION('ref_axis',(2.79301389842808E-15,1.,0.));
#2776=DIRECTION('center_axis',(0.,0.,1.));
#2777=DIRECTION('ref_axis',(-6.98253474607017E-16,-1.,0.));
#2778=DIRECTION('',(0.,0.,1.));
#2779=DIRECTION('center_axis',(0.,0.,1.));
#2780=DIRECTION('ref_axis',(-6.98253474607017E-16,-1.,0.));
#2781=DIRECTION('',(0.,0.,1.));
#2782=DIRECTION('center_axis',(4.16750384619053E-17,-1.,0.));
#2783=DIRECTION('ref_axis',(1.,4.16750384619053E-17,0.));
#2784=DIRECTION('',(0.,0.,1.));
#2785=DIRECTION('',(1.,4.16750384619053E-17,0.));
#2786=DIRECTION('center_axis',(0.,0.,1.));
#2787=DIRECTION('ref_axis',(-1.,1.74563368651754E-16,0.));
#2788=DIRECTION('',(0.,0.,1.));
#2789=DIRECTION('center_axis',(0.,0.,1.));
#2790=DIRECTION('ref_axis',(-1.,1.74563368651754E-16,0.));
#2791=DIRECTION('center_axis',(-1.,0.,0.));
#2792=DIRECTION('ref_axis',(0.,-1.,0.));
#2793=DIRECTION('',(0.,0.,1.));
#2794=DIRECTION('',(0.,-1.,0.));
#2795=DIRECTION('center_axis',(0.,0.,-1.));
#2796=DIRECTION('ref_axis',(1.,0.,0.));
#2797=DIRECTION('',(0.,0.,-1.));
#2798=DIRECTION('center_axis',(0.707106781186548,0.,-0.707106781186548));
#2799=DIRECTION('ref_axis',(0.707106781186547,0.,0.707106781186547));
#2800=DIRECTION('center_axis',(0.707106781186548,0.,-0.707106781186548));
#2801=DIRECTION('ref_axis',(0.707106781186547,0.,0.707106781186547));
#2802=DIRECTION('center_axis',(-1.,0.,0.));
#2803=DIRECTION('ref_axis',(0.,-1.,0.));
#2804=DIRECTION('',(0.,0.,1.));
#2805=DIRECTION('',(0.,-1.,0.));
#2806=DIRECTION('center_axis',(0.,0.,-1.));
#2807=DIRECTION('ref_axis',(1.,0.,0.));
#2808=DIRECTION('',(0.,0.,-1.));
#2809=DIRECTION('center_axis',(0.707106781186548,0.,-0.707106781186548));
#2810=DIRECTION('ref_axis',(0.707106781186547,0.,0.707106781186547));
#2811=DIRECTION('center_axis',(0.707106781186548,0.,-0.707106781186548));
#2812=DIRECTION('ref_axis',(0.707106781186547,0.,0.707106781186547));
#2813=DIRECTION('center_axis',(-1.,0.,0.));
#2814=DIRECTION('ref_axis',(0.,-1.,0.));
#2815=DIRECTION('',(0.,0.,1.));
#2816=DIRECTION('',(0.,-1.,0.));
#2817=DIRECTION('center_axis',(1.,0.,0.));
#2818=DIRECTION('ref_axis',(0.,1.,0.));
#2819=DIRECTION('',(0.,0.,1.));
#2820=DIRECTION('',(0.,1.,0.));
#2821=DIRECTION('',(0.,0.,1.));
#2822=DIRECTION('center_axis',(1.,0.,0.));
#2823=DIRECTION('ref_axis',(0.,1.,0.));
#2824=DIRECTION('',(0.,0.,1.));
#2825=DIRECTION('',(0.,1.,0.));
#2826=DIRECTION('',(0.,0.,-1.));
#2827=DIRECTION('center_axis',(1.,0.,0.));
#2828=DIRECTION('ref_axis',(0.,1.,0.));
#2829=DIRECTION('',(0.,1.,0.));
#2830=DIRECTION('',(0.,0.,-1.));
#2831=DIRECTION('center_axis',(-0.707106781186548,0.,0.707106781186548));
#2832=DIRECTION('ref_axis',(0.707106781186548,0.,0.707106781186548));
#2833=DIRECTION('',(0.577350269189626,0.577350269189626,0.577350269189626));
#2834=DIRECTION('',(0.707106781186548,2.61682076447296E-16,0.707106781186548));
#2835=DIRECTION('center_axis',(-0.707106781186548,0.,0.707106781186548));
#2836=DIRECTION('ref_axis',(0.707106781186548,0.,0.707106781186548));
#2837=DIRECTION('center_axis',(0.707106781186548,0.,0.707106781186548));
#2838=DIRECTION('ref_axis',(0.707106781186548,0.,-0.707106781186548));
#2839=DIRECTION('',(0.707106781186548,-1.30841038223648E-16,-0.707106781186548));
#2840=DIRECTION('',(0.577350269189626,-0.577350269189626,-0.577350269189626));
#2841=DIRECTION('center_axis',(-0.707106781186548,0.,-0.707106781186548));
#2842=DIRECTION('ref_axis',(0.707106781186547,0.,-0.707106781186547));
#2843=DIRECTION('center_axis',(0.707106781186548,0.,0.707106781186548));
#2844=DIRECTION('ref_axis',(0.707106781186548,0.,-0.707106781186548));
#2845=DIRECTION('center_axis',(0.707106781186548,0.,0.707106781186548));
#2846=DIRECTION('ref_axis',(0.707106781186547,0.,-0.707106781186547));
#2847=DIRECTION('',(-0.577350269189626,-0.577350269189626,0.577350269189626));
#2848=DIRECTION('',(-0.707106781186548,0.,0.707106781186548));
#2849=DIRECTION('center_axis',(0.,0.,-1.));
#2850=DIRECTION('ref_axis',(-1.,-1.22464679914735E-16,0.));
#2851=DIRECTION('center_axis',(-0.707106781186548,0.,-0.707106781186548));
#2852=DIRECTION('ref_axis',(0.707106781186547,0.,-0.707106781186547));
#2853=DIRECTION('center_axis',(0.707106781186548,0.,0.707106781186548));
#2854=DIRECTION('ref_axis',(0.707106781186548,0.,-0.707106781186548));
#2855=DIRECTION('center_axis',(0.707106781186548,0.,0.707106781186548));
#2856=DIRECTION('ref_axis',(0.707106781186547,0.,-0.707106781186547));
#2857=DIRECTION('center_axis',(-0.707106781186548,0.,0.707106781186548));
#2858=DIRECTION('ref_axis',(0.707106781186548,0.,0.707106781186548));
#2859=DIRECTION('',(0.707106781186548,2.09345661157836E-15,0.707106781186547));
#2860=DIRECTION('',(-0.577350269189626,0.577350269189626,-0.577350269189626));
#2861=DIRECTION('center_axis',(0.,0.,-1.));
#2862=DIRECTION('ref_axis',(-1.,-5.66553889764798E-16,0.));
#2863=DIRECTION('center_axis',(0.,0.,-1.));
#2864=DIRECTION('ref_axis',(1.,-2.79301389842807E-15,0.));
#2865=DIRECTION('center_axis',(0.,0.,1.));
#2866=DIRECTION('ref_axis',(1.,-2.79301389842807E-15,0.));
#2867=DIRECTION('',(2.09345661157837E-15,-0.707106781186546,0.707106781186549));
#2868=DIRECTION('center_axis',(0.,0.707106781186548,0.707106781186547));
#2869=DIRECTION('ref_axis',(1.,0.,0.));
#2870=DIRECTION('',(0.,-0.707106781186547,0.707106781186548));
#2871=DIRECTION('',(-1.,0.,0.));
#2872=DIRECTION('center_axis',(0.,0.,-1.));
#2873=DIRECTION('ref_axis',(2.79301389842808E-15,1.,0.));
#2874=DIRECTION('center_axis',(0.,0.,1.));
#2875=DIRECTION('ref_axis',(2.79301389842808E-15,1.,0.));
#2876=DIRECTION('center_axis',(0.,0.,-1.));
#2877=DIRECTION('ref_axis',(-1.,1.74563368651754E-16,0.));
#2878=DIRECTION('',(-5.23364152894592E-16,0.707106781186548,0.707106781186547));
#2879=DIRECTION('center_axis',(2.94687023026234E-17,-0.707106781186548,
0.707106781186547));
#2880=DIRECTION('ref_axis',(1.,0.,-4.16750384619053E-17));
#2881=DIRECTION('',(0.,0.707106781186547,0.707106781186548));
#2882=DIRECTION('center_axis',(0.,0.,-1.));
#2883=DIRECTION('ref_axis',(-6.98253474607017E-16,-1.,0.));
#2884=DIRECTION('center_axis',(0.,0.,1.));
#2885=DIRECTION('ref_axis',(2.79301389842808E-15,1.,0.));
#2886=DIRECTION('',(0.,0.,1.));
#2887=DIRECTION('center_axis',(0.,1.,0.));
#2888=DIRECTION('ref_axis',(-1.,0.,0.));
#2889=DIRECTION('',(0.,0.,1.));
#2890=DIRECTION('center_axis',(0.,0.,1.));
#2891=DIRECTION('ref_axis',(1.,-2.79301389842807E-15,0.));
#2892=DIRECTION('center_axis',(0.707106781186548,0.,0.707106781186548));
#2893=DIRECTION('ref_axis',(0.707106781186548,0.,-0.707106781186548));
#2894=DIRECTION('',(0.707106781186548,-1.30841038223648E-16,-0.707106781186548));
#2895=DIRECTION('',(0.,1.,0.));
#2896=DIRECTION('',(-0.707106781186548,0.,0.707106781186548));
#2897=DIRECTION('center_axis',(0.,0.,1.));
#2898=DIRECTION('ref_axis',(1.,0.,0.));
#2899=DIRECTION('center_axis',(-0.707106781186548,0.,0.707106781186548));
#2900=DIRECTION('ref_axis',(0.707106781186548,0.,0.707106781186548));
#2901=DIRECTION('',(0.707106781186548,2.09345661157836E-15,0.707106781186547));
#2902=DIRECTION('',(0.,-1.,0.));
#2903=DIRECTION('',(0.707106781186548,2.61682076447296E-16,0.707106781186548));
#2904=DIRECTION('center_axis',(0.,0.,-1.));
#2905=DIRECTION('ref_axis',(1.,-2.79301389842807E-15,0.));
#2906=DIRECTION('',(2.09345661157837E-15,-0.707106781186546,0.707106781186549));
#2907=DIRECTION('center_axis',(0.,0.,1.));
#2908=DIRECTION('ref_axis',(1.,-2.79301389842807E-15,0.));
#2909=DIRECTION('center_axis',(0.,0.707106781186548,0.707106781186547));
#2910=DIRECTION('ref_axis',(1.,0.,0.));
#2911=DIRECTION('',(0.,-0.707106781186547,0.707106781186548));
#2912=DIRECTION('',(-1.,0.,0.));
#2913=DIRECTION('center_axis',(0.,0.,-1.));
#2914=DIRECTION('ref_axis',(2.79301389842808E-15,1.,0.));
#2915=DIRECTION('center_axis',(0.,0.,1.));
#2916=DIRECTION('ref_axis',(2.79301389842808E-15,1.,0.));
#2917=DIRECTION('center_axis',(0.,0.,-1.));
#2918=DIRECTION('ref_axis',(-1.,1.74563368651754E-16,0.));
#2919=DIRECTION('',(-5.23364152894592E-16,0.707106781186548,0.707106781186547));
#2920=DIRECTION('center_axis',(0.,0.,1.));
#2921=DIRECTION('ref_axis',(-1.,1.74563368651754E-16,0.));
#2922=DIRECTION('center_axis',(2.94687023026234E-17,-0.707106781186548,
0.707106781186547));
#2923=DIRECTION('ref_axis',(1.,0.,-4.16750384619053E-17));
#2924=DIRECTION('',(0.,0.707106781186547,0.707106781186548));
#2925=DIRECTION('',(1.,4.16750384619053E-17,0.));
#2926=DIRECTION('center_axis',(0.,0.,-1.));
#2927=DIRECTION('ref_axis',(-6.98253474607017E-16,-1.,0.));
#2928=DIRECTION('center_axis',(0.,0.,1.));
#2929=DIRECTION('ref_axis',(-6.98253474607017E-16,-1.,0.));
#2930=DIRECTION('center_axis',(0.,0.,1.));
#2931=DIRECTION('ref_axis',(2.79301389842808E-15,1.,0.));
#2932=DIRECTION('',(0.,0.,1.));
#2933=DIRECTION('center_axis',(0.,0.,1.));
#2934=DIRECTION('ref_axis',(2.79301389842808E-15,1.,0.));
#2935=DIRECTION('',(0.,0.,1.));
#2936=DIRECTION('center_axis',(0.,1.,0.));
#2937=DIRECTION('ref_axis',(-1.,0.,0.));
#2938=DIRECTION('',(0.,0.,1.));
#2939=DIRECTION('',(1.,0.,0.));
#2940=DIRECTION('center_axis',(0.,0.,1.));
#2941=DIRECTION('ref_axis',(1.,-2.79301389842807E-15,0.));
#2942=DIRECTION('',(0.,0.,1.));
#2943=DIRECTION('center_axis',(0.,0.,1.));
#2944=DIRECTION('ref_axis',(1.,-2.79301389842807E-15,0.));
#2945=DIRECTION('center_axis',(1.,0.,0.));
#2946=DIRECTION('ref_axis',(0.,1.,0.));
#2947=DIRECTION('',(0.,0.,1.));
#2948=DIRECTION('',(0.,-1.,0.));
#2949=DIRECTION('center_axis',(0.,0.,1.));
#2950=DIRECTION('ref_axis',(-6.98253474607017E-16,-1.,0.));
#2951=DIRECTION('',(0.,0.,1.));
#2952=DIRECTION('center_axis',(0.,0.,1.));
#2953=DIRECTION('ref_axis',(-6.98253474607017E-16,-1.,0.));
#2954=DIRECTION('center_axis',(4.16750384619053E-17,-1.,0.));
#2955=DIRECTION('ref_axis',(1.,4.16750384619053E-17,0.));
#2956=DIRECTION('',(0.,0.,1.));
#2957=DIRECTION('',(-1.,-4.16750384619053E-17,0.));
#2958=DIRECTION('center_axis',(0.,0.,1.));
#2959=DIRECTION('ref_axis',(-1.,1.74563368651754E-16,0.));
#2960=DIRECTION('',(0.,0.,1.));
#2961=DIRECTION('center_axis',(0.,0.,1.));
#2962=DIRECTION('ref_axis',(-1.,1.74563368651754E-16,0.));
#2963=DIRECTION('center_axis',(-1.,0.,0.));
#2964=DIRECTION('ref_axis',(0.,-1.,0.));
#2965=DIRECTION('',(0.,1.,0.));
#2966=DIRECTION('center_axis',(0.,0.,1.));
#2967=DIRECTION('ref_axis',(1.,0.,0.));
#2968=CARTESIAN_POINT('',(0.,0.,0.));
#2969=CARTESIAN_POINT('Origin',(-9.49999996647239,22.9999994635582,12.));
#2970=CARTESIAN_POINT('',(-10.9999999664724,22.9999994635582,12.));
#2971=CARTESIAN_POINT('Origin',(-9.49999996647239,22.9999994635582,12.));
#2972=CARTESIAN_POINT('',(-10.9999999664724,22.9999994635582,13.));
#2973=CARTESIAN_POINT('',(-10.9999999664724,22.9999994635582,12.));
#2974=CARTESIAN_POINT('Origin',(-9.49999996647239,22.9999994635582,13.));
#2975=CARTESIAN_POINT('Origin',(-9.49999996647239,22.9999994635582,13.));
#2976=CARTESIAN_POINT('Origin',(6.50000003352761,22.9999994635582,12.));
#2977=CARTESIAN_POINT('',(5.00000003352761,22.9999994635582,12.));
#2978=CARTESIAN_POINT('Origin',(6.50000003352761,22.9999994635582,12.));
#2979=CARTESIAN_POINT('',(5.00000003352761,22.9999994635582,13.));
#2980=CARTESIAN_POINT('',(5.00000003352761,22.9999994635582,12.));
#2981=CARTESIAN_POINT('Origin',(6.50000003352761,22.9999994635582,13.));
#2982=CARTESIAN_POINT('Origin',(6.50000003352761,22.9999994635582,13.));
#2983=CARTESIAN_POINT('Origin',(-1.49999996647239,22.9999994635582,12.));
#2984=CARTESIAN_POINT('',(-5.49999996647239,22.9999994635582,12.));
#2985=CARTESIAN_POINT('Origin',(-1.49999996647239,22.9999994635582,12.));
#2986=CARTESIAN_POINT('',(-5.49999996647239,22.9999994635582,17.));
#2987=CARTESIAN_POINT('',(-5.49999996647239,22.9999994635582,12.));
#2988=CARTESIAN_POINT('Origin',(-1.49999996647239,22.9999994635582,17.));
#2989=CARTESIAN_POINT('Origin',(-1.49999996647239,14.7499995976686,17.));
#2990=CARTESIAN_POINT('',(-3.49999999999999,23.0000003576279,17.));
#2991=CARTESIAN_POINT('Origin',(-1.49999999999999,23.0000003576279,17.));
#2992=CARTESIAN_POINT('Origin',(-14.,-2.99999999999999,22.));
#2993=CARTESIAN_POINT('',(11.,-2.99999999999999,22.));
#2994=CARTESIAN_POINT('',(-14.,-2.99999999999999,22.));
#2995=CARTESIAN_POINT('',(-8.16,-2.99999999999999,22.));
#2996=CARTESIAN_POINT('',(11.,-2.99999999999999,23.5));
#2997=CARTESIAN_POINT('',(11.,-2.99999999999999,22.));
#2998=CARTESIAN_POINT('',(-14.,-2.99999999999999,23.5));
#2999=CARTESIAN_POINT('',(-8.16,-2.99999999999999,23.5));
#3000=CARTESIAN_POINT('',(-14.,-2.99999999999999,22.));
#3001=CARTESIAN_POINT('Origin',(-14.,-0.500000007450581,22.));
#3002=CARTESIAN_POINT('',(-14.,-0.500000007450581,22.));
#3003=CARTESIAN_POINT('',(-14.,9.79289325591793,22.));
#3004=CARTESIAN_POINT('',(-14.,-0.500000007450581,23.5));
#3005=CARTESIAN_POINT('',(-14.,9.79289325591793,23.5));
#3006=CARTESIAN_POINT('',(-14.,-0.500000007450581,22.));
#3007=CARTESIAN_POINT('Origin',(-14.,46.,22.));
#3008=CARTESIAN_POINT('',(-14.,43.5000006482005,22.));
#3009=CARTESIAN_POINT('',(-14.,46.,22.));
#3010=CARTESIAN_POINT('',(-14.,34.16,22.));
#3011=CARTESIAN_POINT('',(-14.,43.5000006482005,23.5));
#3012=CARTESIAN_POINT('',(-14.,43.5000006482005,22.));
#3013=CARTESIAN_POINT('',(-14.,46.,23.5));
#3014=CARTESIAN_POINT('',(-14.,34.16,23.5));
#3015=CARTESIAN_POINT('',(-14.,46.,22.));
#3016=CARTESIAN_POINT('Origin',(11.,46.,22.));
#3017=CARTESIAN_POINT('',(11.,46.,22.));
#3018=CARTESIAN_POINT('',(5.16,46.,22.));
#3019=CARTESIAN_POINT('',(11.,46.,23.5));
#3020=CARTESIAN_POINT('',(5.16,46.,23.5));
#3021=CARTESIAN_POINT('',(11.,46.,22.));
#3022=CARTESIAN_POINT('Origin',(11.,43.5000006482005,22.));
#3023=CARTESIAN_POINT('',(11.,43.5000006482005,22.));
#3024=CARTESIAN_POINT('',(11.,33.2071070723596,22.));
#3025=CARTESIAN_POINT('',(11.,43.5000006482005,23.5));
#3026=CARTESIAN_POINT('',(11.,33.2071070723596,23.5));
#3027=CARTESIAN_POINT('',(11.,43.5000006482005,22.));
#3028=CARTESIAN_POINT('Origin',(11.,-2.99999999999999,22.));
#3029=CARTESIAN_POINT('',(11.,-0.500000007450581,22.));
#3030=CARTESIAN_POINT('',(11.,8.84,22.));
#3031=CARTESIAN_POINT('',(11.,-0.500000007450581,23.5));
#3032=CARTESIAN_POINT('',(11.,-0.500000007450581,22.));
#3033=CARTESIAN_POINT('',(11.,8.84,23.5));
#3034=CARTESIAN_POINT('Origin',(-1.5,21.5,23.5));
#3035=CARTESIAN_POINT('',(12.,0.91421348906805,23.5));
#3036=CARTESIAN_POINT('Origin',(12.5000001862645,-0.500000007450581,23.5));
#3037=CARTESIAN_POINT('',(12.,42.0857871516819,23.5));
#3038=CARTESIAN_POINT('',(12.,8.84,23.5));
#3039=CARTESIAN_POINT('Origin',(12.5000001862645,43.5000006482005,23.5));
#3040=CARTESIAN_POINT('',(-15.,42.085787167487,23.5));
#3041=CARTESIAN_POINT('Origin',(-15.500000230968,43.5000006482005,23.5));
#3042=CARTESIAN_POINT('',(-15.,0.914213473262975,23.5));
#3043=CARTESIAN_POINT('',(-15.,34.16,23.5));
#3044=CARTESIAN_POINT('Origin',(-15.500000230968,-0.500000007450581,23.5));
#3045=CARTESIAN_POINT('',(3.00000004470348,30.0000004470348,23.5));
#3046=CARTESIAN_POINT('',(3.43761281578274,20.7176606437766,23.5));
#3047=CARTESIAN_POINT('Origin',(-1.50000002235174,25.1363640109246,23.5));
#3048=CARTESIAN_POINT('',(-6.43761284421023,20.7176606255893,23.5));
#3049=CARTESIAN_POINT('Origin',(-1.5,13.0000001937151,23.5));
#3050=CARTESIAN_POINT('',(-6.00000008940697,30.0000004470348,23.5));
#3051=CARTESIAN_POINT('Origin',(-1.50000002235174,25.1363640109246,23.5));
#3052=CARTESIAN_POINT('Origin',(-1.50000002235174,35.1363641599362,23.5));
#3053=CARTESIAN_POINT('',(1.42340409528232,2.63082184173519,23.5));
#3054=CARTESIAN_POINT('',(2.42340409528232,1.63082184173519,23.5));
#3055=CARTESIAN_POINT('Origin',(1.42340409528232,1.63082184173519,23.5));
#3056=CARTESIAN_POINT('',(2.42340409528232,-2.3620937161391,23.5));
#3057=CARTESIAN_POINT('',(2.42340409528232,11.5654109208676,23.5));
#3058=CARTESIAN_POINT('',(-5.56103296674822,-2.3620937161391,23.5));
#3059=CARTESIAN_POINT('',(0.461702047641158,-2.3620937161391,23.5));
#3060=CARTESIAN_POINT('',(-5.56103296674823,1.63082184173519,23.5));
#3061=CARTESIAN_POINT('',(-5.56103296674822,9.56895314193045,23.5));
#3062=CARTESIAN_POINT('',(-4.56103296674822,2.63082184173519,23.5));
#3063=CARTESIAN_POINT('Origin',(-4.56103296674822,1.63082184173519,23.5));
#3064=CARTESIAN_POINT('',(-3.03051648337411,2.63082184173519,23.5));
#3065=CARTESIAN_POINT('Origin',(-1.50000002235174,10.0000001788139,-18.));
#3066=CARTESIAN_POINT('',(-6.50000002235174,10.0000001788139,21.5));
#3067=CARTESIAN_POINT('Origin',(-1.50000002235174,10.0000001788139,21.5));
#3068=CARTESIAN_POINT('',(-6.50000002235174,10.0000001788139,17.));
#3069=CARTESIAN_POINT('',(-6.50000002235174,10.0000001788139,-18.));
#3070=CARTESIAN_POINT('Origin',(-1.50000002235174,10.0000001788139,17.));
#3071=CARTESIAN_POINT('Origin',(-1.49999999999999,23.0000003576279,-18.));
#3072=CARTESIAN_POINT('',(-3.49999999999999,23.0000003576279,21.5));
#3073=CARTESIAN_POINT('Origin',(-1.49999999999999,23.0000003576279,21.5));
#3074=CARTESIAN_POINT('',(-3.49999999999999,23.0000003576279,-18.));
#3075=CARTESIAN_POINT('Origin',(-1.49999999999999,35.0000005215406,-18.));
#3076=CARTESIAN_POINT('',(-3.49999999999999,35.0000005215406,21.5));
#3077=CARTESIAN_POINT('Origin',(-1.49999999999999,35.0000005215406,21.5));
#3078=CARTESIAN_POINT('',(-3.49999999999999,35.0000005215406,17.));
#3079=CARTESIAN_POINT('',(-3.49999999999999,35.0000005215406,-18.));
#3080=CARTESIAN_POINT('Origin',(-1.49999999999999,35.0000005215406,17.));
#3081=CARTESIAN_POINT('Origin',(-1.50000002235174,35.0000005215407,12.));
#3082=CARTESIAN_POINT('',(-7.00000002235174,35.0000005215407,12.));
#3083=CARTESIAN_POINT('Origin',(-1.50000002235174,35.0000005215407,12.));
#3084=CARTESIAN_POINT('',(-7.00000002235174,35.0000005215407,17.));
#3085=CARTESIAN_POINT('',(-7.00000002235174,35.0000005215407,12.));
#3086=CARTESIAN_POINT('Origin',(-1.50000002235174,35.0000005215407,17.));
#3087=CARTESIAN_POINT('Origin',(-1.50000002235174,35.0000005215407,17.));
#3088=CARTESIAN_POINT('Origin',(-1.49999996647239,9.9999997317791,12.));
#3089=CARTESIAN_POINT('',(-0.105289521653123,2.63082184173519,17.));
#3090=CARTESIAN_POINT('',(-0.105289521653123,2.63082184173519,12.));
#3091=CARTESIAN_POINT('',(-0.105289521653123,2.63082184173519,12.));
#3092=CARTESIAN_POINT('',(-2.89471041129165,2.63082184173519,17.));
#3093=CARTESIAN_POINT('Origin',(-1.49999996647239,9.9999997317791,17.));
#3094=CARTESIAN_POINT('',(-2.89471041129165,2.63082184173519,12.));
#3095=CARTESIAN_POINT('',(-2.89471041129165,2.63082184173519,12.));
#3096=CARTESIAN_POINT('Origin',(-1.49999996647239,9.9999997317791,12.));
#3097=CARTESIAN_POINT('Origin',(-1.49999996647239,9.9999997317791,17.));
#3098=CARTESIAN_POINT('',(-3.03051646661031,2.63082184173519,17.));
#3099=CARTESIAN_POINT('Origin',(-1.5,21.5,12.));
#3100=CARTESIAN_POINT('',(11.5857864376269,-2.82684620387224,12.));
#3101=CARTESIAN_POINT('',(11.5857864376269,1.82684618897108,12.));
#3102=CARTESIAN_POINT('Origin',(12.5000001862645,-0.500000007450581,12.));
#3103=CARTESIAN_POINT('',(11.5857864376269,-3.5857864376269,12.));
#3104=CARTESIAN_POINT('',(11.5857864376269,15.17,12.));
#3105=CARTESIAN_POINT('',(-14.5857864376269,-3.5857864376269,12.));
#3106=CARTESIAN_POINT('',(-4.83,-3.5857864376269,12.));
#3107=CARTESIAN_POINT('',(-14.5857864376269,-2.82684618630832,12.));
#3108=CARTESIAN_POINT('',(-14.5857864376269,27.83,12.));
#3109=CARTESIAN_POINT('',(-14.5857864376269,1.82684617140716,12.));
#3110=CARTESIAN_POINT('Origin',(-15.500000230968,-0.500000007450581,12.));
#3111=CARTESIAN_POINT('',(-14.5857864376269,41.1731544693428,12.));
#3112=CARTESIAN_POINT('',(-14.5857864376269,27.83,12.));
#3113=CARTESIAN_POINT('',(-14.5857864376269,45.8268468270583,12.));
#3114=CARTESIAN_POINT('Origin',(-15.500000230968,43.5000006482005,12.));
#3115=CARTESIAN_POINT('',(-14.5857864376269,46.5857864376269,12.));
#3116=CARTESIAN_POINT('',(-14.5857864376269,27.83,12.));
#3117=CARTESIAN_POINT('',(11.5857864376269,46.5857864376269,12.));
#3118=CARTESIAN_POINT('',(1.83,46.5857864376269,12.));
#3119=CARTESIAN_POINT('',(11.5857864376269,45.8268468446222,12.));
#3120=CARTESIAN_POINT('',(11.5857864376269,15.17,12.));
#3121=CARTESIAN_POINT('',(11.5857864376269,41.1731544517789,12.));
#3122=CARTESIAN_POINT('Origin',(12.5000001862645,43.5000006482005,12.));
#3123=CARTESIAN_POINT('',(11.5857864376269,15.17,12.));
#3124=CARTESIAN_POINT('',(-4.56103296674822,2.63082184173519,12.));
#3125=CARTESIAN_POINT('',(-3.03051648337411,2.63082184173519,12.));
#3126=CARTESIAN_POINT('',(-5.56103296674822,1.63082184173519,12.));
#3127=CARTESIAN_POINT('Origin',(-4.56103296674822,1.63082184173519,12.));
#3128=CARTESIAN_POINT('',(-5.56103296674822,-2.3620937161391,12.));
#3129=CARTESIAN_POINT('',(-5.56103296674822,9.56895314193045,12.));
#3130=CARTESIAN_POINT('',(2.42340409528232,-2.3620937161391,12.));
#3131=CARTESIAN_POINT('',(0.461702047641158,-2.3620937161391,12.));
#3132=CARTESIAN_POINT('',(2.42340409528232,1.63082184173519,12.));
#3133=CARTESIAN_POINT('',(2.42340409528232,11.5654109208676,12.));
#3134=CARTESIAN_POINT('',(1.42340409528232,2.63082184173519,12.));
#3135=CARTESIAN_POINT('Origin',(1.42340409528232,1.63082184173519,12.));
#3136=CARTESIAN_POINT('',(-3.03051648337411,2.63082184173519,12.));
#3137=CARTESIAN_POINT('Ctrl Pts',(12.,-3.82,21.));
#3138=CARTESIAN_POINT('Ctrl Pts',(12.,-3.82,21.2243994752564));
#3139=CARTESIAN_POINT('Ctrl Pts',(11.8174120120502,-3.67027784988116,21.7490475761701));
#3140=CARTESIAN_POINT('Ctrl Pts',(11.2991993003419,-3.24534342628034,22.));
#3141=CARTESIAN_POINT('Ctrl Pts',(11.,-2.99999999999999,22.));
#3142=CARTESIAN_POINT('Ctrl Pts',(12.,-3.87385587406153,21.));
#3143=CARTESIAN_POINT('Ctrl Pts',(12.,-3.87385587406153,21.2366661540014));
#3144=CARTESIAN_POINT('Ctrl Pts',(11.7935313982426,-3.69985363766892,21.7738100218633));
#3145=CARTESIAN_POINT('Ctrl Pts',(11.2889410386159,-3.25560168800635,22.));
#3146=CARTESIAN_POINT('Ctrl Pts',(11.,-2.99999999999999,22.));
#3147=CARTESIAN_POINT('Ctrl Pts',(11.9547954527516,-3.96709443368781,21.));
#3148=CARTESIAN_POINT('Ctrl Pts',(11.9547954527516,-3.96709443368781,21.2472047937639));
#3149=CARTESIAN_POINT('Ctrl Pts',(11.7445743277422,-3.75222798571084,21.7935105818022));
#3150=CARTESIAN_POINT('Ctrl Pts',(11.2709890805954,-3.27355364602686,22.));
#3151=CARTESIAN_POINT('Ctrl Pts',(11.,-2.99999999999999,22.));
#3152=CARTESIAN_POINT('Ctrl Pts',(11.8603919055462,-3.99999999999999,21.));
#3153=CARTESIAN_POINT('Ctrl Pts',(11.8603919055462,-3.99999999999999,21.2334776850852));
#3154=CARTESIAN_POINT('Ctrl Pts',(11.6925881967646,-3.79964319018927,21.7676180414469));
#3155=CARTESIAN_POINT('Ctrl Pts',(11.2530371225748,-3.29150560404738,22.));
#3156=CARTESIAN_POINT('Ctrl Pts',(11.,-2.99999999999999,22.));
#3157=CARTESIAN_POINT('Ctrl Pts',(11.82,-3.99999999999999,21.));
#3158=CARTESIAN_POINT('Ctrl Pts',(11.82,-3.99999999999999,21.2243994752564));
#3159=CARTESIAN_POINT('Ctrl Pts',(11.6702778498812,-3.81741201205019,21.7490475761701));
#3160=CARTESIAN_POINT('Ctrl Pts',(11.2453434262803,-3.29919930034188,22.));
#3161=CARTESIAN_POINT('Ctrl Pts',(11.,-2.99999999999999,22.));
#3162=CARTESIAN_POINT('',(12.,-3.82,21.));
#3163=CARTESIAN_POINT('Origin',(11.,-2.99999999999999,21.));
#3164=CARTESIAN_POINT('',(11.82,-3.99999999999999,21.));
#3165=CARTESIAN_POINT('Origin',(11.,-2.99999999999999,21.));
#3166=CARTESIAN_POINT('Origin',(11.82,-3.82,21.));
#3167=CARTESIAN_POINT('Ctrl Pts',(-14.82,-3.99999999999999,21.));
#3168=CARTESIAN_POINT('Ctrl Pts',(-14.82,-3.99999999999999,21.2243994752564));
#3169=CARTESIAN_POINT('Ctrl Pts',(-14.6702602881102,-3.81739059525629,21.7490297267441));
#3170=CARTESIAN_POINT('Ctrl Pts',(-14.2453434262803,-3.29919930034188,22.));
#3171=CARTESIAN_POINT('Ctrl Pts',(-14.,-2.99999999999999,22.));
#3172=CARTESIAN_POINT('Ctrl Pts',(-14.8738558740615,-3.99999999999999,21.));
#3173=CARTESIAN_POINT('Ctrl Pts',(-14.8738558740615,-3.99999999999999,21.2366661540014));
#3174=CARTESIAN_POINT('Ctrl Pts',(-14.6998334645043,-3.79350379724872,21.7737730388299));
#3175=CARTESIAN_POINT('Ctrl Pts',(-14.2556016880064,-3.28894103861587,22.));
#3176=CARTESIAN_POINT('Ctrl Pts',(-14.,-2.99999999999999,22.));
#3177=CARTESIAN_POINT('Ctrl Pts',(-14.9670916806584,-3.95479315829079,21.));
#3178=CARTESIAN_POINT('Ctrl Pts',(-14.9670916806584,-3.95479315829079,21.2472047937639));
#3179=CARTESIAN_POINT('Ctrl Pts',(-14.7522141940573,-3.7445618763678,21.7934419423077));
#3180=CARTESIAN_POINT('Ctrl Pts',(-14.2735536460269,-3.27098908059536,22.));
#3181=CARTESIAN_POINT('Ctrl Pts',(-14.,-2.99999999999999,22.));
#3182=CARTESIAN_POINT('Ctrl Pts',(-15.,-3.86039190554615,21.));
#3183=CARTESIAN_POINT('Ctrl Pts',(-15.,-3.86039190554615,21.2334776850852));
#3184=CARTESIAN_POINT('Ctrl Pts',(-14.7996217716279,-3.69257288295425,21.7675828513441));
#3185=CARTESIAN_POINT('Ctrl Pts',(-14.2915056040474,-3.25303712257485,22.));
#3186=CARTESIAN_POINT('Ctrl Pts',(-14.,-2.99999999999999,22.));
#3187=CARTESIAN_POINT('Ctrl Pts',(-15.,-3.81999999999999,21.));
#3188=CARTESIAN_POINT('Ctrl Pts',(-15.,-3.81999999999999,21.2243994752564));
#3189=CARTESIAN_POINT('Ctrl Pts',(-14.8173905952563,-3.67026028811016,21.7490297267441));
#3190=CARTESIAN_POINT('Ctrl Pts',(-14.2991993003419,-3.24534342628034,22.));
#3191=CARTESIAN_POINT('Ctrl Pts',(-14.,-2.99999999999999,22.));
#3192=CARTESIAN_POINT('',(-14.82,-3.99999999999999,21.));
#3193=CARTESIAN_POINT('Origin',(-14.,-2.99999999999999,21.));
#3194=CARTESIAN_POINT('',(-15.,-3.81999999999999,21.));
#3195=CARTESIAN_POINT('Origin',(-14.,-2.99999999999999,21.));
#3196=CARTESIAN_POINT('Origin',(-14.82,-3.81999999999999,21.));
#3197=CARTESIAN_POINT('Origin',(-14.,9.79289325591793,21.));
#3198=CARTESIAN_POINT('',(-15.,-1.91421348816414,21.));
#3199=CARTESIAN_POINT('Ctrl Pts',(-14.000000230968,-0.500000007450581,22.));
#3200=CARTESIAN_POINT('Ctrl Pts',(-14.000000230968,-0.689246199155161,22.));
#3201=CARTESIAN_POINT('Ctrl Pts',(-14.0381826662059,-0.890623526318051,
22.0022008670831));
#3202=CARTESIAN_POINT('Ctrl Pts',(-14.1903431887427,-1.25782261393113,21.9847002209516));
#3203=CARTESIAN_POINT('Ctrl Pts',(-14.3044284843333,-1.42348571716591,21.9626792624067));
#3204=CARTESIAN_POINT('Ctrl Pts',(-14.5288924478972,-1.6518464568663,21.8556944688166));
#3205=CARTESIAN_POINT('Ctrl Pts',(-14.6543531678568,-1.74347218747761,21.7687459493283));
#3206=CARTESIAN_POINT('Ctrl Pts',(-14.8201434416544,-1.83979896618367,21.5827800311571));
#3207=CARTESIAN_POINT('Ctrl Pts',(-14.887425906677,-1.87007809585026,21.4774542441578));
#3208=CARTESIAN_POINT('Ctrl Pts',(-14.9773820714562,-1.90685152289941,21.2453812867157));
#3209=CARTESIAN_POINT('Ctrl Pts',(-15.,-1.91421348816414,21.1187508147094));
#3210=CARTESIAN_POINT('Ctrl Pts',(-15.,-1.91421348816414,21.));
#3211=CARTESIAN_POINT('',(-15.,9.79289325591793,21.));
#3212=CARTESIAN_POINT('Origin',(-8.16,-2.99999999999999,21.));
#3213=CARTESIAN_POINT('',(-8.16,-3.99999999999999,21.));
#3214=CARTESIAN_POINT('Origin',(11.,8.84,21.));
#3215=CARTESIAN_POINT('',(12.,-1.91421350396921,21.));
#3216=CARTESIAN_POINT('',(12.,8.84,21.));
#3217=CARTESIAN_POINT('Ctrl Pts',(12.,-1.91421350396921,21.));
#3218=CARTESIAN_POINT('Ctrl Pts',(12.,-1.91421350396921,21.1187508178142));
#3219=CARTESIAN_POINT('Ctrl Pts',(11.9773820702915,-1.90685153913806,21.2453812930064));
#3220=CARTESIAN_POINT('Ctrl Pts',(11.887425900944,-1.87007811334087,21.4774542556624));
#3221=CARTESIAN_POINT('Ctrl Pts',(11.8201434325016,-1.8397989844313,21.582780044682));
#3222=CARTESIAN_POINT('Ctrl Pts',(11.6543531502604,-1.74347220623547,21.7687459649955));
#3223=CARTESIAN_POINT('Ctrl Pts',(11.5288924243085,-1.65184647517746,21.8556944838273));
#3224=CARTESIAN_POINT('Ctrl Pts',(11.3044284509238,-1.42348573269965,21.9626792735244));
#3225=CARTESIAN_POINT('Ctrl Pts',(11.1903431511415,-1.25782262720169,21.984700228413));
#3226=CARTESIAN_POINT('Ctrl Pts',(11.0381826229589,-0.89062353370173,22.0022008689206));
#3227=CARTESIAN_POINT('Ctrl Pts',(11.0000001862645,-0.6892462028863,22.));
#3228=CARTESIAN_POINT('Ctrl Pts',(11.0000001862645,-0.500000007450581,22.));
#3229=CARTESIAN_POINT('Origin',(-14.82,-3.99999999999999,13.));
#3230=CARTESIAN_POINT('',(-14.82,-3.99999999999999,13.));
#3231=CARTESIAN_POINT('',(-14.82,-3.99999999999999,13.));
#3232=CARTESIAN_POINT('',(11.82,-3.99999999999999,13.));
#3233=CARTESIAN_POINT('',(-8.16,-3.99999999999999,13.));
#3234=CARTESIAN_POINT('',(11.82,-3.99999999999999,13.));
#3235=CARTESIAN_POINT('Origin',(-14.82,-3.81999999999999,13.));
#3236=CARTESIAN_POINT('',(-15.,-3.81999999999999,13.));
#3237=CARTESIAN_POINT('',(-15.,-3.81999999999999,13.));
#3238=CARTESIAN_POINT('Origin',(-14.82,-3.81999999999999,13.));
#3239=CARTESIAN_POINT('Origin',(-15.,-1.91421348816414,13.));
#3240=CARTESIAN_POINT('',(-15.,-1.91421348816414,13.));
#3241=CARTESIAN_POINT('',(-15.,-1.91421348816414,13.));
#3242=CARTESIAN_POINT('',(-15.,34.16,13.));
#3243=CARTESIAN_POINT('Origin',(-15.500000230968,-0.500000007450581,13.));
#3244=CARTESIAN_POINT('',(-15.,0.914213473262975,13.));
#3245=CARTESIAN_POINT('',(-15.,0.914213473262975,13.));
#3246=CARTESIAN_POINT('Origin',(-15.500000230968,-0.500000007450581,13.));
#3247=CARTESIAN_POINT('Ctrl Pts',(-15.,46.82,21.));
#3248=CARTESIAN_POINT('Ctrl Pts',(-15.,46.82,21.2243994752564));
#3249=CARTESIAN_POINT('Ctrl Pts',(-14.8172114055888,46.6701133525828,21.74888038447));
#3250=CARTESIAN_POINT('Ctrl Pts',(-14.2991993003419,46.2453434262804,22.));
#3251=CARTESIAN_POINT('Ctrl Pts',(-14.,46.,22.));
#3252=CARTESIAN_POINT('Ctrl Pts',(-15.,46.8738558740616,21.));
#3253=CARTESIAN_POINT('Ctrl Pts',(-15.,46.8738558740616,21.2366661540014));
#3254=CARTESIAN_POINT('Ctrl Pts',(-14.7932728657222,46.6996646800128,21.7734636098141));
#3255=CARTESIAN_POINT('Ctrl Pts',(-14.2889410386159,46.2556016880064,22.));
#3256=CARTESIAN_POINT('Ctrl Pts',(-14.,46.,22.));
#3257=CARTESIAN_POINT('Ctrl Pts',(-14.9547763248904,46.9670714829519,21.));
#3258=CARTESIAN_POINT('Ctrl Pts',(-14.9547763248904,46.9670714829519,21.2472047937639));
#3259=CARTESIAN_POINT('Ctrl Pts',(-14.7444557670066,46.7520965179947,21.7928707301643));
#3260=CARTESIAN_POINT('Ctrl Pts',(-14.2709890805954,46.2735536460269,22.));
#3261=CARTESIAN_POINT('Ctrl Pts',(-14.,46.,22.));
#3262=CARTESIAN_POINT('Ctrl Pts',(-14.8603919055462,47.,21.));
#3263=CARTESIAN_POINT('Ctrl Pts',(-14.8603919055462,47.,21.2334776850852));
#3264=CARTESIAN_POINT('Ctrl Pts',(-14.6924447556256,46.7994425671718,21.7672884233895));
#3265=CARTESIAN_POINT('Ctrl Pts',(-14.2530371225749,46.2915056040474,22.));
#3266=CARTESIAN_POINT('Ctrl Pts',(-14.,46.,22.));
#3267=CARTESIAN_POINT('Ctrl Pts',(-14.82,47.,21.));
#3268=CARTESIAN_POINT('Ctrl Pts',(-14.82,47.,21.2243994752564));
#3269=CARTESIAN_POINT('Ctrl Pts',(-14.6701133525828,46.8172114055888,21.74888038447));
#3270=CARTESIAN_POINT('Ctrl Pts',(-14.2453434262803,46.2991993003419,22.));
#3271=CARTESIAN_POINT('Ctrl Pts',(-14.,46.,22.));
#3272=CARTESIAN_POINT('',(-15.,46.82,21.));
#3273=CARTESIAN_POINT('Origin',(-14.,46.,21.));
#3274=CARTESIAN_POINT('',(-14.82,47.,21.));
#3275=CARTESIAN_POINT('Origin',(-14.,46.,21.));
#3276=CARTESIAN_POINT('Origin',(-14.82,46.82,21.));
#3277=CARTESIAN_POINT('Ctrl Pts',(11.82,47.,21.));
#3278=CARTESIAN_POINT('Ctrl Pts',(11.82,47.,21.2991993003419));
#3279=CARTESIAN_POINT('Ctrl Pts',(11.6140872801028,46.7488869269547,21.8172192556477));
#3280=CARTESIAN_POINT('Ctrl Pts',(11.1840075697103,46.2243994752564,22.));
#3281=CARTESIAN_POINT('Ctrl Pts',(11.,46.,22.));
#3282=CARTESIAN_POINT('Ctrl Pts',(11.8738558740615,47.,21.));
#3283=CARTESIAN_POINT('Ctrl Pts',(11.8738558740615,47.,21.3155548720019));
#3284=CARTESIAN_POINT('Ctrl Pts',(11.638690092852,46.7225690652727,21.8367517563201));
#3285=CARTESIAN_POINT('Ctrl Pts',(11.1917012660048,46.2167057789619,22.));
#3286=CARTESIAN_POINT('Ctrl Pts',(11.,46.,22.));
#3287=CARTESIAN_POINT('Ctrl Pts',(11.9670722742771,46.9547769844056,21.));
#3288=CARTESIAN_POINT('Ctrl Pts',(11.9670722742771,46.9547769844056,21.3296063916851));
#3289=CARTESIAN_POINT('Ctrl Pts',(11.6824471055528,46.6759275352054,21.8517663534146));
#3290=CARTESIAN_POINT('Ctrl Pts',(11.2051652345202,46.2032418104465,22.));
#3291=CARTESIAN_POINT('Ctrl Pts',(11.,46.,22.));
#3292=CARTESIAN_POINT('Ctrl Pts',(12.,46.8603919055462,21.));
#3293=CARTESIAN_POINT('Ctrl Pts',(12.,46.8603919055462,21.3113035801136));
#3294=CARTESIAN_POINT('Ctrl Pts',(11.7292897029307,46.6326674606315,21.8318800196775));
#3295=CARTESIAN_POINT('Ctrl Pts',(11.2186292030355,46.1897778419311,22.));
#3296=CARTESIAN_POINT('Ctrl Pts',(11.,46.,22.));
#3297=CARTESIAN_POINT('Ctrl Pts',(12.,46.82,21.));
#3298=CARTESIAN_POINT('Ctrl Pts',(12.,46.82,21.2991993003419));
#3299=CARTESIAN_POINT('Ctrl Pts',(11.7488869269546,46.6140872801028,21.8172192556477));
#3300=CARTESIAN_POINT('Ctrl Pts',(11.2243994752564,46.1840075697103,22.));
#3301=CARTESIAN_POINT('Ctrl Pts',(11.,46.,22.));
#3302=CARTESIAN_POINT('',(11.82,47.,21.));
#3303=CARTESIAN_POINT('Origin',(11.,46.,21.));
#3304=CARTESIAN_POINT('',(12.,46.82,21.));
#3305=CARTESIAN_POINT('Origin',(11.,46.,21.));
#3306=CARTESIAN_POINT('Origin',(11.82,46.82,21.));
#3307=CARTESIAN_POINT('Origin',(11.,33.2071070723596,21.));
#3308=CARTESIAN_POINT('',(12.,44.9142141447191,21.));
#3309=CARTESIAN_POINT('Ctrl Pts',(11.0000001862645,43.5000006482005,22.));
#3310=CARTESIAN_POINT('Ctrl Pts',(11.0000001862645,43.6892468436362,22.));
#3311=CARTESIAN_POINT('Ctrl Pts',(11.0381826229589,43.8906241744517,22.0022008689206));
#3312=CARTESIAN_POINT('Ctrl Pts',(11.1903431511415,44.2578232679516,21.984700228413));
#3313=CARTESIAN_POINT('Ctrl Pts',(11.3044284509238,44.4234863734496,21.9626792735244));
#3314=CARTESIAN_POINT('Ctrl Pts',(11.5288924243085,44.6518471159274,21.8556944838273));
#3315=CARTESIAN_POINT('Ctrl Pts',(11.6543531502604,44.7434728469854,21.7687459649955));
#3316=CARTESIAN_POINT('Ctrl Pts',(11.8201434325016,44.8397996251812,21.582780044682));
#3317=CARTESIAN_POINT('Ctrl Pts',(11.887425900944,44.8700787540908,21.4774542556624));
#3318=CARTESIAN_POINT('Ctrl Pts',(11.9773820702915,44.906852179888,21.2453812930064));
#3319=CARTESIAN_POINT('Ctrl Pts',(12.,44.9142141447191,21.1187508178142));
#3320=CARTESIAN_POINT('Ctrl Pts',(12.,44.9142141447191,21.));
#3321=CARTESIAN_POINT('',(12.,33.2071070723596,21.));
#3322=CARTESIAN_POINT('Origin',(5.16,46.,21.));
#3323=CARTESIAN_POINT('',(5.16,47.,21.));
#3324=CARTESIAN_POINT('Origin',(-14.,34.16,21.));
#3325=CARTESIAN_POINT('',(-15.,44.9142141289141,21.));
#3326=CARTESIAN_POINT('',(-15.,34.16,21.));
#3327=CARTESIAN_POINT('Ctrl Pts',(-15.,44.9142141289141,21.));
#3328=CARTESIAN_POINT('Ctrl Pts',(-15.,44.9142141289141,21.1187508147094));
#3329=CARTESIAN_POINT('Ctrl Pts',(-14.9773820714562,44.9068521636493,21.2453812867157));
#3330=CARTESIAN_POINT('Ctrl Pts',(-14.887425906677,44.8700787366002,21.4774542441578));
#3331=CARTESIAN_POINT('Ctrl Pts',(-14.8201434416544,44.8397996069336,21.5827800311571));
#3332=CARTESIAN_POINT('Ctrl Pts',(-14.6543531678568,44.7434728282275,21.7687459493283));
#3333=CARTESIAN_POINT('Ctrl Pts',(-14.5288924478972,44.6518470976162,21.8556944688166));
#3334=CARTESIAN_POINT('Ctrl Pts',(-14.3044284843333,44.4234863579158,21.9626792624067));
#3335=CARTESIAN_POINT('Ctrl Pts',(-14.1903431887427,44.2578232546811,21.9847002209516));
#3336=CARTESIAN_POINT('Ctrl Pts',(-14.0381826662059,43.890624167068,22.0022008670831));
#3337=CARTESIAN_POINT('Ctrl Pts',(-14.000000230968,43.6892468399051,22.));
#3338=CARTESIAN_POINT('Ctrl Pts',(-14.000000230968,43.5000006482005,22.));
#3339=CARTESIAN_POINT('Origin',(12.5000001862645,43.5000006482005,13.));
#3340=CARTESIAN_POINT('',(12.,42.0857871516819,13.));
#3341=CARTESIAN_POINT('',(12.,42.0857871516819,13.));
#3342=CARTESIAN_POINT('',(12.,44.9142141447191,13.));
#3343=CARTESIAN_POINT('Origin',(12.5000001862645,43.5000006482005,13.));
#3344=CARTESIAN_POINT('',(12.,44.9142141447191,13.));
#3345=CARTESIAN_POINT('Origin',(-15.500000230968,43.5000006482005,13.));
#3346=CARTESIAN_POINT('',(-15.,44.9142141289141,13.));
#3347=CARTESIAN_POINT('',(-15.,44.9142141289141,13.));
#3348=CARTESIAN_POINT('',(-15.,42.085787167487,13.));
#3349=CARTESIAN_POINT('Origin',(-15.500000230968,43.5000006482005,13.));
#3350=CARTESIAN_POINT('',(-15.,42.085787167487,13.));
#3351=CARTESIAN_POINT('Origin',(-5.56103296674822,-2.3620937161391,22.));
#3352=CARTESIAN_POINT('',(-5.56103296674822,1.63082184173519,22.));
#3353=CARTESIAN_POINT('',(-5.56103296674822,-2.3620937161391,22.));
#3354=CARTESIAN_POINT('Origin',(2.42340409528232,-2.3620937161391,22.));
#3355=CARTESIAN_POINT('',(2.42340409528232,-2.3620937161391,22.));
#3356=CARTESIAN_POINT('Origin',(2.42340409528232,1.63082184173519,22.));
#3357=CARTESIAN_POINT('',(2.42340409528232,1.63082184173519,22.));
#3358=CARTESIAN_POINT('Origin',(1.42340409528232,1.63082184173519,22.));
#3359=CARTESIAN_POINT('',(1.42340409528232,2.63082184173519,22.));
#3360=CARTESIAN_POINT('Origin',(-4.56103296674822,2.63082184173519,22.));
#3361=CARTESIAN_POINT('',(-4.56103296674822,2.63082184173519,22.));
#3362=CARTESIAN_POINT('Origin',(-4.56103296674822,1.63082184173519,22.));
#3363=CARTESIAN_POINT('Origin',(-1.50000002235174,25.1363640109246,22.));
#3364=CARTESIAN_POINT('',(3.00000004470348,30.0000004470348,21.5));
#3365=CARTESIAN_POINT('',(3.00000004470348,30.0000004470348,22.));
#3366=CARTESIAN_POINT('',(3.43761281578274,20.7176606437766,21.5));
#3367=CARTESIAN_POINT('Origin',(-1.50000002235174,25.1363640109246,21.5));
#3368=CARTESIAN_POINT('',(3.43761281578274,20.7176606437766,22.));
#3369=CARTESIAN_POINT('Origin',(-1.50000002235174,35.1363641599362,22.));
#3370=CARTESIAN_POINT('',(-6.00000008940697,30.0000004470348,21.5));
#3371=CARTESIAN_POINT('',(-6.00000008940697,30.0000004470348,22.));
#3372=CARTESIAN_POINT('Origin',(-1.50000002235174,35.1363641599362,21.5));
#3373=CARTESIAN_POINT('Origin',(-1.50000002235174,25.1363640109246,22.));
#3374=CARTESIAN_POINT('',(-6.43761284421023,20.7176606255893,21.5));
#3375=CARTESIAN_POINT('',(-6.43761284421023,20.7176606255893,22.));
#3376=CARTESIAN_POINT('Origin',(-1.50000002235174,25.1363640109246,21.5));
#3377=CARTESIAN_POINT('Origin',(-1.5,13.0000001937151,22.));
#3378=CARTESIAN_POINT('Origin',(-1.5,13.0000001937151,21.5));
#3379=CARTESIAN_POINT('Origin',(-1.5,22.9015704351641,21.5));
#3380=CARTESIAN_POINT('Origin',(12.,-3.82,13.));
#3381=CARTESIAN_POINT('',(12.,-3.82,13.));
#3382=CARTESIAN_POINT('',(12.,-3.82,13.));
#3383=CARTESIAN_POINT('',(12.,-1.91421350396921,13.));
#3384=CARTESIAN_POINT('',(12.,8.84,13.));
#3385=CARTESIAN_POINT('',(12.,-1.91421350396921,13.));
#3386=CARTESIAN_POINT('Origin',(11.82,-3.81999999999999,13.));
#3387=CARTESIAN_POINT('Origin',(11.82,-3.81999999999999,13.));
#3388=CARTESIAN_POINT('Origin',(-15.,42.085787167487,13.));
#3389=CARTESIAN_POINT('',(-15.,34.16,13.));
#3390=CARTESIAN_POINT('Origin',(-15.,46.82,13.));
#3391=CARTESIAN_POINT('',(-15.,46.82,13.));
#3392=CARTESIAN_POINT('',(-15.,46.82,13.));
#3393=CARTESIAN_POINT('',(-15.,34.16,13.));
#3394=CARTESIAN_POINT('Origin',(-14.82,46.82,13.));
#3395=CARTESIAN_POINT('',(-14.82,47.,13.));
#3396=CARTESIAN_POINT('',(-14.82,47.,13.));
#3397=CARTESIAN_POINT('Origin',(-14.82,46.82,13.));
#3398=CARTESIAN_POINT('Origin',(11.82,47.,13.));
#3399=CARTESIAN_POINT('',(11.82,47.,13.));
#3400=CARTESIAN_POINT('',(11.82,47.,13.));
#3401=CARTESIAN_POINT('',(5.16,47.,13.));
#3402=CARTESIAN_POINT('Origin',(11.82,46.82,13.));
#3403=CARTESIAN_POINT('',(12.,46.82,13.));
#3404=CARTESIAN_POINT('',(12.,46.82,13.));
#3405=CARTESIAN_POINT('Origin',(11.82,46.82,13.));
#3406=CARTESIAN_POINT('Origin',(12.,44.9142141447191,13.));
#3407=CARTESIAN_POINT('',(12.,8.84,13.));
#3408=CARTESIAN_POINT('Origin',(12.,0.91421348906805,13.));
#3409=CARTESIAN_POINT('',(12.,0.91421348906805,13.));
#3410=CARTESIAN_POINT('',(12.,8.84,13.));
#3411=CARTESIAN_POINT('',(12.,0.91421348906805,13.));
#3412=CARTESIAN_POINT('Origin',(12.5000001862645,-0.500000007450581,13.));
#3413=CARTESIAN_POINT('Origin',(12.5000001862645,-0.500000007450581,13.));
#3414=CARTESIAN_POINT('Origin',(-1.5,21.5,13.));
#3415=CARTESIAN_POINT('Origin',(12.5000001862645,-0.500000007450581,13.));
#3416=CARTESIAN_POINT('',(11.5000001862645,-0.500000007450581,13.));
#3417=CARTESIAN_POINT('Origin',(12.5000001862645,-0.500000007450581,13.));
#3418=CARTESIAN_POINT('Origin',(-1.5,21.5,13.));
#3419=CARTESIAN_POINT('Origin',(12.5000001862645,43.5000006482005,13.));
#3420=CARTESIAN_POINT('',(11.5000001862645,43.5000006482005,13.));
#3421=CARTESIAN_POINT('Origin',(12.5000001862645,43.5000006482005,13.));
#3422=CARTESIAN_POINT('Origin',(-1.5,21.5,13.));
#3423=CARTESIAN_POINT('Origin',(-15.500000230968,-0.500000007450581,13.));
#3424=CARTESIAN_POINT('',(-16.500000230968,-0.500000007450581,13.));
#3425=CARTESIAN_POINT('Origin',(-15.500000230968,-0.500000007450581,13.));
#3426=CARTESIAN_POINT('Origin',(12.5000001862645,-0.500000007450581,0.));
#3427=CARTESIAN_POINT('Origin',(12.5000001862645,-0.500000007450581,12.4999998137355));
#3428=CARTESIAN_POINT('Origin',(12.5000001862645,-0.500000007450581,0.));
#3429=CARTESIAN_POINT('',(11.5000001862645,-0.50000000745058,1.5));
#3430=CARTESIAN_POINT('',(11.5000001862645,-0.500000007450581,0.));
#3431=CARTESIAN_POINT('Origin',(12.5000001862645,-0.500000007450581,1.5));
#3432=CARTESIAN_POINT('Origin',(-15.500000230968,-0.500000007450581,0.));
#3433=CARTESIAN_POINT('',(-16.500000230968,-0.50000000745058,1.5));
#3434=CARTESIAN_POINT('',(-16.500000230968,-0.500000007450581,0.));
#3435=CARTESIAN_POINT('Origin',(-15.500000230968,-0.500000007450581,1.5));
#3436=CARTESIAN_POINT('Origin',(-15.500000230968,-0.500000007450581,0.));
#3437=CARTESIAN_POINT('Origin',(-15.500000230968,-0.500000007450581,12.499999769032));
#3438=CARTESIAN_POINT('Origin',(-15.500000230968,43.5000006482005,0.));
#3439=CARTESIAN_POINT('',(-16.500000230968,43.5000006482005,13.));
#3440=CARTESIAN_POINT('Origin',(-15.500000230968,43.5000006482005,13.));
#3441=CARTESIAN_POINT('',(-16.500000230968,43.5000006482005,1.5));
#3442=CARTESIAN_POINT('',(-16.500000230968,43.5000006482005,0.));
#3443=CARTESIAN_POINT('Origin',(-15.500000230968,43.5000006482005,1.5));
#3444=CARTESIAN_POINT('Origin',(-15.500000230968,43.5000006482005,0.));
#3445=CARTESIAN_POINT('Origin',(-15.500000230968,43.5000006482005,12.499999769032));
#3446=CARTESIAN_POINT('Origin',(-15.500000230968,43.5000006482005,13.));
#3447=CARTESIAN_POINT('Origin',(12.5000001862645,43.5000006482005,0.));
#3448=CARTESIAN_POINT('Origin',(12.5000001862645,43.5000006482005,12.4999998137355));
#3449=CARTESIAN_POINT('Origin',(12.5000001862645,43.5000006482005,0.));
#3450=CARTESIAN_POINT('',(11.5000001862645,43.5000006482005,1.5));
#3451=CARTESIAN_POINT('',(11.5000001862645,43.5000006482005,0.));
#3452=CARTESIAN_POINT('Origin',(12.5000001862645,43.5000006482005,1.5));
#3453=CARTESIAN_POINT('Origin',(-15.1641890880201,47.186240142857,0.));
#3454=CARTESIAN_POINT('',(-14.82,49.5,0.));
#3455=CARTESIAN_POINT('',(-17.5,47.3124866806888,0.));
#3456=CARTESIAN_POINT('Origin',(-15.1641890880201,47.186240142857,0.));
#3457=CARTESIAN_POINT('',(-14.82,49.5,1.5));
#3458=CARTESIAN_POINT('',(-14.82,49.5,0.));
#3459=CARTESIAN_POINT('',(-17.5,47.3124866806888,1.5));
#3460=CARTESIAN_POINT('Origin',(-15.1641890880201,47.186240142857,1.5));
#3461=CARTESIAN_POINT('',(-17.5,47.3124866806888,0.));
#3462=CARTESIAN_POINT('Origin',(11.82,49.5,0.));
#3463=CARTESIAN_POINT('',(11.82,49.5,0.));
#3464=CARTESIAN_POINT('',(5.16,49.5,0.));
#3465=CARTESIAN_POINT('',(11.82,49.5,1.5));
#3466=CARTESIAN_POINT('',(11.82,49.5,0.));
#3467=CARTESIAN_POINT('',(11.82,49.5,1.5));
#3468=CARTESIAN_POINT('Origin',(12.1857741830759,47.1945370472037,0.));
#3469=CARTESIAN_POINT('',(14.5000002160668,47.5000007078052,0.));
#3470=CARTESIAN_POINT('Origin',(12.1857741830759,47.1945370472037,0.));
#3471=CARTESIAN_POINT('',(14.5000002160668,47.5000007078052,1.5));
#3472=CARTESIAN_POINT('',(14.5000002160668,47.5000007078052,0.));
#3473=CARTESIAN_POINT('Origin',(12.1857741830759,47.1945370472037,1.5));
#3474=CARTESIAN_POINT('Origin',(14.5,41.5000005085021,0.));
#3475=CARTESIAN_POINT('',(14.5,41.5000005085021,0.));
#3476=CARTESIAN_POINT('',(14.4999996398886,31.499999966162,0.));
#3477=CARTESIAN_POINT('',(14.5,41.5000005085021,1.5));
#3478=CARTESIAN_POINT('',(14.5,41.5000005085021,0.));
#3479=CARTESIAN_POINT('',(14.5,41.5000005085021,1.5));
#3480=CARTESIAN_POINT('Origin',(14.5,-3.81864146892335,0.));
#3481=CARTESIAN_POINT('',(14.5,-3.81864146892335,0.));
#3482=CARTESIAN_POINT('',(14.5,8.84067926553833,0.));
#3483=CARTESIAN_POINT('',(14.5,-3.81864146892335,1.5));
#3484=CARTESIAN_POINT('',(14.5,-3.81864146892335,0.));
#3485=CARTESIAN_POINT('',(14.5,1.50000013224779,1.5));
#3486=CARTESIAN_POINT('Origin',(11.8186411245938,-3.81864146892335,0.));
#3487=CARTESIAN_POINT('',(11.82,-6.49999999999996,0.));
#3488=CARTESIAN_POINT('Origin',(11.8186411245938,-3.81864146892335,0.));
#3489=CARTESIAN_POINT('',(11.82,-6.49999999999996,1.5));
#3490=CARTESIAN_POINT('',(11.82,-6.49999999999996,0.));
#3491=CARTESIAN_POINT('Origin',(11.8186411245938,-3.81864146892335,1.5));
#3492=CARTESIAN_POINT('Origin',(-14.82,-6.49999999999999,0.));
#3493=CARTESIAN_POINT('',(-14.82,-6.49999999999999,0.));
#3494=CARTESIAN_POINT('',(-8.16,-6.49999999999999,0.));
#3495=CARTESIAN_POINT('',(-14.82,-6.49999999999999,1.5));
#3496=CARTESIAN_POINT('',(-14.82,-6.49999999999999,0.));
#3497=CARTESIAN_POINT('',(-14.82,-6.49999999999999,1.5));
#3498=CARTESIAN_POINT('Origin',(-15.1016461956991,-4.10890449746496,0.));
#3499=CARTESIAN_POINT('',(-17.5,-4.31999999999999,0.));
#3500=CARTESIAN_POINT('Origin',(-15.1016461956991,-4.10890449746496,0.));
#3501=CARTESIAN_POINT('',(-17.5,-4.31999999999999,1.5));
#3502=CARTESIAN_POINT('',(-17.5,-4.31999999999999,0.));
#3503=CARTESIAN_POINT('Origin',(-15.1016461956991,-4.10890449746496,1.5));
#3504=CARTESIAN_POINT('Origin',(-17.5,47.3124866806888,0.));
#3505=CARTESIAN_POINT('',(-17.5,34.4062433403444,0.));
#3506=CARTESIAN_POINT('',(-17.5,41.5000004749745,1.5));
#3507=CARTESIAN_POINT('Origin',(-1.49999989196658,21.5061526690422,1.5));
#3508=CARTESIAN_POINT('',(-17.,45.5000008214265,1.5));
#3509=CARTESIAN_POINT('',(-17.,46.82,1.5));
#3510=CARTESIAN_POINT('',(-17.,34.1630763345211,1.5));
#3511=CARTESIAN_POINT('',(-17.,41.5000004749745,1.5));
#3512=CARTESIAN_POINT('Origin',(-15.500000230968,43.5000006482005,1.5));
#3513=CARTESIAN_POINT('',(-17.,1.5000001657754,1.5));
#3514=CARTESIAN_POINT('',(-17.,34.1630763345211,1.5));
#3515=CARTESIAN_POINT('',(-17.,-2.50000018067656,1.5));
#3516=CARTESIAN_POINT('Origin',(-15.500000230968,-0.500000007450581,1.5));
#3517=CARTESIAN_POINT('',(-17.,-3.82,1.5));
#3518=CARTESIAN_POINT('',(-17.,34.1630763345211,1.5));
#3519=CARTESIAN_POINT('',(-14.82,-6.,1.5));
#3520=CARTESIAN_POINT('Origin',(-14.82,-3.81999999999999,1.5));
#3521=CARTESIAN_POINT('',(11.82,-6.,1.5));
#3522=CARTESIAN_POINT('',(-8.15999994598329,-5.99999999999999,1.5));
#3523=CARTESIAN_POINT('',(14.,-3.82,1.5));
#3524=CARTESIAN_POINT('Origin',(11.82,-3.81999999999999,1.5));
#3525=CARTESIAN_POINT('',(14.,-2.50000014714895,1.5));
#3526=CARTESIAN_POINT('',(14.,8.8430763345211,1.5));
#3527=CARTESIAN_POINT('',(14.,1.50000013224779,1.5));
#3528=CARTESIAN_POINT('Origin',(12.5000001862645,-0.500000007450581,1.5));
#3529=CARTESIAN_POINT('',(14.,41.5000005085021,1.5));
#3530=CARTESIAN_POINT('',(14.,8.8430763345211,1.5));
#3531=CARTESIAN_POINT('',(14.,45.5000007878989,1.5));
#3532=CARTESIAN_POINT('Origin',(12.5000001862645,43.5000006482005,1.5));
#3533=CARTESIAN_POINT('',(14.,46.82,1.5));
#3534=CARTESIAN_POINT('',(14.,8.8430763345211,1.5));
#3535=CARTESIAN_POINT('',(11.82,49.,1.5));
#3536=CARTESIAN_POINT('Origin',(11.82,46.82,1.5));
#3537=CARTESIAN_POINT('',(-14.82,49.,1.5));
#3538=CARTESIAN_POINT('',(5.16000005401671,49.,1.5));
#3539=CARTESIAN_POINT('Origin',(-14.82,46.82,1.5));
#3540=CARTESIAN_POINT('Origin',(11.82,-3.81999999999999,0.));
#3541=CARTESIAN_POINT('',(11.82,-5.99999999999999,9.58578643762691));
#3542=CARTESIAN_POINT('',(11.82,-5.99999999999999,0.));
#3543=CARTESIAN_POINT('',(14.,-3.82,9.5857864376269));
#3544=CARTESIAN_POINT('Origin',(11.82,-3.81999999999999,9.5857864376269));
#3545=CARTESIAN_POINT('',(14.,-3.82,0.));
#3546=CARTESIAN_POINT('Origin',(-14.82,-5.99999999999999,0.));
#3547=CARTESIAN_POINT('',(-14.82,-5.99999999999999,9.58578643762691));
#3548=CARTESIAN_POINT('',(-14.82,-5.99999999999999,0.));
#3549=CARTESIAN_POINT('',(-11.49,-5.99999999999999,9.5857864376269));
#3550=CARTESIAN_POINT('Origin',(-14.82,-3.81999999999999,0.));
#3551=CARTESIAN_POINT('',(-17.,-3.81999999999999,9.58578643762691));
#3552=CARTESIAN_POINT('',(-17.,-3.81999999999999,0.));
#3553=CARTESIAN_POINT('Origin',(-14.82,-3.81999999999999,9.5857864376269));
#3554=CARTESIAN_POINT('Origin',(-17.,46.82,0.));
#3555=CARTESIAN_POINT('',(-17.,-2.50000018067656,9.58578643762691));
#3556=CARTESIAN_POINT('',(-17.,-2.50000018067656,-2.));
#3557=CARTESIAN_POINT('',(-17.,40.49,9.58578643762691));
#3558=CARTESIAN_POINT('Origin',(-15.500000230968,-0.500000007450581,-2.));
#3559=CARTESIAN_POINT('',(-17.,1.5000001657754,9.58578643762691));
#3560=CARTESIAN_POINT('',(-17.,1.5000001657754,-2.));
#3561=CARTESIAN_POINT('Origin',(-15.500000230968,-0.500000007450581,11.0857862066589));
#3562=CARTESIAN_POINT('Origin',(-15.500000230968,-0.500000007450581,11.0857862066589));
#3563=CARTESIAN_POINT('Origin',(-17.,46.82,0.));
#3564=CARTESIAN_POINT('',(-17.,41.5000004749745,9.58578643762691));
#3565=CARTESIAN_POINT('',(-17.,41.5000004749745,-2.));
#3566=CARTESIAN_POINT('',(-17.,40.49,9.58578643762691));
#3567=CARTESIAN_POINT('Origin',(-15.500000230968,43.5000006482005,-2.));
#3568=CARTESIAN_POINT('',(-17.,45.5000008214265,9.58578643762691));
#3569=CARTESIAN_POINT('',(-17.,45.5000008214265,-2.));
#3570=CARTESIAN_POINT('Origin',(-15.500000230968,43.5000006482005,11.0857862066589));
#3571=CARTESIAN_POINT('Origin',(-15.500000230968,43.5000006482005,11.0857862066589));
#3572=CARTESIAN_POINT('Origin',(-17.,46.82,0.));
#3573=CARTESIAN_POINT('',(-17.,46.82,9.5857864376269));
#3574=CARTESIAN_POINT('',(-17.,46.82,0.));
#3575=CARTESIAN_POINT('',(-17.,40.49,9.58578643762691));
#3576=CARTESIAN_POINT('Origin',(14.,-3.82,0.));
#3577=CARTESIAN_POINT('',(14.,45.5000007878989,9.58578643762691));
#3578=CARTESIAN_POINT('',(14.,45.5000007878989,-2.25));
#3579=CARTESIAN_POINT('',(14.,46.82,9.5857864376269));
#3580=CARTESIAN_POINT('',(14.,2.51,9.58578643762691));
#3581=CARTESIAN_POINT('',(14.,46.82,0.));
#3582=CARTESIAN_POINT('Origin',(14.,-3.82,0.));
#3583=CARTESIAN_POINT('',(14.,1.50000013224779,9.58578643762691));
#3584=CARTESIAN_POINT('',(14.,1.50000013224779,-2.));
#3585=CARTESIAN_POINT('',(14.,41.5000005085021,9.58578643762691));
#3586=CARTESIAN_POINT('',(14.,2.51,9.58578643762691));
#3587=CARTESIAN_POINT('',(14.,41.5000005085021,-2.25));
#3588=CARTESIAN_POINT('Origin',(14.,-3.82,0.));
#3589=CARTESIAN_POINT('',(14.,-2.50000014714895,9.58578643762691));
#3590=CARTESIAN_POINT('',(14.,2.51,9.58578643762691));
#3591=CARTESIAN_POINT('',(14.,-2.50000014714895,-2.));
#3592=CARTESIAN_POINT('Origin',(-15.7928932188135,34.16,10.7928932188135));
#3593=CARTESIAN_POINT('',(-14.82,-3.81999999999999,11.7657864376269));
#3594=CARTESIAN_POINT('',(-8.02859547920897,2.97140452079103,18.5571909584179));
#3595=CARTESIAN_POINT('',(-17.2928932188135,-3.81999999999999,9.29289321881345));
#3596=CARTESIAN_POINT('Origin',(-15.7928932188135,34.16,10.7928932188135));
#3597=CARTESIAN_POINT('Origin',(12.7928932188135,8.84,10.7928932188135));
#3598=CARTESIAN_POINT('',(11.82,-3.82,11.7657864376269));
#3599=CARTESIAN_POINT('',(11.2928932188135,-3.82,12.2928932188135));
#3600=CARTESIAN_POINT('',(7.02859547920897,0.971404520791037,16.5571909584179));
#3601=CARTESIAN_POINT('Origin',(12.5000001862645,-0.500000007450581,11.0857862513624));
#3602=CARTESIAN_POINT('Origin',(12.7928932188135,8.84,10.7928932188135));
#3603=CARTESIAN_POINT('Origin',(12.5000001862645,43.5000006482005,11.0857862513624));
#3604=CARTESIAN_POINT('',(11.82,46.82,11.7657864376269));
#3605=CARTESIAN_POINT('',(5.02859547920897,40.028595479209,18.5571909584179));
#3606=CARTESIAN_POINT('',(14.2928932188135,46.82,9.29289321881345));
#3607=CARTESIAN_POINT('Origin',(12.5000001862645,-0.500000007450581,-2.));
#3608=CARTESIAN_POINT('Origin',(12.5000001862645,-0.500000007450581,11.0857862513624));
#3609=CARTESIAN_POINT('Origin',(12.7928932188135,8.84,10.7928932188135));
#3610=CARTESIAN_POINT('Origin',(12.5000001862645,43.5000006482005,11.0857862513624));
#3611=CARTESIAN_POINT('Origin',(-15.7928932188135,34.16,10.7928932188135));
#3612=CARTESIAN_POINT('',(-14.82,46.82,11.7657864376269));
#3613=CARTESIAN_POINT('',(-17.2928932188135,46.82,9.29289321881345));
#3614=CARTESIAN_POINT('',(-10.028595479209,42.028595479209,16.5571909584179));
#3615=CARTESIAN_POINT('Origin',(12.5000001862645,43.5000006482005,-2.25));
#3616=CARTESIAN_POINT('Origin',(11.82,46.82,10.7928932188135));
#3617=CARTESIAN_POINT('',(11.82,49.,9.58578643762691));
#3618=CARTESIAN_POINT('Origin',(11.82,46.82,9.5857864376269));
#3619=CARTESIAN_POINT('',(11.82,49.2928932188135,9.29289321881345));
#3620=CARTESIAN_POINT('Origin',(5.16,47.7928932188134,10.7928932188135));
#3621=CARTESIAN_POINT('',(-14.82,49.,9.5857864376269));
#3622=CARTESIAN_POINT('',(-14.82,49.2928932188135,9.29289321881345));
#3623=CARTESIAN_POINT('',(8.49,49.,9.5857864376269));
#3624=CARTESIAN_POINT('Origin',(-14.82,46.82,10.7928932188135));
#3625=CARTESIAN_POINT('Origin',(-14.82,46.82,9.5857864376269));
#3626=CARTESIAN_POINT('Origin',(-14.82,-3.81999999999999,10.7928932188135));
#3627=CARTESIAN_POINT('',(-14.82,-6.29289321881345,9.29289321881345));
#3628=CARTESIAN_POINT('Origin',(-8.16,-4.79289321881345,10.7928932188135));
#3629=CARTESIAN_POINT('',(11.82,-6.29289321881344,9.29289321881345));
#3630=CARTESIAN_POINT('Origin',(11.82,-3.81999999999999,10.7928932188135));
#3631=CARTESIAN_POINT('Origin',(-14.82,46.82,0.));
#3632=CARTESIAN_POINT('',(-14.82,49.,0.));
#3633=CARTESIAN_POINT('Origin',(11.82,49.,0.));
#3634=CARTESIAN_POINT('',(11.82,49.,0.));
#3635=CARTESIAN_POINT('Origin',(11.82,46.82,0.));
#3636=CARTESIAN_POINT('Origin',(13.5,8.84,11.5));
#3637=CARTESIAN_POINT('',(15.,-3.82,10.));
#3638=CARTESIAN_POINT('',(12.,-3.82,13.));
#3639=CARTESIAN_POINT('',(15.,46.82,10.));
#3640=CARTESIAN_POINT('',(15.,8.84,10.));
#3641=CARTESIAN_POINT('',(15.,46.82,10.));
#3642=CARTESIAN_POINT('Origin',(-1.5,21.5,13.));
#3643=CARTESIAN_POINT('Origin',(-16.5,34.16,11.5));
#3644=CARTESIAN_POINT('',(-18.,46.82,10.));
#3645=CARTESIAN_POINT('',(-18.,46.82,10.));
#3646=CARTESIAN_POINT('',(-18.,-3.81999999999999,10.));
#3647=CARTESIAN_POINT('',(-18.,34.16,10.));
#3648=CARTESIAN_POINT('',(-18.,-3.81999999999999,10.));
#3649=CARTESIAN_POINT('Origin',(11.82,46.82,11.5));
#3650=CARTESIAN_POINT('',(11.82,50.,10.));
#3651=CARTESIAN_POINT('',(11.82,50.,10.));
#3652=CARTESIAN_POINT('Origin',(11.82,46.82,10.));
#3653=CARTESIAN_POINT('Origin',(5.16,48.5,11.5));
#3654=CARTESIAN_POINT('',(-14.82,50.,10.));
#3655=CARTESIAN_POINT('',(-14.82,50.,10.));
#3656=CARTESIAN_POINT('',(5.16,50.,10.));
#3657=CARTESIAN_POINT('Origin',(-14.82,46.82,11.5));
#3658=CARTESIAN_POINT('Origin',(-14.82,46.82,10.));
#3659=CARTESIAN_POINT('Origin',(-14.82,-3.81999999999999,11.5));
#3660=CARTESIAN_POINT('',(-14.82,-6.99999999999999,10.));
#3661=CARTESIAN_POINT('',(-14.82,-6.99999999999999,10.));
#3662=CARTESIAN_POINT('Origin',(-14.82,-3.81999999999999,10.));
#3663=CARTESIAN_POINT('Origin',(-8.16,-5.49999999999999,11.5));
#3664=CARTESIAN_POINT('',(11.82,-6.99999999999999,10.));
#3665=CARTESIAN_POINT('',(11.82,-6.99999999999999,10.));
#3666=CARTESIAN_POINT('',(-8.16,-6.99999999999999,10.));
#3667=CARTESIAN_POINT('Origin',(11.82,-3.81999999999999,11.5));
#3668=CARTESIAN_POINT('Origin',(11.82,-3.81999999999999,10.));
#3669=CARTESIAN_POINT('Origin',(-14.82,46.82,0.));
#3670=CARTESIAN_POINT('',(-14.82,50.,0.));
#3671=CARTESIAN_POINT('',(-14.82,50.,0.));
#3672=CARTESIAN_POINT('',(-18.,46.82,0.));
#3673=CARTESIAN_POINT('Origin',(-14.82,46.82,0.));
#3674=CARTESIAN_POINT('',(-18.,46.82,0.));
#3675=CARTESIAN_POINT('Origin',(11.82,50.,0.));
#3676=CARTESIAN_POINT('',(11.82,50.,0.));
#3677=CARTESIAN_POINT('',(11.82,50.,0.));
#3678=CARTESIAN_POINT('',(-14.82,50.,0.));
#3679=CARTESIAN_POINT('Origin',(11.82,46.82,0.));
#3680=CARTESIAN_POINT('',(15.,46.82,0.));
#3681=CARTESIAN_POINT('',(15.,46.82,0.));
#3682=CARTESIAN_POINT('Origin',(11.82,46.82,0.));
#3683=CARTESIAN_POINT('Origin',(15.,-3.82,0.));
#3684=CARTESIAN_POINT('',(15.,-3.82,0.));
#3685=CARTESIAN_POINT('',(15.,-3.82,0.));
#3686=CARTESIAN_POINT('',(15.,46.82,0.));
#3687=CARTESIAN_POINT('Origin',(11.82,-3.81999999999999,0.));
#3688=CARTESIAN_POINT('',(11.82,-6.99999999999999,0.));
#3689=CARTESIAN_POINT('',(11.82,-6.99999999999999,0.));
#3690=CARTESIAN_POINT('Origin',(11.82,-3.81999999999999,0.));
#3691=CARTESIAN_POINT('Origin',(-14.82,-6.99999999999999,0.));
#3692=CARTESIAN_POINT('',(-14.82,-6.99999999999999,0.));
#3693=CARTESIAN_POINT('',(-14.82,-6.99999999999999,0.));
#3694=CARTESIAN_POINT('',(11.82,-6.99999999999999,0.));
#3695=CARTESIAN_POINT('Origin',(-14.82,-3.81999999999999,0.));
#3696=CARTESIAN_POINT('',(-18.,-3.81999999999999,0.));
#3697=CARTESIAN_POINT('',(-18.,-3.81999999999999,0.));
#3698=CARTESIAN_POINT('Origin',(-14.82,-3.81999999999999,0.));
#3699=CARTESIAN_POINT('Origin',(-18.,46.82,0.));
#3700=CARTESIAN_POINT('',(-18.,-3.81999999999999,0.));
#3701=CARTESIAN_POINT('Origin',(-1.5,21.5,0.));
#3702=UNCERTAINTY_MEASURE_WITH_UNIT(LENGTH_MEASURE(0.01),#3706,
'DISTANCE_ACCURACY_VALUE',
'Maximum model space distance between geometric entities at asserted c
onnectivities');
#3703=UNCERTAINTY_MEASURE_WITH_UNIT(LENGTH_MEASURE(0.01),#3706,
'DISTANCE_ACCURACY_VALUE',
'Maximum model space distance between geometric entities at asserted c
onnectivities');
#3704=(
GEOMETRIC_REPRESENTATION_CONTEXT(3)
GLOBAL_UNCERTAINTY_ASSIGNED_CONTEXT((#3702))
GLOBAL_UNIT_ASSIGNED_CONTEXT((#3706,#3708,#3709))
REPRESENTATION_CONTEXT('','3D')
);
#3705=(
GEOMETRIC_REPRESENTATION_CONTEXT(3)
GLOBAL_UNCERTAINTY_ASSIGNED_CONTEXT((#3703))
GLOBAL_UNIT_ASSIGNED_CONTEXT((#3706,#3708,#3709))
REPRESENTATION_CONTEXT('','3D')
);
#3706=(
LENGTH_UNIT()
NAMED_UNIT(*)
SI_UNIT(.MILLI.,.METRE.)
);
#3707=(
LENGTH_UNIT()
NAMED_UNIT(*)
SI_UNIT($,.METRE.)
);
#3708=(
NAMED_UNIT(*)
PLANE_ANGLE_UNIT()
SI_UNIT($,.RADIAN.)
);
#3709=(
NAMED_UNIT(*)
SI_UNIT($,.STERADIAN.)
SOLID_ANGLE_UNIT()
);
#3710=SHAPE_DEFINITION_REPRESENTATION(#3711,#3712);
#3711=PRODUCT_DEFINITION_SHAPE('',$,#3714);
#3712=SHAPE_REPRESENTATION('',(#2098),#3704);
#3713=PRODUCT_DEFINITION_CONTEXT('part definition',#3718,'design');
#3714=PRODUCT_DEFINITION('Modified_Case','Modified_Case v11',#3715,#3713);
#3715=PRODUCT_DEFINITION_FORMATION('',$,#3720);
#3716=PRODUCT_RELATED_PRODUCT_CATEGORY('Modified_Case v11',
'Modified_Case v11',(#3720));
#3717=APPLICATION_PROTOCOL_DEFINITION('international standard',
'automotive_design',2009,#3718);
#3718=APPLICATION_CONTEXT(
'Core Data for Automotive Mechanical Design Process');
#3719=PRODUCT_CONTEXT('part definition',#3718,'mechanical');
#3720=PRODUCT('Modified_Case','Modified_Case v11',$,(#3719));
#3721=PRESENTATION_STYLE_ASSIGNMENT((#3722));
#3722=SURFACE_STYLE_USAGE(.BOTH.,#3723);
#3723=SURFACE_SIDE_STYLE('',(#3724));
#3724=SURFACE_STYLE_FILL_AREA(#3725);
#3725=FILL_AREA_STYLE('Steel - Satin',(#3726));
#3726=FILL_AREA_STYLE_COLOUR('Steel - Satin',#3727);
#3727=COLOUR_RGB('Steel - Satin',0.627450980392157,0.627450980392157,0.627450980392157);
ENDSEC;
END-ISO-10303-21;
